system:index,GridID,IVS_year,annual_ndvi_mean,cloud_mask_method,core_default,run_uid,s2_valid_frac,s2_valid_observations_mean,source_scene_count,vegetation_ndvi_threshold,vegetation_support_frac,x_utm,y_utm,year,.geo
0,0000000000000000000a,0.970565277493121,0.0201656922048067,SCL_2_4_5_6,UU,20260919_revision_master_v02,0.99166466801461,23.17311541463709,81,0.2,0.0294347225068789,286634.95566845924,4080045.026200996,2017.0,"{""type"":""MultiPoint"",""coordinates"":[]}"
1,00000000000000000011,0.9472000069656984,0.0254113258319918,SCL_2_4_5_6,UU,20260919_revision_master_v02,0.99993013814779,22.03549023278491,81,0.2,0.0527999930343017,286935.020483312,4080345.090636145,2017.0,"{""type"":""MultiPoint"",""coordinates"":[]}"
2,0000000000000000001c,0.669338441778958,0.1643773317701719,SCL_2_4_5_6,UU,20260919_revision_master_v02,1.0,22.708161177264515,81,0.2,0.330661558221042,286935.01997783885,4080644.905365138,2017.0,"{""type"":""MultiPoint"",""coordinates"":[]}"
3,0000000000000000001d,0.6062849965984616,0.1896108384459686,SCL_2_4_5_6,UU,20260919_revision_master_v02,0.9999299512265571,22.989101993824875,81,0.2,0.3937150034015384,287235.08465506026,4080644.9056242607,2017.0,"{""type"":""MultiPoint"",""coordinates"":[]}"
4,00000000000000000023,0.6377860048926625,0.17760377515469,SCL_2_4_5_6,UU,20260919_revision_master_v02,0.991662551828618,26.88309066251536,81,0.2,0.3622139951073375,301035.07867848367,4080644.905498733,2017.0,"{""type"":""MultiPoint"",""coordinates"":[]}"
5,00000000000000000039,0.5628151003960018,0.2169476285438378,SCL_2_4_5_6,UU,20260919_revision_master_v02,1.0,27.672212724386345,81,0.2,0.4371848996039982,300434.949662598,4080944.974459088,2017.0,"{""type"":""MultiPoint"",""coordinates"":[]}"
6,0000000000000000003e,0.5404985782321234,0.2268019503741935,SCL_2_4_5_6,UU,20260919_revision_master_v02,0.9917325386679552,28.895814071140705,81,0.2,0.4595014217678766,301935.0265106149,4080944.969644813,2017.0,"{""type"":""MultiPoint"",""coordinates"":[]}"
7,0000000000000000006a,0.7126250114289943,0.1680725726904995,SCL_2_4_5_6,UU,20260919_revision_master_v02,1.0,23.628403119135843,81,0.2,0.2873749885710057,286035.0733431746,4081544.85041901,2017.0,"{""type"":""MultiPoint"",""coordinates"":[]}"
8,0000000000000000006e,0.5996084125883581,0.1971346150802973,SCL_2_4_5_6,UU,20260919_revision_master_v02,1.0,24.5797455990023,81,0.2,0.4003915874116419,287235.08267244144,4081544.851182784,2017.0,"{""type"":""MultiPoint"",""coordinates"":[]}"
9,000000000000000001da,0.4587469253179354,0.2422136162316562,SCL_2_4_5_6,UU,20260919_revision_master_v02,1.0,17.375896237112496,81,0.2,0.5412530746820646,290834.8680666802,4083944.871863891,2017.0,"{""type"":""MultiPoint"",""coordinates"":[]}"
10,00000000000000000218,0.7043532864412767,0.1673956482534495,SCL_2_4_5_6,UU,20260919_revision_master_v02,1.0,13.530265435786491,81,0.2,0.2956467135587232,296235.03785798594,4084244.940030304,2017.0,"{""type"":""MultiPoint"",""coordinates"":[]}"
11,00000000000000000299,0.723627323351286,0.1619225006073167,SCL_2_4_5_6,UU,20260919_revision_master_v02,1.0,13.661540671981337,81,0.2,0.276372676648714,296834.91778699553,4084845.0654568034,2017.0,"{""type"":""MultiPoint"",""coordinates"":[]}"
12,000000000000000002d7,0.8642116674866445,0.1049893342490876,SCL_2_4_5_6,UU,20260919_revision_master_v02,1.0,13.543958795024412,81,0.2,0.1357883325133555,295035.02523789974,4085145.132636897,2017.0,"{""type"":""MultiPoint"",""coordinates"":[]}"
13,000000000000000002d8,0.914737539905448,0.0831085614554453,SCL_2_4_5_6,UU,20260919_revision_master_v02,1.0,13.4148901836959,81,0.2,0.0852624600945519,295335.0900936085,4085145.13119446,2017.0,"{""type"":""MultiPoint"",""coordinates"":[]}"
14,000000000000000002db,0.7869231339476106,0.1231110342240587,SCL_2_4_5_6,UU,20260919_revision_master_v02,1.0,13.74120119832025,81,0.2,0.2130768660523894,296235.0381806832,4085145.131438402,2017.0,"{""type"":""MultiPoint"",""coordinates"":[]}"
15,0000000000000000035b,0.7401653786438255,0.1509141031790009,SCL_2_4_5_6,UU,20260919_revision_master_v02,1.0,13.45004622926223,81,0.2,0.2598346213561745,293835.01679072395,4085745.013109906,2017.0,"{""type"":""MultiPoint"",""coordinates"":[]}"
16,0000000000000000035f,0.9505226814581964,0.050004266393044,SCL_2_4_5_6,UU,20260919_revision_master_v02,1.0,13.335587183963858,81,0.2,0.0494773185418036,295035.0260554798,4085745.013937802,2017.0,"{""type"":""MultiPoint"",""coordinates"":[]}"
17,0000000000000000037d,1.0,-0.0093430843100528,SCL_2_4_5_6,UU,20260919_revision_master_v02,1.0,27.00888180666404,81,0.2,0.0,304034.98242015013,4085745.012350288,2017.0,"{""type"":""MultiPoint"",""coordinates"":[]}"
18,0000000000000000039d,0.7688885787554735,0.137233043903746,SCL_2_4_5_6,UU,20260919_revision_master_v02,1.0,13.46681960120718,81,0.2,0.2311114212445265,293234.88892913825,4086045.0764943664,2017.0,"{""type"":""MultiPoint"",""coordinates"":[]}"
19,000000000000000003df,0.766147536344202,0.1419288650995265,SCL_2_4_5_6,UU,20260919_revision_master_v02,1.0,15.638151507103393,81,0.2,0.233852463655798,292635.0078285741,4086344.894468029,2017.0,"{""type"":""MultiPoint"",""coordinates"":[]}"
20,00000000000000000426,0.7827421510703976,0.142167886631832,SCL_2_4_5_6,UU,20260919_revision_master_v02,1.0,13.604804054318825,81,0.2,0.2172578489296024,293534.95183232264,4086644.958564298,2017.0,"{""type"":""MultiPoint"",""coordinates"":[]}"
21,0000000000000000046b,0.819178165832214,0.1191655838005721,SCL_2_4_5_6,UU,20260919_revision_master_v02,1.0,13.459579924288676,81,0.2,0.1808218341677859,293835.01566265494,4086945.023721622,2017.0,"{""type"":""MultiPoint"",""coordinates"":[]}"
22,0000000000000000046c,0.8185902934094975,0.126287379968712,SCL_2_4_5_6,UU,20260919_revision_master_v02,1.0,13.751030786445428,81,0.2,0.1814097065905024,294135.08171080984,4086945.019963632,2017.0,"{""type"":""MultiPoint"",""coordinates"":[]}"
23,0000000000000000046d,0.7863728346388013,0.1057975569056827,SCL_2_4_5_6,UU,20260919_revision_master_v02,1.0,13.426940320639192,81,0.2,0.2136271653611987,294435.14685534814,4086945.0215601833,2017.0,"{""type"":""MultiPoint"",""coordinates"":[]}"
24,0000000000000000046e,0.6754767334871208,0.1809122812438236,SCL_2_4_5_6,UU,20260919_revision_master_v02,1.0,13.50500390282616,81,0.2,0.3245232665128791,294734.96350772865,4086945.022233534,2017.0,"{""type"":""MultiPoint"",""coordinates"":[]}"
25,000000000000000004a4,0.8809073146904385,0.09693566235537,SCL_2_4_5_6,UU,20260919_revision_master_v02,1.0,23.67240898068836,81,0.2,0.1190926853095615,290535.05060063256,4087245.086313822,2017.0,"{""type"":""MultiPoint"",""coordinates"":[]}"
26,000000000000000004ae,0.7758935218847007,0.1435821627191732,SCL_2_4_5_6,UU,20260919_revision_master_v02,1.0,13.647498051645549,81,0.2,0.2241064781152992,293534.9524308236,4087245.090239986,2017.0,"{""type"":""MultiPoint"",""coordinates"":[]}"
27,000000000000000004b2,0.8232870081675905,0.1085344091419644,SCL_2_4_5_6,UU,20260919_revision_master_v02,1.0,13.496727294927194,81,0.2,0.1767129918324095,294734.96372201125,4087245.0888285786,2017.0,"{""type"":""MultiPoint"",""coordinates"":[]}"
28,000000000000000004d1,0.9461136512083606,0.0303229849758272,SCL_2_4_5_6,UU,20260919_revision_master_v02,1.0,27.44333986501203,81,0.2,0.0538863487916394,304034.9796538101,4087245.088334608,2017.0,"{""type"":""MultiPoint"",""coordinates"":[]}"
29,000000000000000004d7,0.0,0.6547300902354821,SCL_2_4_5_6,FF,20260919_revision_master_v02,0.9916836066840228,25.99889411836415,81,0.2,1.0,285434.9441558185,4087545.149817016,2017.0,"{""type"":""MultiPoint"",""coordinates"":[]}"
30,000000000000000004f3,0.7780559286848212,0.1333391312493271,SCL_2_4_5_6,UU,20260919_revision_master_v02,1.0,13.409887828620253,81,0.2,0.2219440713151787,293835.0174487109,4087545.15356378,2017.0,"{""type"":""MultiPoint"",""coordinates"":[]}"
31,000000000000000004f4,0.7926715111089825,0.1344375556737982,SCL_2_4_5_6,UU,20260919_revision_master_v02,1.0,13.462593445634996,81,0.2,0.2073284888910175,294135.08252434933,4087545.152299524,2017.0,"{""type"":""MultiPoint"",""coordinates"":[]}"
32,000000000000000004fb,0.7922039412003263,0.1547070934760601,SCL_2_4_5_6,UU,20260919_revision_master_v02,1.0,13.912188591537609,81,0.2,0.2077960587996737,296235.0366642379,4087545.153704573,2017.0,"{""type"":""MultiPoint"",""coordinates"":[]}"
33,00000000000000000515,1.0,-0.0169219402351437,SCL_2_4_5_6,UU,20260919_revision_master_v02,1.0,27.04996059409304,81,0.2,0.0,304034.9813757702,4087545.1553938673,2017.0,"{""type"":""MultiPoint"",""coordinates"":[]}"
34,00000000000000000524,0.0016659979414894,0.6847545024895089,SCL_2_4_5_6,FF,20260919_revision_master_v02,1.0,25.841642970535396,81,0.2,0.9983340020585104,288135.0300287467,4087844.9693724914,2017.0,"{""type"":""MultiPoint"",""coordinates"":[]}"
35,00000000000000000525,0.0,0.7056547884751322,SCL_2_4_5_6,FF,20260919_revision_master_v02,1.0,25.769913662111097,81,0.2,1.0,288435.09400367155,4087844.968850794,2017.0,"{""type"":""MultiPoint"",""coordinates"":[]}"
36,00000000000000000535,0.8317990135581248,0.1218913496344697,SCL_2_4_5_6,UU,20260919_revision_master_v02,1.0,14.902480931843035,81,0.2,0.1682009864418752,293234.8892948396,4087844.968135716,2017.0,"{""type"":""MultiPoint"",""coordinates"":[]}"
37,00000000000000000537,0.7574621007274568,0.1427734702650416,SCL_2_4_5_6,UU,20260919_revision_master_v02,1.0,13.711267728485934,81,0.2,0.2425378992725431,293835.01655497827,4087844.969251283,2017.0,"{""type"":""MultiPoint"",""coordinates"":[]}"
38,00000000000000000559,0.9785997300474594,-0.0092939115489168,SCL_2_4_5_6,UU,20260919_revision_master_v02,1.0,27.04639265032442,81,0.2,0.0214002699525406,304034.981257388,4087844.9701351128,2017.0,"{""type"":""MultiPoint"",""coordinates"":[]}"
39,00000000000000000568,0.0,0.7088859344842359,SCL_2_4_5_6,FF,20260919_revision_master_v02,1.0,25.737998415172616,81,0.2,1.0,288435.0943749071,4088145.033581007,2017.0,"{""type"":""MultiPoint"",""coordinates"":[]}"
40,00000000000000000579,0.716650484802835,0.1485090197630319,SCL_2_4_5_6,UU,20260919_revision_master_v02,1.0,13.858573412689784,81,0.2,0.2833495151971649,293534.9521247628,4088145.035675985,2017.0,"{""type"":""MultiPoint"",""coordinates"":[]}"
41,000000000000000005a3,0.0,0.6592152211197468,SCL_2_4_5_6,FF,20260919_revision_master_v02,0.9999310481442052,25.98641612447453,81,0.2,1.0,286634.9558575192,4088445.097630976,2017.0,"{""type"":""MultiPoint"",""coordinates"":[]}"
42,000000000000000005a4,0.0005530034181707721,0.6245491716921605,SCL_2_4_5_6,FF,20260919_revision_master_v02,1.0,25.94670266268975,81,0.2,0.9994469965818292,286935.0191709242,4088445.099506435,2017.0,"{""type"":""MultiPoint"",""coordinates"":[]}"
43,000000000000000005a6,0.0544894719397099,0.6114222534063454,SCL_2_4_5_6,FF,20260919_revision_master_v02,1.0,25.850753624199704,81,0.2,0.94551052806029,287534.9011727517,4088445.0991187305,2017.0,"{""type"":""MultiPoint"",""coordinates"":[]}"
44,000000000000000005a7,0.0,0.7022372103206724,SCL_2_4_5_6,FF,20260919_revision_master_v02,1.0,25.97890987935444,81,0.2,1.0,287834.96613447217,4088445.098658019,2017.0,"{""type"":""MultiPoint"",""coordinates"":[]}"
45,000000000000000005a8,0.0,0.6875458564171351,SCL_2_4_5_6,FF,20260919_revision_master_v02,1.0,25.931057642405143,81,0.2,1.0,288135.0297317407,4088445.097235405,2017.0,"{""type"":""MultiPoint"",""coordinates"":[]}"
46,000000000000000005a9,0.0560959256001878,0.7459652339070904,SCL_2_4_5_6,FF,20260919_revision_master_v02,1.0,25.984360713694898,81,0.2,0.9439040743998122,288435.094915502,4088445.097874347,2017.0,"{""type"":""MultiPoint"",""coordinates"":[]}"
47,000000000000000005ac,0.9207727239083772,0.0347060040913356,SCL_2_4_5_6,UU,20260919_revision_master_v02,1.0,23.87404704786203,81,0.2,0.0792272760916227,289335.0371440579,4088445.0997957634,2017.0,"{""type"":""MultiPoint"",""coordinates"":[]}"
48,000000000000000005ae,0.9314024323770402,0.0634424705818375,SCL_2_4_5_6,UU,20260919_revision_master_v02,1.0,23.039699463202517,81,0.2,0.0685975676229597,289934.9191903508,4088445.097208524,2017.0,"{""type"":""MultiPoint"",""coordinates"":[]}"
49,000000000000000005cc,0.967910333849408,0.0287684711594967,SCL_2_4_5_6,UU,20260919_revision_master_v02,1.0,13.98001264746288,81,0.2,0.032089666150592,298934.87528426,4088445.098043948,2017.0,"{""type"":""MultiPoint"",""coordinates"":[]}"
50,000000000000000005e5,0.0,0.6216723300318059,SCL_2_4_5_6,FF,20260919_revision_master_v02,1.0,25.865255556573075,81,0.2,1.0,287235.08342434105,4088744.913325972,2017.0,"{""type"":""MultiPoint"",""coordinates"":[]}"
51,000000000000000005e7,0.0245035505766693,0.6128760172054638,SCL_2_4_5_6,FF,20260919_revision_master_v02,1.0,25.798720834548817,81,0.2,0.9754964494233308,287834.9652405294,4088744.916696497,2017.0,"{""type"":""MultiPoint"",""coordinates"":[]}"
52,000000000000000005ee,0.877530818975855,0.0759110383195984,SCL_2_4_5_6,UU,20260919_revision_master_v02,1.0,23.033123585510367,81,0.2,0.1224691810241449,289934.9204357471,4088744.914393939,2017.0,"{""type"":""MultiPoint"",""coordinates"":[]}"
53,0000000000000000060c,0.9497241544734948,0.025241778365783,SCL_2_4_5_6,UU,20260919_revision_master_v02,1.0,13.756911402341943,81,0.2,0.0502758455265051,298934.8759095783,4088744.913670461,2017.0,"{""type"":""MultiPoint"",""coordinates"":[]}"
54,0000000000000000062d,0.8635985051652036,0.0613799553233814,SCL_2_4_5_6,UU,20260919_revision_master_v02,1.0,23.092031763059044,81,0.2,0.1364014948347963,289934.92131234845,4089044.98030659,2017.0,"{""type"":""MultiPoint"",""coordinates"":[]}"
55,0000000000000000065e,0.0,0.8348872365142649,SCL_2_4_5_6,FF,20260919_revision_master_v02,1.0,29.805086963348018,81,0.2,1.0,304634.86369359423,4089044.979222061,2017.0,"{""type"":""MultiPoint"",""coordinates"":[]}"
56,00000000000000000662,0.0233339002193412,0.5888543220549223,SCL_2_4_5_6,FF,20260919_revision_master_v02,0.9835419739169337,25.324947781077363,81,0.2,0.9766660997806588,287235.0826540046,4089345.045039994,2017.0,"{""type"":""MultiPoint"",""coordinates"":[]}"
57,00000000000000000663,0.0283394100099436,0.6507962023970916,SCL_2_4_5_6,FF,20260919_revision_master_v02,0.9999299463385526,25.61928458036041,81,0.2,0.9716605899900564,287534.9010000072,4089345.044494125,2017.0,"{""type"":""MultiPoint"",""coordinates"":[]}"
58,000000000000000006aa,0.0701201960818521,0.6442913016254035,SCL_2_4_5_6,FF,20260919_revision_master_v02,1.0,25.008037785879985,81,0.2,0.9298798039181478,290535.0501325752,4089644.858763176,2017.0,"{""type"":""MultiPoint"",""coordinates"":[]}"
59,000000000000000006ad,0.0,0.6957159714747276,SCL_2_4_5_6,FF,20260919_revision_master_v02,1.0,25.566955778530737,81,0.2,1.0,291434.9972657905,4089644.859494724,2017.0,"{""type"":""MultiPoint"",""coordinates"":[]}"
60,000000000000000006bb,0.755573678977025,0.150340004077046,SCL_2_4_5_6,UU,20260919_revision_master_v02,1.0,13.697974634963256,81,0.2,0.2444263210229749,295634.9079022333,4089644.861201425,2017.0,"{""type"":""MultiPoint"",""coordinates"":[]}"
61,000000000000000006e6,0.944505157197654,0.0232507271842706,SCL_2_4_5_6,UU,20260919_revision_master_v02,1.0,23.340993299343857,81,0.2,0.0554948428023459,290234.9882512881,4089944.925195335,2017.0,"{""type"":""MultiPoint"",""coordinates"":[]}"
62,000000000000000006e7,0.8174554716257001,0.118176411730605,SCL_2_4_5_6,UU,20260919_revision_master_v02,1.0,23.592650419552346,81,0.2,0.1825445283742999,290535.05208608165,4089944.9243447552,2017.0,"{""type"":""MultiPoint"",""coordinates"":[]}"
63,000000000000000006f8,0.7514653803883259,0.1498426498342279,SCL_2_4_5_6,UU,20260919_revision_master_v02,1.0,14.221887375050123,81,0.2,0.248534619611674,295634.9090373492,4089944.926146878,2017.0,"{""type"":""MultiPoint"",""coordinates"":[]}"
64,0000000000000000000a,0.9905808887977988,0.0218896570581434,SCL_2_4_5_6,UU,20260919_revision_master_v02,0.99166466801461,12.389759332987374,103,0.2,0.0094191112022012,286634.95566845924,4080045.026200996,2018.0,"{""type"":""MultiPoint"",""coordinates"":[]}"
65,00000000000000000011,0.9610922214917912,0.027552360622357,SCL_2_4_5_6,UU,20260919_revision_master_v02,0.99993013814779,11.336286499170669,103,0.2,0.0389077785082086,286935.020483312,4080345.090636145,2018.0,"{""type"":""MultiPoint"",""coordinates"":[]}"
66,0000000000000000001c,0.7062368025774429,0.1571653459478452,SCL_2_4_5_6,UU,20260919_revision_master_v02,1.0,12.585845832335592,103,0.2,0.2937631974225571,286935.01997783885,4080644.905365138,2018.0,"{""type"":""MultiPoint"",""coordinates"":[]}"
67,0000000000000000001d,0.5762860432257053,0.190021542175181,SCL_2_4_5_6,UU,20260919_revision_master_v02,0.9999299512265571,14.725277792314255,103,0.2,0.4237139567742947,287235.08465506026,4080644.9056242607,2018.0,"{""type"":""MultiPoint"",""coordinates"":[]}"
68,00000000000000000023,0.6194537835280371,0.1815585914870034,SCL_2_4_5_6,UU,20260919_revision_master_v02,0.991662551828618,18.93334728745044,103,0.2,0.3805462164719629,301035.07867848367,4080644.905498733,2018.0,"{""type"":""MultiPoint"",""coordinates"":[]}"
69,00000000000000000039,0.5644462083282455,0.210679312001054,SCL_2_4_5_6,UU,20260919_revision_master_v02,1.0,16.962327512516776,103,0.2,0.4355537916717545,300434.949662598,4080944.974459088,2018.0,"{""type"":""MultiPoint"",""coordinates"":[]}"
70,0000000000000000003e,0.5268783908727737,0.2241075022318125,SCL_2_4_5_6,UU,20260919_revision_master_v02,0.9917325386679552,25.308440765486807,103,0.2,0.4731216091272263,301935.0265106149,4080944.969644813,2018.0,"{""type"":""MultiPoint"",""coordinates"":[]}"
71,0000000000000000006a,0.7294136599340817,0.1653124703621901,SCL_2_4_5_6,UU,20260919_revision_master_v02,1.0,15.870959034130248,103,0.2,0.2705863400659182,286035.0733431746,4081544.85041901,2018.0,"{""type"":""MultiPoint"",""coordinates"":[]}"
72,0000000000000000006e,0.5617971158584182,0.2107065675933237,SCL_2_4_5_6,UU,20260919_revision_master_v02,1.0,22.39972440618691,103,0.2,0.4382028841415818,287235.08267244144,4081544.851182784,2018.0,"{""type"":""MultiPoint"",""coordinates"":[]}"
73,000000000000000001da,0.4597151230745075,0.2355495162619895,SCL_2_4_5_6,UU,20260919_revision_master_v02,1.0,19.48592624252045,103,0.2,0.5402848769254924,290834.8680666802,4083944.871863891,2018.0,"{""type"":""MultiPoint"",""coordinates"":[]}"
74,00000000000000000218,0.6921215239773071,0.1625875102571439,SCL_2_4_5_6,UU,20260919_revision_master_v02,1.0,7.863121999293547,103,0.2,0.3078784760226929,296235.03785798594,4084244.940030304,2018.0,"{""type"":""MultiPoint"",""coordinates"":[]}"
75,00000000000000000299,0.7613495356562855,0.1398631055934298,SCL_2_4_5_6,UU,20260919_revision_master_v02,1.0,8.70814484563238,103,0.2,0.2386504643437144,296834.91778699553,4084845.0654568034,2018.0,"{""type"":""MultiPoint"",""coordinates"":[]}"
76,000000000000000002d7,0.8772558461518366,0.0949460225813189,SCL_2_4_5_6,UU,20260919_revision_master_v02,1.0,7.905133641877209,103,0.2,0.1227441538481633,295035.02523789974,4085145.132636897,2018.0,"{""type"":""MultiPoint"",""coordinates"":[]}"
77,000000000000000002d8,0.9214102541737174,0.0762720017041256,SCL_2_4_5_6,UU,20260919_revision_master_v02,1.0,6.99039652495506,103,0.2,0.0785897458262826,295335.0900936085,4085145.13119446,2018.0,"{""type"":""MultiPoint"",""coordinates"":[]}"
78,000000000000000002db,0.8180280044130281,0.1100702607019196,SCL_2_4_5_6,UU,20260919_revision_master_v02,1.0,9.0905063208341,103,0.2,0.1819719955869719,296235.0381806832,4085145.131438402,2018.0,"{""type"":""MultiPoint"",""coordinates"":[]}"
79,0000000000000000035b,0.7534759171711182,0.1430448332350621,SCL_2_4_5_6,UU,20260919_revision_master_v02,1.0,7.048758787921063,103,0.2,0.2465240828288818,293835.01679072395,4085745.013109906,2018.0,"{""type"":""MultiPoint"",""coordinates"":[]}"
80,0000000000000000035f,0.9613507429870124,0.0528808985480817,SCL_2_4_5_6,UU,20260919_revision_master_v02,1.0,6.177023785162897,103,0.2,0.0386492570129875,295035.0260554798,4085745.013937802,2018.0,"{""type"":""MultiPoint"",""coordinates"":[]}"
81,0000000000000000037d,1.0,0.003926176874901,SCL_2_4_5_6,UU,20260919_revision_master_v02,1.0,7.06345267172581,103,0.2,0.0,304034.98242015013,4085745.012350288,2018.0,"{""type"":""MultiPoint"",""coordinates"":[]}"
82,0000000000000000039d,0.7556172914885824,0.1403176661576327,SCL_2_4_5_6,UU,20260919_revision_master_v02,1.0,7.249947664986116,103,0.2,0.2443827085114176,293234.88892913825,4086045.0764943664,2018.0,"{""type"":""MultiPoint"",""coordinates"":[]}"
83,000000000000000003df,0.7655466977825572,0.1447504724985001,SCL_2_4_5_6,UU,20260919_revision_master_v02,1.0,9.20663186447172,103,0.2,0.2344533022174428,292635.0078285741,4086344.894468029,2018.0,"{""type"":""MultiPoint"",""coordinates"":[]}"
84,00000000000000000426,0.7519472659906565,0.1449531015996651,SCL_2_4_5_6,UU,20260919_revision_master_v02,1.0,7.509071277119134,103,0.2,0.2480527340093435,293534.95183232264,4086644.958564298,2018.0,"{""type"":""MultiPoint"",""coordinates"":[]}"
85,0000000000000000046b,0.8155670498752683,0.1162944599063061,SCL_2_4_5_6,UU,20260919_revision_master_v02,1.0,6.935457844146307,103,0.2,0.1844329501247316,293835.01566265494,4086945.023721622,2018.0,"{""type"":""MultiPoint"",""coordinates"":[]}"
86,0000000000000000046c,0.8588464770396945,0.1108101748715,SCL_2_4_5_6,UU,20260919_revision_master_v02,1.0,9.2719142803652,103,0.2,0.1411535229603055,294135.08171080984,4086945.019963632,2018.0,"{""type"":""MultiPoint"",""coordinates"":[]}"
87,0000000000000000046d,0.8072021701585752,0.0914186662608795,SCL_2_4_5_6,UU,20260919_revision_master_v02,1.0,6.8270240566613705,103,0.2,0.1927978298414248,294435.14685534814,4086945.0215601833,2018.0,"{""type"":""MultiPoint"",""coordinates"":[]}"
88,0000000000000000046e,0.6843638393343829,0.1599456278381706,SCL_2_4_5_6,UU,20260919_revision_master_v02,1.0,7.192520527993497,103,0.2,0.3156361606656171,294734.96350772865,4086945.022233534,2018.0,"{""type"":""MultiPoint"",""coordinates"":[]}"
89,000000000000000004a4,0.8803185457844147,0.102121920718077,SCL_2_4_5_6,UU,20260919_revision_master_v02,1.0,17.150755368700157,103,0.2,0.1196814542155853,290535.05060063256,4087245.086313822,2018.0,"{""type"":""MultiPoint"",""coordinates"":[]}"
90,000000000000000004ae,0.7650915835441329,0.1431681790417072,SCL_2_4_5_6,UU,20260919_revision_master_v02,1.0,8.43240842734053,103,0.2,0.2349084164558671,293534.9524308236,4087245.090239986,2018.0,"{""type"":""MultiPoint"",""coordinates"":[]}"
91,000000000000000004b2,0.8166543840293737,0.0989935356733499,SCL_2_4_5_6,UU,20260919_revision_master_v02,1.0,7.490238573876774,103,0.2,0.1833456159706262,294734.96372201125,4087245.0888285786,2018.0,"{""type"":""MultiPoint"",""coordinates"":[]}"
92,000000000000000004d1,0.9472240365774004,0.037296010050586,SCL_2_4_5_6,UU,20260919_revision_master_v02,1.0,13.31763117787939,103,0.2,0.0527759634225996,304034.9796538101,4087245.088334608,2018.0,"{""type"":""MultiPoint"",""coordinates"":[]}"
93,000000000000000004d7,0.0,0.636121755904284,SCL_2_4_5_6,FF,20260919_revision_master_v02,0.9916836066840228,30.919122609184036,103,0.2,1.0,285434.9441558185,4087545.149817016,2018.0,"{""type"":""MultiPoint"",""coordinates"":[]}"
94,000000000000000004f3,0.7627915496397608,0.1376083328262606,SCL_2_4_5_6,UU,20260919_revision_master_v02,1.0,7.443308096226641,103,0.2,0.2372084503602392,293835.0174487109,4087545.15356378,2018.0,"{""type"":""MultiPoint"",""coordinates"":[]}"
95,000000000000000004f4,0.7649893982471188,0.1406630224190682,SCL_2_4_5_6,UU,20260919_revision_master_v02,1.0,7.222288498295447,103,0.2,0.2350106017528812,294135.08252434933,4087545.152299524,2018.0,"{""type"":""MultiPoint"",""coordinates"":[]}"
96,000000000000000004fb,0.8172081928824662,0.1431785376828546,SCL_2_4_5_6,UU,20260919_revision_master_v02,1.0,10.834860304987329,103,0.2,0.1827918071175338,296235.0366642379,4087545.153704573,2018.0,"{""type"":""MultiPoint"",""coordinates"":[]}"
97,00000000000000000515,1.0,-0.0074080453920861,SCL_2_4_5_6,UU,20260919_revision_master_v02,1.0,8.931124570562705,103,0.2,0.0,304034.9813757702,4087545.1553938673,2018.0,"{""type"":""MultiPoint"",""coordinates"":[]}"
98,00000000000000000524,0.0172313033162955,0.5158103810943315,SCL_2_4_5_6,FF,20260919_revision_master_v02,1.0,31.97750902778988,103,0.2,0.9827686966837044,288135.0300287467,4087844.9693724914,2018.0,"{""type"":""MultiPoint"",""coordinates"":[]}"
99,00000000000000000525,0.0041928082236514,0.5592898792997214,SCL_2_4_5_6,FF,20260919_revision_master_v02,1.0,30.1577114146265,103,0.2,0.9958071917763486,288435.09400367155,4087844.968850794,2018.0,"{""type"":""MultiPoint"",""coordinates"":[]}"
100,00000000000000000535,0.8306477286107393,0.1280332563902916,SCL_2_4_5_6,UU,20260919_revision_master_v02,1.0,8.559672755975553,103,0.2,0.1693522713892606,293234.8892948396,4087844.968135716,2018.0,"{""type"":""MultiPoint"",""coordinates"":[]}"
101,00000000000000000537,0.7288130418854561,0.1490501772874151,SCL_2_4_5_6,UU,20260919_revision_master_v02,1.0,8.841189400415171,103,0.2,0.2711869581145438,293835.01655497827,4087844.969251283,2018.0,"{""type"":""MultiPoint"",""coordinates"":[]}"
102,00000000000000000559,0.985801367178996,-0.0107355505797462,SCL_2_4_5_6,UU,20260919_revision_master_v02,1.0,8.015587582183128,103,0.2,0.014198632821004,304034.981257388,4087844.9701351128,2018.0,"{""type"":""MultiPoint"",""coordinates"":[]}"
103,00000000000000000568,0.0,0.6228340786114538,SCL_2_4_5_6,FF,20260919_revision_master_v02,1.0,30.788826095664383,103,0.2,1.0,288435.0943749071,4088145.033581007,2018.0,"{""type"":""MultiPoint"",""coordinates"":[]}"
104,00000000000000000579,0.7277267166200075,0.1458832942301609,SCL_2_4_5_6,UU,20260919_revision_master_v02,1.0,8.978156660759923,103,0.2,0.2722732833799924,293534.9521247628,4088145.035675985,2018.0,"{""type"":""MultiPoint"",""coordinates"":[]}"
105,000000000000000005a3,0.0,0.6404260296009558,SCL_2_4_5_6,FF,20260919_revision_master_v02,0.9999310481442052,31.179198137068497,103,0.2,1.0,286634.9558575192,4088445.097630976,2018.0,"{""type"":""MultiPoint"",""coordinates"":[]}"
106,000000000000000005a4,0.0005530034181707721,0.6146909425572733,SCL_2_4_5_6,FF,20260919_revision_master_v02,1.0,31.334606257211888,103,0.2,0.9994469965818292,286935.0191709242,4088445.099506435,2018.0,"{""type"":""MultiPoint"",""coordinates"":[]}"
107,000000000000000005a6,0.047258517523507,0.5990475461352528,SCL_2_4_5_6,FF,20260919_revision_master_v02,1.0,30.406865481569305,103,0.2,0.9527414824764928,287534.9011727517,4088445.0991187305,2018.0,"{""type"":""MultiPoint"",""coordinates"":[]}"
108,000000000000000005a7,0.0,0.6809979231096482,SCL_2_4_5_6,FF,20260919_revision_master_v02,1.0,31.1194918169113,103,0.2,1.0,287834.96613447217,4088445.098658019,2018.0,"{""type"":""MultiPoint"",""coordinates"":[]}"
109,000000000000000005a8,0.0,0.6240166027385342,SCL_2_4_5_6,FF,20260919_revision_master_v02,1.0,31.2536100099,103,0.2,1.0,288135.0297317407,4088445.097235405,2018.0,"{""type"":""MultiPoint"",""coordinates"":[]}"
110,000000000000000005a9,0.0477451040151862,0.6861455863860674,SCL_2_4_5_6,FF,20260919_revision_master_v02,1.0,31.78519492506903,103,0.2,0.9522548959848136,288435.094915502,4088445.097874347,2018.0,"{""type"":""MultiPoint"",""coordinates"":[]}"
111,000000000000000005ac,0.9279609545412986,0.0424713473614783,SCL_2_4_5_6,UU,20260919_revision_master_v02,1.0,18.691890056208397,103,0.2,0.0720390454587014,289335.0371440579,4088445.0997957634,2018.0,"{""type"":""MultiPoint"",""coordinates"":[]}"
112,000000000000000005ae,0.935309585170262,0.0641319053557777,SCL_2_4_5_6,UU,20260919_revision_master_v02,1.0,13.885327681915888,103,0.2,0.0646904148297379,289934.9191903508,4088445.097208524,2018.0,"{""type"":""MultiPoint"",""coordinates"":[]}"
113,000000000000000005cc,0.9750670533592096,0.0240198669539547,SCL_2_4_5_6,UU,20260919_revision_master_v02,1.0,11.573937504088606,103,0.2,0.0249329466407902,298934.87528426,4088445.098043948,2018.0,"{""type"":""MultiPoint"",""coordinates"":[]}"
114,000000000000000005e5,0.0,0.6077879830568934,SCL_2_4_5_6,FF,20260919_revision_master_v02,1.0,31.489004591776656,103,0.2,1.0,287235.08342434105,4088744.913325972,2018.0,"{""type"":""MultiPoint"",""coordinates"":[]}"
115,000000000000000005e7,0.0094957789281655,0.5979615063562296,SCL_2_4_5_6,FF,20260919_revision_master_v02,1.0,31.5313978953418,103,0.2,0.9905042210718344,287834.9652405294,4088744.916696497,2018.0,"{""type"":""MultiPoint"",""coordinates"":[]}"
116,000000000000000005ee,0.9007818666248044,0.0750326165608516,SCL_2_4_5_6,UU,20260919_revision_master_v02,1.0,12.349428535297356,103,0.2,0.0992181333751956,289934.9204357471,4088744.914393939,2018.0,"{""type"":""MultiPoint"",""coordinates"":[]}"
117,0000000000000000060c,0.9563662530800934,0.0205207848727622,SCL_2_4_5_6,UU,20260919_revision_master_v02,1.0,10.3934276804989,103,0.2,0.0436337469199066,298934.8759095783,4088744.913670461,2018.0,"{""type"":""MultiPoint"",""coordinates"":[]}"
118,0000000000000000062d,0.8891301788307322,0.060191350967837,SCL_2_4_5_6,UU,20260919_revision_master_v02,1.0,11.886784142890148,103,0.2,0.1108698211692678,289934.92131234845,4089044.98030659,2018.0,"{""type"":""MultiPoint"",""coordinates"":[]}"
119,0000000000000000065e,0.0005277113898435326,0.7440590691519048,SCL_2_4_5_6,FF,20260919_revision_master_v02,1.0,31.29079078205953,103,0.2,0.9994722886101564,304634.86369359423,4089044.979222061,2018.0,"{""type"":""MultiPoint"",""coordinates"":[]}"
120,00000000000000000662,0.0077750596320473,0.5736996451298622,SCL_2_4_5_6,FF,20260919_revision_master_v02,0.9835419739169337,31.395359383925697,103,0.2,0.9922249403679526,287235.0826540046,4089345.045039994,2018.0,"{""type"":""MultiPoint"",""coordinates"":[]}"
121,00000000000000000663,0.0111081066936482,0.6103604081376379,SCL_2_4_5_6,FF,20260919_revision_master_v02,0.9999299463385526,30.793922160389343,103,0.2,0.9888918933063516,287534.9010000072,4089345.044494125,2018.0,"{""type"":""MultiPoint"",""coordinates"":[]}"
122,000000000000000006aa,0.0778439718786527,0.5556487440889223,SCL_2_4_5_6,FF,20260919_revision_master_v02,1.0,25.860788863109008,103,0.2,0.9221560281213472,290535.0501325752,4089644.858763176,2018.0,"{""type"":""MultiPoint"",""coordinates"":[]}"
123,000000000000000006ad,0.0,0.638702082183694,SCL_2_4_5_6,FF,20260919_revision_master_v02,1.0,30.702938649851934,103,0.2,1.0,291434.9972657905,4089644.859494724,2018.0,"{""type"":""MultiPoint"",""coordinates"":[]}"
124,000000000000000006bb,0.781113165744989,0.1440057253779315,SCL_2_4_5_6,UU,20260919_revision_master_v02,1.0,11.71154684855989,103,0.2,0.218886834255011,295634.9079022333,4089644.861201425,2018.0,"{""type"":""MultiPoint"",""coordinates"":[]}"
125,000000000000000006e6,0.9539444180791452,0.0218558236283627,SCL_2_4_5_6,UU,20260919_revision_master_v02,1.0,15.358186860792683,103,0.2,0.0460555819208548,290234.9882512881,4089944.925195335,2018.0,"{""type"":""MultiPoint"",""coordinates"":[]}"
126,000000000000000006e7,0.8280184219248818,0.1034282567577363,SCL_2_4_5_6,UU,20260919_revision_master_v02,1.0,15.330857596427244,103,0.2,0.1719815780751181,290535.05208608165,4089944.9243447552,2018.0,"{""type"":""MultiPoint"",""coordinates"":[]}"
127,000000000000000006f8,0.775395565479825,0.1483462495819691,SCL_2_4_5_6,UU,20260919_revision_master_v02,1.0,11.422923608324734,103,0.2,0.224604434520175,295634.9090373492,4089944.926146878,2018.0,"{""type"":""MultiPoint"",""coordinates"":[]}"
128,0000000000000000000a,0.9644384945120597,0.02929746687717,SCL_2_4_5_6,UU,20260919_revision_master_v02,0.99166466801461,24.87688000662824,104,0.2,0.0355615054879404,286634.95566845924,4080045.026200996,2019.0,"{""type"":""MultiPoint"",""coordinates"":[]}"
129,00000000000000000011,0.9621631976037998,0.0210741510482668,SCL_2_4_5_6,UU,20260919_revision_master_v02,0.99993013814779,25.44178635332634,104,0.2,0.0378368023962002,286935.020483312,4080345.090636145,2019.0,"{""type"":""MultiPoint"",""coordinates"":[]}"
130,0000000000000000001c,0.6954263447765416,0.1664306828110542,SCL_2_4_5_6,UU,20260919_revision_master_v02,1.0,32.223797810044225,104,0.2,0.3045736552234584,286935.01997783885,4080644.905365138,2019.0,"{""type"":""MultiPoint"",""coordinates"":[]}"
131,0000000000000000001d,0.5695919898128283,0.2072530321761959,SCL_2_4_5_6,UU,20260919_revision_master_v02,0.9999299512265571,32.18713695117484,104,0.2,0.4304080101871717,287235.08465506026,4080644.9056242607,2019.0,"{""type"":""MultiPoint"",""coordinates"":[]}"
132,00000000000000000023,0.6185816512081215,0.1809656816764517,SCL_2_4_5_6,UU,20260919_revision_master_v02,0.991662551828618,34.74113368480268,104,0.2,0.3814183487918785,301035.07867848367,4080644.905498733,2019.0,"{""type"":""MultiPoint"",""coordinates"":[]}"
133,00000000000000000039,0.5477600614064164,0.2232955032703956,SCL_2_4_5_6,UU,20260919_revision_master_v02,1.0,34.85688990457584,104,0.2,0.4522399385935836,300434.949662598,4080944.974459088,2019.0,"{""type"":""MultiPoint"",""coordinates"":[]}"
134,0000000000000000003e,0.5232847199204509,0.2256499026493847,SCL_2_4_5_6,UU,20260919_revision_master_v02,0.9917325386679552,34.61744849362386,104,0.2,0.4767152800795491,301935.0265106149,4080944.969644813,2019.0,"{""type"":""MultiPoint"",""coordinates"":[]}"
135,0000000000000000006a,0.6831447367848169,0.1856073006462833,SCL_2_4_5_6,UU,20260919_revision_master_v02,1.0,32.89154428572055,104,0.2,0.316855263215183,286035.0733431746,4081544.85041901,2019.0,"{""type"":""MultiPoint"",""coordinates"":[]}"
136,0000000000000000006e,0.5401595130013128,0.2130166353205514,SCL_2_4_5_6,UU,20260919_revision_master_v02,1.0,33.2607370390236,104,0.2,0.4598404869986872,287235.08267244144,4081544.851182784,2019.0,"{""type"":""MultiPoint"",""coordinates"":[]}"
137,000000000000000001da,0.4546473492315476,0.243371364133535,SCL_2_4_5_6,UU,20260919_revision_master_v02,1.0,18.568920852014063,104,0.2,0.5453526507684524,290834.8680666802,4083944.871863891,2019.0,"{""type"":""MultiPoint"",""coordinates"":[]}"
138,00000000000000000218,0.7138247260390458,0.1610600933754776,SCL_2_4_5_6,UU,20260919_revision_master_v02,1.0,16.76068480426999,104,0.2,0.2861752739609541,296235.03785798594,4084244.940030304,2019.0,"{""type"":""MultiPoint"",""coordinates"":[]}"
139,00000000000000000299,0.6980655610656612,0.1688343995711208,SCL_2_4_5_6,UU,20260919_revision_master_v02,1.0,15.995363093709043,104,0.2,0.3019344389343388,296834.91778699553,4084845.0654568034,2019.0,"{""type"":""MultiPoint"",""coordinates"":[]}"
140,000000000000000002d7,0.8559088474884731,0.1090010254377597,SCL_2_4_5_6,UU,20260919_revision_master_v02,1.0,16.663986137294785,104,0.2,0.1440911525115269,295035.02523789974,4085145.132636897,2019.0,"{""type"":""MultiPoint"",""coordinates"":[]}"
141,000000000000000002d8,0.8994295483488304,0.0895740886229056,SCL_2_4_5_6,UU,20260919_revision_master_v02,1.0,15.706871587320968,104,0.2,0.1005704516511696,295335.0900936085,4085145.13119446,2019.0,"{""type"":""MultiPoint"",""coordinates"":[]}"
142,000000000000000002db,0.7769545745919475,0.1282968332909358,SCL_2_4_5_6,UU,20260919_revision_master_v02,1.0,15.948404201970156,104,0.2,0.2230454254080524,296235.0381806832,4085145.131438402,2019.0,"{""type"":""MultiPoint"",""coordinates"":[]}"
143,0000000000000000035b,0.7310154737191006,0.155800760397539,SCL_2_4_5_6,UU,20260919_revision_master_v02,1.0,16.38747535893098,104,0.2,0.2689845262808993,293835.01679072395,4085745.013109906,2019.0,"{""type"":""MultiPoint"",""coordinates"":[]}"
144,0000000000000000035f,0.946094801050152,0.0633668455309646,SCL_2_4_5_6,UU,20260919_revision_master_v02,1.0,16.33225647746223,104,0.2,0.0539051989498478,295035.0260554798,4085745.013937802,2019.0,"{""type"":""MultiPoint"",""coordinates"":[]}"
145,0000000000000000037d,1.0,0.0027091818826695,SCL_2_4_5_6,UU,20260919_revision_master_v02,1.0,23.857320742066264,104,0.2,0.0,304034.98242015013,4085745.012350288,2019.0,"{""type"":""MultiPoint"",""coordinates"":[]}"
146,0000000000000000039d,0.7355555361722173,0.1481398452469605,SCL_2_4_5_6,UU,20260919_revision_master_v02,1.0,16.760174798946323,104,0.2,0.2644444638277828,293234.88892913825,4086045.0764943664,2019.0,"{""type"":""MultiPoint"",""coordinates"":[]}"
147,000000000000000003df,0.739427635961494,0.1633796842832253,SCL_2_4_5_6,UU,20260919_revision_master_v02,1.0,16.47423578124253,104,0.2,0.2605723640385061,292635.0078285741,4086344.894468029,2019.0,"{""type"":""MultiPoint"",""coordinates"":[]}"
148,00000000000000000426,0.7466355510468866,0.1538900989275578,SCL_2_4_5_6,UU,20260919_revision_master_v02,1.0,16.751437863819827,104,0.2,0.2533644489531134,293534.95183232264,4086644.958564298,2019.0,"{""type"":""MultiPoint"",""coordinates"":[]}"
149,0000000000000000046b,0.8130811367165013,0.1296746793446303,SCL_2_4_5_6,UU,20260919_revision_master_v02,1.0,16.449130366519533,104,0.2,0.1869188632834987,293835.01566265494,4086945.023721622,2019.0,"{""type"":""MultiPoint"",""coordinates"":[]}"
150,0000000000000000046c,0.8102699855015042,0.1304519109217375,SCL_2_4_5_6,UU,20260919_revision_master_v02,1.0,16.29546018573749,104,0.2,0.1897300144984958,294135.08171080984,4086945.019963632,2019.0,"{""type"":""MultiPoint"",""coordinates"":[]}"
151,0000000000000000046d,0.783032116253511,0.1051595195927016,SCL_2_4_5_6,UU,20260919_revision_master_v02,1.0,15.477583169059535,104,0.2,0.216967883746489,294435.14685534814,4086945.0215601833,2019.0,"{""type"":""MultiPoint"",""coordinates"":[]}"
152,0000000000000000046e,0.6732745801736433,0.1748052019701648,SCL_2_4_5_6,UU,20260919_revision_master_v02,1.0,15.52035792622567,104,0.2,0.3267254198263568,294734.96350772865,4086945.022233534,2019.0,"{""type"":""MultiPoint"",""coordinates"":[]}"
153,000000000000000004a4,0.8636411213648972,0.1121219882961036,SCL_2_4_5_6,UU,20260919_revision_master_v02,1.0,32.80577604103066,104,0.2,0.1363588786351027,290535.05060063256,4087245.086313822,2019.0,"{""type"":""MultiPoint"",""coordinates"":[]}"
154,000000000000000004ae,0.7448112817342312,0.1579772551697746,SCL_2_4_5_6,UU,20260919_revision_master_v02,1.0,16.418628445539696,104,0.2,0.2551887182657688,293534.9524308236,4087245.090239986,2019.0,"{""type"":""MultiPoint"",""coordinates"":[]}"
155,000000000000000004b2,0.820238879125767,0.1144131460517325,SCL_2_4_5_6,UU,20260919_revision_master_v02,1.0,14.581656280933707,104,0.2,0.179761120874233,294734.96372201125,4087245.0888285786,2019.0,"{""type"":""MultiPoint"",""coordinates"":[]}"
156,000000000000000004d1,0.9394513389941216,0.0410834373326825,SCL_2_4_5_6,UU,20260919_revision_master_v02,1.0,27.27389505769649,104,0.2,0.0605486610058785,304034.9796538101,4087245.088334608,2019.0,"{""type"":""MultiPoint"",""coordinates"":[]}"
157,000000000000000004d7,0.0,0.64962775718749,SCL_2_4_5_6,FF,20260919_revision_master_v02,0.9916836066840228,33.37697937574286,104,0.2,1.0,285434.9441558185,4087545.149817016,2019.0,"{""type"":""MultiPoint"",""coordinates"":[]}"
158,000000000000000004f3,0.7349493222615706,0.1489069317499699,SCL_2_4_5_6,UU,20260919_revision_master_v02,1.0,15.20097517575841,104,0.2,0.2650506777384294,293835.0174487109,4087545.15356378,2019.0,"{""type"":""MultiPoint"",""coordinates"":[]}"
159,000000000000000004f4,0.7196435024534241,0.1540311532794898,SCL_2_4_5_6,UU,20260919_revision_master_v02,1.0,15.629905215539951,104,0.2,0.2803564975465759,294135.08252434933,4087545.152299524,2019.0,"{""type"":""MultiPoint"",""coordinates"":[]}"
160,000000000000000004fb,0.7639073612970466,0.1709117827404452,SCL_2_4_5_6,UU,20260919_revision_master_v02,1.0,16.857967652330114,104,0.2,0.2360926387029533,296235.0366642379,4087545.153704573,2019.0,"{""type"":""MultiPoint"",""coordinates"":[]}"
161,00000000000000000515,1.0,-0.0101565498380086,SCL_2_4_5_6,UU,20260919_revision_master_v02,1.0,23.661927797928254,104,0.2,0.0,304034.9813757702,4087545.1553938673,2019.0,"{""type"":""MultiPoint"",""coordinates"":[]}"
162,00000000000000000524,0.0105629502991818,0.5526035167478967,SCL_2_4_5_6,FF,20260919_revision_master_v02,1.0,33.31842803063344,104,0.2,0.989437049700818,288135.0300287467,4087844.9693724914,2019.0,"{""type"":""MultiPoint"",""coordinates"":[]}"
163,00000000000000000525,0.0,0.6119450832410165,SCL_2_4_5_6,FF,20260919_revision_master_v02,1.0,32.747160167015764,104,0.2,1.0,288435.09400367155,4087844.968850794,2019.0,"{""type"":""MultiPoint"",""coordinates"":[]}"
164,00000000000000000535,0.8003305583295903,0.1391087341983571,SCL_2_4_5_6,UU,20260919_revision_master_v02,1.0,15.69173473348188,104,0.2,0.1996694416704096,293234.8892948396,4087844.968135716,2019.0,"{""type"":""MultiPoint"",""coordinates"":[]}"
165,00000000000000000537,0.7171815850531201,0.1587511427722219,SCL_2_4_5_6,UU,20260919_revision_master_v02,1.0,15.503113933325178,104,0.2,0.2828184149468798,293835.01655497827,4087844.969251283,2019.0,"{""type"":""MultiPoint"",""coordinates"":[]}"
166,00000000000000000559,0.984704140723647,-0.0183335545809233,SCL_2_4_5_6,UU,20260919_revision_master_v02,1.0,23.468163016501936,104,0.2,0.015295859276353,304034.981257388,4087844.9701351128,2019.0,"{""type"":""MultiPoint"",""coordinates"":[]}"
167,00000000000000000568,0.0,0.6656021634746828,SCL_2_4_5_6,FF,20260919_revision_master_v02,1.0,33.40494953804898,104,0.2,1.0,288435.0943749071,4088145.033581007,2019.0,"{""type"":""MultiPoint"",""coordinates"":[]}"
168,00000000000000000579,0.717752012573961,0.1555979022864056,SCL_2_4_5_6,UU,20260919_revision_master_v02,1.0,15.840091257004286,104,0.2,0.2822479874260389,293534.9521247628,4088145.035675985,2019.0,"{""type"":""MultiPoint"",""coordinates"":[]}"
169,000000000000000005a3,0.0,0.6628103944327879,SCL_2_4_5_6,FF,20260919_revision_master_v02,0.9999310481442052,34.11671230965132,104,0.2,1.0,286634.9558575192,4088445.097630976,2019.0,"{""type"":""MultiPoint"",""coordinates"":[]}"
170,000000000000000005a4,0.0005530034181707721,0.6274436049605049,SCL_2_4_5_6,FF,20260919_revision_master_v02,1.0,33.92530534932838,104,0.2,0.9994469965818292,286935.0191709242,4088445.099506435,2019.0,"{""type"":""MultiPoint"",""coordinates"":[]}"
171,000000000000000005a6,0.0433682814925945,0.6295029739678591,SCL_2_4_5_6,FF,20260919_revision_master_v02,1.0,33.405382656176414,104,0.2,0.9566317185074056,287534.9011727517,4088445.0991187305,2019.0,"{""type"":""MultiPoint"",""coordinates"":[]}"
172,000000000000000005a7,0.0,0.7010095541964705,SCL_2_4_5_6,FF,20260919_revision_master_v02,1.0,33.66658104066076,104,0.2,1.0,287834.96613447217,4088445.098658019,2019.0,"{""type"":""MultiPoint"",""coordinates"":[]}"
173,000000000000000005a8,0.0,0.6485665294739298,SCL_2_4_5_6,FF,20260919_revision_master_v02,1.0,33.877562769033524,104,0.2,1.0,288135.0297317407,4088445.097235405,2019.0,"{""type"":""MultiPoint"",""coordinates"":[]}"
174,000000000000000005a9,0.0429949755744997,0.7197643111576558,SCL_2_4_5_6,FF,20260919_revision_master_v02,1.0,33.95346093226176,104,0.2,0.9570050244255004,288435.094915502,4088445.097874347,2019.0,"{""type"":""MultiPoint"",""coordinates"":[]}"
175,000000000000000005ac,0.9202284908198762,0.0403983645899603,SCL_2_4_5_6,UU,20260919_revision_master_v02,1.0,29.846739608413408,104,0.2,0.0797715091801237,289335.0371440579,4088445.0997957634,2019.0,"{""type"":""MultiPoint"",""coordinates"":[]}"
176,000000000000000005ae,0.9130876536588132,0.0709065555409028,SCL_2_4_5_6,UU,20260919_revision_master_v02,1.0,31.653684977084723,104,0.2,0.0869123463411868,289934.9191903508,4088445.097208524,2019.0,"{""type"":""MultiPoint"",""coordinates"":[]}"
177,000000000000000005cc,0.9690311607318084,0.0362327142439673,SCL_2_4_5_6,UU,20260919_revision_master_v02,1.0,16.323927691401916,104,0.2,0.0309688392681916,298934.87528426,4088445.098043948,2019.0,"{""type"":""MultiPoint"",""coordinates"":[]}"
178,000000000000000005e5,0.0,0.608130148926992,SCL_2_4_5_6,FF,20260919_revision_master_v02,1.0,33.67781251771522,104,0.2,1.0,287235.08342434105,4088744.913325972,2019.0,"{""type"":""MultiPoint"",""coordinates"":[]}"
179,000000000000000005e7,0.0078500180685384,0.608211955592562,SCL_2_4_5_6,FF,20260919_revision_master_v02,1.0,33.518175208223624,104,0.2,0.9921499819314616,287834.9652405294,4088744.916696497,2019.0,"{""type"":""MultiPoint"",""coordinates"":[]}"
180,000000000000000005ee,0.87685927708952,0.0789387936030568,SCL_2_4_5_6,UU,20260919_revision_master_v02,1.0,31.511924229144043,104,0.2,0.1231407229104799,289934.9204357471,4088744.914393939,2019.0,"{""type"":""MultiPoint"",""coordinates"":[]}"
181,0000000000000000060c,0.9662094681523802,0.0293687487496863,SCL_2_4_5_6,UU,20260919_revision_master_v02,1.0,16.110342571796167,104,0.2,0.0337905318476198,298934.8759095783,4088744.913670461,2019.0,"{""type"":""MultiPoint"",""coordinates"":[]}"
182,0000000000000000062d,0.8641523091883501,0.0667011439404706,SCL_2_4_5_6,UU,20260919_revision_master_v02,1.0,31.0991527234512,104,0.2,0.1358476908116499,289934.92131234845,4089044.98030659,2019.0,"{""type"":""MultiPoint"",""coordinates"":[]}"
183,0000000000000000065e,0.0005277113898435326,0.8398235865124981,SCL_2_4_5_6,FF,20260919_revision_master_v02,1.0,32.86821171257608,104,0.2,0.9994722886101564,304634.86369359423,4089044.979222061,2019.0,"{""type"":""MultiPoint"",""coordinates"":[]}"
184,00000000000000000662,0.0161126446104402,0.5878350448526626,SCL_2_4_5_6,FF,20260919_revision_master_v02,0.9835419739169337,33.29304954147646,104,0.2,0.9838873553895596,287235.0826540046,4089345.045039994,2019.0,"{""type"":""MultiPoint"",""coordinates"":[]}"
185,00000000000000000663,0.0205632991992742,0.64994059076863,SCL_2_4_5_6,FF,20260919_revision_master_v02,0.9999299463385526,32.92805680093504,104,0.2,0.9794367008007258,287534.9010000072,4089345.044494125,2019.0,"{""type"":""MultiPoint"",""coordinates"":[]}"
186,000000000000000006aa,0.0678567067320274,0.6624631303989604,SCL_2_4_5_6,FF,20260919_revision_master_v02,1.0,33.33835022591283,104,0.2,0.9321432932679724,290535.0501325752,4089644.858763176,2019.0,"{""type"":""MultiPoint"",""coordinates"":[]}"
187,000000000000000006ad,0.0,0.7061932599546396,SCL_2_4_5_6,FF,20260919_revision_master_v02,1.0,32.93077449710672,104,0.2,1.0,291434.9972657905,4089644.859494724,2019.0,"{""type"":""MultiPoint"",""coordinates"":[]}"
188,000000000000000006bb,0.7302348097622247,0.1589213331617057,SCL_2_4_5_6,UU,20260919_revision_master_v02,1.0,16.238604050730068,104,0.2,0.2697651902377753,295634.9079022333,4089644.861201425,2019.0,"{""type"":""MultiPoint"",""coordinates"":[]}"
189,000000000000000006e6,0.9567135001458557,0.0270977131730861,SCL_2_4_5_6,UU,20260919_revision_master_v02,1.0,31.457016096377988,104,0.2,0.0432864998541443,290234.9882512881,4089944.925195335,2019.0,"{""type"":""MultiPoint"",""coordinates"":[]}"
190,000000000000000006e7,0.8230160668492578,0.1211634916242401,SCL_2_4_5_6,UU,20260919_revision_master_v02,1.0,31.622651466252623,104,0.2,0.1769839331507422,290535.05208608165,4089944.9243447552,2019.0,"{""type"":""MultiPoint"",""coordinates"":[]}"
191,000000000000000006f8,0.7314603213369852,0.1591078529813739,SCL_2_4_5_6,UU,20260919_revision_master_v02,1.0,16.084010781012857,104,0.2,0.2685396786630147,295634.9090373492,4089944.926146878,2019.0,"{""type"":""MultiPoint"",""coordinates"":[]}"
192,0000000000000000000a,0.9727848736051212,0.0275272144887497,SCL_2_4_5_6,UU,20260919_revision_master_v02,0.99166466801461,23.78234876003505,105,0.2,0.0272151263948787,286634.95566845924,4080045.026200996,2020.0,"{""type"":""MultiPoint"",""coordinates"":[]}"
193,00000000000000000011,0.9727292911966634,0.01354604809764,SCL_2_4_5_6,UU,20260919_revision_master_v02,0.99993013814779,23.58368633460603,105,0.2,0.0272707088033365,286935.020483312,4080345.090636145,2020.0,"{""type"":""MultiPoint"",""coordinates"":[]}"
194,0000000000000000001c,0.744828787252106,0.1559481635884993,SCL_2_4_5_6,UU,20260919_revision_master_v02,1.0,32.317360733178084,105,0.2,0.2551712127478939,286935.01997783885,4080644.905365138,2020.0,"{""type"":""MultiPoint"",""coordinates"":[]}"
195,0000000000000000001d,0.6268643047778535,0.1861092046907042,SCL_2_4_5_6,UU,20260919_revision_master_v02,0.9999299512265571,32.86293544054287,105,0.2,0.3731356952221465,287235.08465506026,4080644.9056242607,2020.0,"{""type"":""MultiPoint"",""coordinates"":[]}"
196,00000000000000000023,0.6213986386014487,0.1778146543933505,SCL_2_4_5_6,UU,20260919_revision_master_v02,0.991662551828618,35.85885410534476,105,0.2,0.3786013613985512,301035.07867848367,4080644.905498733,2020.0,"{""type"":""MultiPoint"",""coordinates"":[]}"
197,00000000000000000039,0.5605298047903984,0.2160926841533937,SCL_2_4_5_6,UU,20260919_revision_master_v02,1.0,35.8701917206007,105,0.2,0.4394701952096015,300434.949662598,4080944.974459088,2020.0,"{""type"":""MultiPoint"",""coordinates"":[]}"
198,0000000000000000003e,0.5519119725066728,0.2208206355158384,SCL_2_4_5_6,UU,20260919_revision_master_v02,0.9917325386679552,35.33163389913292,105,0.2,0.4480880274933271,301935.0265106149,4080944.969644813,2020.0,"{""type"":""MultiPoint"",""coordinates"":[]}"
199,0000000000000000006a,0.6861402217877993,0.1836906064859532,SCL_2_4_5_6,UU,20260919_revision_master_v02,1.0,33.62793289765287,105,0.2,0.3138597782122007,286035.0733431746,4081544.85041901,2020.0,"{""type"":""MultiPoint"",""coordinates"":[]}"
200,0000000000000000006e,0.5568128796501006,0.2109909462795485,SCL_2_4_5_6,UU,20260919_revision_master_v02,1.0,32.64649860676866,105,0.2,0.4431871203498994,287235.08267244144,4081544.851182784,2020.0,"{""type"":""MultiPoint"",""coordinates"":[]}"
201,000000000000000001da,0.4435392425378993,0.2429316352774284,SCL_2_4_5_6,UU,20260919_revision_master_v02,1.0,29.81866789944697,105,0.2,0.5564607574621007,290834.8680666802,4083944.871863891,2020.0,"{""type"":""MultiPoint"",""coordinates"":[]}"
202,00000000000000000218,0.7060365164987071,0.1582169574855481,SCL_2_4_5_6,UU,20260919_revision_master_v02,1.0,17.82670579667797,105,0.2,0.2939634835012928,296235.03785798594,4084244.940030304,2020.0,"{""type"":""MultiPoint"",""coordinates"":[]}"
203,00000000000000000299,0.7113972108899812,0.1662628946512279,SCL_2_4_5_6,UU,20260919_revision_master_v02,1.0,17.82896999725703,105,0.2,0.2886027891100188,296834.91778699553,4084845.0654568034,2020.0,"{""type"":""MultiPoint"",""coordinates"":[]}"
204,000000000000000002d7,0.855338491211724,0.1097685549011959,SCL_2_4_5_6,UU,20260919_revision_master_v02,1.0,17.70650598003317,105,0.2,0.144661508788276,295035.02523789974,4085145.132636897,2020.0,"{""type"":""MultiPoint"",""coordinates"":[]}"
205,000000000000000002d8,0.903594543202554,0.0855954280868996,SCL_2_4_5_6,UU,20260919_revision_master_v02,1.0,17.6204752019259,105,0.2,0.096405456797446,295335.0900936085,4085145.13119446,2020.0,"{""type"":""MultiPoint"",""coordinates"":[]}"
206,000000000000000002db,0.7941313704370729,0.1262380099235385,SCL_2_4_5_6,UU,20260919_revision_master_v02,1.0,16.65599312753738,105,0.2,0.205868629562927,296235.0381806832,4085145.131438402,2020.0,"{""type"":""MultiPoint"",""coordinates"":[]}"
207,0000000000000000035b,0.7207403659961971,0.1557916612578472,SCL_2_4_5_6,UU,20260919_revision_master_v02,1.0,17.634287284336075,105,0.2,0.2792596340038029,293835.01679072395,4085745.013109906,2020.0,"{""type"":""MultiPoint"",""coordinates"":[]}"
208,0000000000000000035f,0.944967150090778,0.0647416272407425,SCL_2_4_5_6,UU,20260919_revision_master_v02,1.0,17.440854924874067,105,0.2,0.0550328499092219,295035.0260554798,4085745.013937802,2020.0,"{""type"":""MultiPoint"",""coordinates"":[]}"
209,0000000000000000037d,1.0,0.0014673175571065,SCL_2_4_5_6,UU,20260919_revision_master_v02,1.0,12.939507930495516,105,0.2,0.0,304034.98242015013,4085745.012350288,2020.0,"{""type"":""MultiPoint"",""coordinates"":[]}"
210,0000000000000000039d,0.7639385586937182,0.1424840962645698,SCL_2_4_5_6,UU,20260919_revision_master_v02,1.0,17.703443643912518,105,0.2,0.2360614413062818,293234.88892913825,4086045.0764943664,2020.0,"{""type"":""MultiPoint"",""coordinates"":[]}"
211,000000000000000003df,0.7355570165317681,0.1612294269339347,SCL_2_4_5_6,UU,20260919_revision_master_v02,1.0,18.797574005459843,105,0.2,0.2644429834682319,292635.0078285741,4086344.894468029,2020.0,"{""type"":""MultiPoint"",""coordinates"":[]}"
212,00000000000000000426,0.7563577309398686,0.1518852926623048,SCL_2_4_5_6,UU,20260919_revision_master_v02,1.0,16.584911246467925,105,0.2,0.2436422690601313,293534.95183232264,4086644.958564298,2020.0,"{""type"":""MultiPoint"",""coordinates"":[]}"
213,0000000000000000046b,0.8175645029045934,0.1345934668744648,SCL_2_4_5_6,UU,20260919_revision_master_v02,1.0,16.58576836522862,105,0.2,0.1824354970954066,293835.01566265494,4086945.023721622,2020.0,"{""type"":""MultiPoint"",""coordinates"":[]}"
214,0000000000000000046c,0.792553955738226,0.1336205022617771,SCL_2_4_5_6,UU,20260919_revision_master_v02,1.0,16.89180551987775,105,0.2,0.2074460442617741,294135.08171080984,4086945.019963632,2020.0,"{""type"":""MultiPoint"",""coordinates"":[]}"
215,0000000000000000046d,0.7879821363152663,0.1045319209253442,SCL_2_4_5_6,UU,20260919_revision_master_v02,1.0,16.681663555640842,105,0.2,0.2120178636847337,294435.14685534814,4086945.0215601833,2020.0,"{""type"":""MultiPoint"",""coordinates"":[]}"
216,0000000000000000046e,0.6976944981052762,0.1665248025516788,SCL_2_4_5_6,UU,20260919_revision_master_v02,1.0,17.45410145603757,105,0.2,0.3023055018947238,294734.96350772865,4086945.022233534,2020.0,"{""type"":""MultiPoint"",""coordinates"":[]}"
217,000000000000000004a4,0.8685911414266525,0.1066583155815621,SCL_2_4_5_6,UU,20260919_revision_master_v02,1.0,33.57785705563215,105,0.2,0.1314088585733474,290535.05060063256,4087245.086313822,2020.0,"{""type"":""MultiPoint"",""coordinates"":[]}"
218,000000000000000004ae,0.7503537515075256,0.1501425772075168,SCL_2_4_5_6,UU,20260919_revision_master_v02,1.0,16.910532434115147,105,0.2,0.2496462484924744,293534.9524308236,4087245.090239986,2020.0,"{""type"":""MultiPoint"",""coordinates"":[]}"
219,000000000000000004b2,0.8280009244683217,0.1106665250154854,SCL_2_4_5_6,UU,20260919_revision_master_v02,1.0,16.718102572376665,105,0.2,0.1719990755316782,294734.96372201125,4087245.0888285786,2020.0,"{""type"":""MultiPoint"",""coordinates"":[]}"
220,000000000000000004d1,0.9561114739821468,0.0330641567967038,SCL_2_4_5_6,UU,20260919_revision_master_v02,1.0,16.118284345743536,105,0.2,0.0438885260178532,304034.9796538101,4087245.088334608,2020.0,"{""type"":""MultiPoint"",""coordinates"":[]}"
221,000000000000000004d7,0.0,0.6475112958245495,SCL_2_4_5_6,FF,20260919_revision_master_v02,0.9916836066840228,32.78170593126992,105,0.2,1.0,285434.9441558185,4087545.149817016,2020.0,"{""type"":""MultiPoint"",""coordinates"":[]}"
222,000000000000000004f3,0.7280018491704903,0.1492152103887158,SCL_2_4_5_6,UU,20260919_revision_master_v02,1.0,16.197891771191305,105,0.2,0.2719981508295098,293835.0174487109,4087545.15356378,2020.0,"{""type"":""MultiPoint"",""coordinates"":[]}"
223,000000000000000004f4,0.7112709477139834,0.1550317095060625,SCL_2_4_5_6,UU,20260919_revision_master_v02,1.0,16.431345486526848,105,0.2,0.2887290522860166,294135.08252434933,4087545.152299524,2020.0,"{""type"":""MultiPoint"",""coordinates"":[]}"
224,000000000000000004fb,0.7589318030184764,0.1732968345337083,SCL_2_4_5_6,UU,20260919_revision_master_v02,1.0,17.90437857849913,105,0.2,0.2410681969815236,296235.0366642379,4087545.153704573,2020.0,"{""type"":""MultiPoint"",""coordinates"":[]}"
225,00000000000000000515,1.0,-0.0133168060823993,SCL_2_4_5_6,UU,20260919_revision_master_v02,1.0,10.72603968457858,105,0.2,0.0,304034.9813757702,4087545.1553938673,2020.0,"{""type"":""MultiPoint"",""coordinates"":[]}"
226,00000000000000000524,0.0111211904471154,0.5721049939824379,SCL_2_4_5_6,FF,20260919_revision_master_v02,1.0,32.74436090225562,105,0.2,0.9888788095528844,288135.0300287467,4087844.9693724914,2020.0,"{""type"":""MultiPoint"",""coordinates"":[]}"
227,00000000000000000525,0.0,0.6151314105765991,SCL_2_4_5_6,FF,20260919_revision_master_v02,1.0,31.587302278397257,105,0.2,1.0,288435.09400367155,4087844.968850794,2020.0,"{""type"":""MultiPoint"",""coordinates"":[]}"
228,00000000000000000535,0.8014207902873416,0.1348412352086357,SCL_2_4_5_6,UU,20260919_revision_master_v02,1.0,17.317985774653405,105,0.2,0.1985792097126583,293234.8892948396,4087844.968135716,2020.0,"{""type"":""MultiPoint"",""coordinates"":[]}"
229,00000000000000000537,0.721067459832877,0.1561306091730262,SCL_2_4_5_6,UU,20260919_revision_master_v02,1.0,15.973849938070227,105,0.2,0.278932540167123,293835.01655497827,4087844.969251283,2020.0,"{""type"":""MultiPoint"",""coordinates"":[]}"
230,00000000000000000559,0.980807245177864,-0.0175507096547544,SCL_2_4_5_6,UU,20260919_revision_master_v02,1.0,13.433800670527289,105,0.2,0.0191927548221361,304034.981257388,4087844.9701351128,2020.0,"{""type"":""MultiPoint"",""coordinates"":[]}"
231,00000000000000000568,0.0,0.6480561110206838,SCL_2_4_5_6,FF,20260919_revision_master_v02,1.0,31.98052490878537,105,0.2,1.0,288435.0943749071,4088145.033581007,2020.0,"{""type"":""MultiPoint"",""coordinates"":[]}"
232,00000000000000000579,0.7147086611430634,0.1577051475506165,SCL_2_4_5_6,UU,20260919_revision_master_v02,1.0,16.406550824839687,105,0.2,0.2852913388569366,293534.9521247628,4088145.035675985,2020.0,"{""type"":""MultiPoint"",""coordinates"":[]}"
233,000000000000000005a3,0.0,0.6345757555430527,SCL_2_4_5_6,FF,20260919_revision_master_v02,0.9999310481442052,31.96438538959339,105,0.2,1.0,286634.9558575192,4088445.097630976,2020.0,"{""type"":""MultiPoint"",""coordinates"":[]}"
234,000000000000000005a4,0.0005530034181707721,0.6044293148305024,SCL_2_4_5_6,FF,20260919_revision_master_v02,1.0,31.554679845855738,105,0.2,0.9994469965818292,286935.0191709242,4088445.099506435,2020.0,"{""type"":""MultiPoint"",""coordinates"":[]}"
235,000000000000000005a6,0.0444804005373061,0.6142055363969022,SCL_2_4_5_6,FF,20260919_revision_master_v02,1.0,30.96006402316695,105,0.2,0.9555195994626938,287534.9011727517,4088445.0991187305,2020.0,"{""type"":""MultiPoint"",""coordinates"":[]}"
236,000000000000000005a7,0.0,0.7018940440688914,SCL_2_4_5_6,FF,20260919_revision_master_v02,1.0,32.55681575750717,105,0.2,1.0,287834.96613447217,4088445.098658019,2020.0,"{""type"":""MultiPoint"",""coordinates"":[]}"
237,000000000000000005a8,0.0,0.6398002190955661,SCL_2_4_5_6,FF,20260919_revision_master_v02,1.0,32.407243134330315,105,0.2,1.0,288135.0297317407,4088445.097235405,2020.0,"{""type"":""MultiPoint"",""coordinates"":[]}"
238,000000000000000005a9,0.0401736343924971,0.6912398506347319,SCL_2_4_5_6,FF,20260919_revision_master_v02,1.0,32.10268288647587,105,0.2,0.9598263656075028,288435.094915502,4088445.097874347,2020.0,"{""type"":""MultiPoint"",""coordinates"":[]}"
239,000000000000000005ac,0.9183258519424768,0.0402952273834079,SCL_2_4_5_6,UU,20260919_revision_master_v02,1.0,30.351274158506804,105,0.2,0.0816741480575233,289335.0371440579,4088445.0997957634,2020.0,"{""type"":""MultiPoint"",""coordinates"":[]}"
240,000000000000000005ae,0.914195261705106,0.0698084754162165,SCL_2_4_5_6,UU,20260919_revision_master_v02,1.0,33.18274660631513,105,0.2,0.085804738294894,289934.9191903508,4088445.097208524,2020.0,"{""type"":""MultiPoint"",""coordinates"":[]}"
241,000000000000000005cc,0.9585468501275648,0.0324778406091779,SCL_2_4_5_6,UU,20260919_revision_master_v02,1.0,17.177810244444917,105,0.2,0.041453149872435,298934.87528426,4088445.098043948,2020.0,"{""type"":""MultiPoint"",""coordinates"":[]}"
242,000000000000000005e5,0.0,0.5735899595369428,SCL_2_4_5_6,FF,20260919_revision_master_v02,1.0,30.522115095302205,105,0.2,1.0,287235.08342434105,4088744.913325972,2020.0,"{""type"":""MultiPoint"",""coordinates"":[]}"
243,000000000000000005e7,0.0128264854297917,0.5889126122326509,SCL_2_4_5_6,FF,20260919_revision_master_v02,1.0,31.643366234037664,105,0.2,0.9871735145702084,287834.9652405294,4088744.916696497,2020.0,"{""type"":""MultiPoint"",""coordinates"":[]}"
244,000000000000000005ee,0.8757691116896256,0.0778485611454398,SCL_2_4_5_6,UU,20260919_revision_master_v02,1.0,32.86062017329272,105,0.2,0.1242308883103744,289934.9204357471,4088744.914393939,2020.0,"{""type"":""MultiPoint"",""coordinates"":[]}"
245,0000000000000000060c,0.9541158769271026,0.025655441792177,SCL_2_4_5_6,UU,20260919_revision_master_v02,1.0,16.59299156108944,105,0.2,0.0458841230728973,298934.8759095783,4088744.913670461,2020.0,"{""type"":""MultiPoint"",""coordinates"":[]}"
246,0000000000000000062d,0.870527596446933,0.0665519341368197,SCL_2_4_5_6,UU,20260919_revision_master_v02,1.0,32.41040802710587,105,0.2,0.129472403553067,289934.92131234845,4089044.98030659,2020.0,"{""type"":""MultiPoint"",""coordinates"":[]}"
247,0000000000000000065e,0.0005277113898435326,0.7983766450035664,SCL_2_4_5_6,FF,20260919_revision_master_v02,1.0,32.32774366310206,105,0.2,0.9994722886101564,304634.86369359423,4089044.979222061,2020.0,"{""type"":""MultiPoint"",""coordinates"":[]}"
248,00000000000000000662,0.0222219315114489,0.5649099057503184,SCL_2_4_5_6,FF,20260919_revision_master_v02,0.9835419739169337,30.63980063055162,105,0.2,0.9777780684885512,287235.0826540046,4089345.045039994,2020.0,"{""type"":""MultiPoint"",""coordinates"":[]}"
249,00000000000000000663,0.0250074141269647,0.6352671716456015,SCL_2_4_5_6,FF,20260919_revision_master_v02,0.9999299463385526,31.02516878041968,105,0.2,0.9749925858730352,287534.9010000072,4089345.044494125,2020.0,"{""type"":""MultiPoint"",""coordinates"":[]}"
250,000000000000000006aa,0.0767318528339412,0.6354668045944442,SCL_2_4_5_6,FF,20260919_revision_master_v02,1.0,30.644841512132988,105,0.2,0.9232681471660588,290535.0501325752,4089644.858763176,2020.0,"{""type"":""MultiPoint"",""coordinates"":[]}"
251,000000000000000006ad,0.0,0.67369235884774,SCL_2_4_5_6,FF,20260919_revision_master_v02,1.0,31.97108881359479,105,0.2,1.0,291434.9972657905,4089644.859494724,2020.0,"{""type"":""MultiPoint"",""coordinates"":[]}"
252,000000000000000006bb,0.7488747972018213,0.1532667780846856,SCL_2_4_5_6,UU,20260919_revision_master_v02,1.0,16.937136925841276,105,0.2,0.2511252027981787,295634.9079022333,4089644.861201425,2020.0,"{""type"":""MultiPoint"",""coordinates"":[]}"
253,000000000000000006e6,0.9528124033977856,0.0290950210742769,SCL_2_4_5_6,UU,20260919_revision_master_v02,1.0,30.929096695823308,105,0.2,0.0471875966022144,290234.9882512881,4089944.925195335,2020.0,"{""type"":""MultiPoint"",""coordinates"":[]}"
254,000000000000000006e7,0.8358032552378627,0.1120765084083786,SCL_2_4_5_6,UU,20260919_revision_master_v02,1.0,31.653005774296496,105,0.2,0.1641967447621373,290535.05208608165,4089944.9243447552,2020.0,"{""type"":""MultiPoint"",""coordinates"":[]}"
255,000000000000000006f8,0.7648369764317988,0.1527932083158281,SCL_2_4_5_6,UU,20260919_revision_master_v02,1.0,17.255028522582524,105,0.2,0.2351630235682011,295634.9090373492,4089944.926146878,2020.0,"{""type"":""MultiPoint"",""coordinates"":[]}"
256,0000000000000000000a,0.965598440613812,0.028376772529536,SCL_2_4_5_6,UU,20260919_revision_master_v02,0.99166466801461,27.55525660536975,106,0.2,0.0344015593861879,286634.95566845924,4080045.026200996,2021.0,"{""type"":""MultiPoint"",""coordinates"":[]}"
257,00000000000000000011,0.9627378677126824,0.0114237089677523,SCL_2_4_5_6,UU,20260919_revision_master_v02,0.99993013814779,25.51886615846092,106,0.2,0.0372621322873176,286935.020483312,4080345.090636145,2021.0,"{""type"":""MultiPoint"",""coordinates"":[]}"
258,0000000000000000001c,0.7159631669460347,0.161002269131385,SCL_2_4_5_6,UU,20260919_revision_master_v02,1.0,32.35368439384377,106,0.2,0.2840368330539654,286935.01997783885,4080644.905365138,2021.0,"{""type"":""MultiPoint"",""coordinates"":[]}"
259,0000000000000000001d,0.5578959303644009,0.2070852976390911,SCL_2_4_5_6,UU,20260919_revision_master_v02,0.9999299512265571,31.811236415650576,106,0.2,0.4421040696355991,287235.08465506026,4080644.9056242607,2021.0,"{""type"":""MultiPoint"",""coordinates"":[]}"
260,00000000000000000023,0.6124200363679179,0.1829330992286737,SCL_2_4_5_6,UU,20260919_revision_master_v02,0.991662551828618,34.32434164911496,106,0.2,0.3875799636320821,301035.07867848367,4080644.905498733,2021.0,"{""type"":""MultiPoint"",""coordinates"":[]}"
261,00000000000000000039,0.5406163320133281,0.2338012225757912,SCL_2_4_5_6,UU,20260919_revision_master_v02,1.0,35.48233693281924,106,0.2,0.4593836679866718,300434.949662598,4080944.974459088,2021.0,"{""type"":""MultiPoint"",""coordinates"":[]}"
262,0000000000000000003e,0.489375992184638,0.2391380676244245,SCL_2_4_5_6,UU,20260919_revision_master_v02,0.9917325386679552,36.65979188109482,106,0.2,0.510624007815362,301935.0265106149,4080944.969644813,2021.0,"{""type"":""MultiPoint"",""coordinates"":[]}"
263,0000000000000000006a,0.688073354551352,0.1797343717986669,SCL_2_4_5_6,UU,20260919_revision_master_v02,1.0,32.51933785848949,106,0.2,0.311926645448648,286035.0733431746,4081544.85041901,2021.0,"{""type"":""MultiPoint"",""coordinates"":[]}"
264,0000000000000000006e,0.6468605416813841,0.18596120716617,SCL_2_4_5_6,UU,20260919_revision_master_v02,1.0,32.38150120136228,106,0.2,0.3531394583186159,287235.08267244144,4081544.851182784,2021.0,"{""type"":""MultiPoint"",""coordinates"":[]}"
265,000000000000000001da,0.4573731312038799,0.2440024410593664,SCL_2_4_5_6,UU,20260919_revision_master_v02,1.0,26.953718402735344,106,0.2,0.5426268687961201,290834.8680666802,4083944.871863891,2021.0,"{""type"":""MultiPoint"",""coordinates"":[]}"
266,00000000000000000218,0.7324187492641321,0.1495176145646553,SCL_2_4_5_6,UU,20260919_revision_master_v02,1.0,16.822667788820024,106,0.2,0.2675812507358679,296235.03785798594,4084244.940030304,2021.0,"{""type"":""MultiPoint"",""coordinates"":[]}"
267,00000000000000000299,0.6847687424623061,0.1760689331778702,SCL_2_4_5_6,UU,20260919_revision_master_v02,1.0,16.31193970715651,106,0.2,0.3152312575376939,296834.91778699553,4084845.0654568034,2021.0,"{""type"":""MultiPoint"",""coordinates"":[]}"
268,000000000000000002d7,0.8408967219752612,0.1132856496635302,SCL_2_4_5_6,UU,20260919_revision_master_v02,1.0,16.391029297155637,106,0.2,0.1591032780247387,295035.02523789974,4085145.132636897,2021.0,"{""type"":""MultiPoint"",""coordinates"":[]}"
269,000000000000000002d8,0.8952645534951067,0.0881310634442255,SCL_2_4_5_6,UU,20260919_revision_master_v02,1.0,16.136594386197505,106,0.2,0.1047354465048932,295335.0900936085,4085145.13119446,2021.0,"{""type"":""MultiPoint"",""coordinates"":[]}"
270,000000000000000002db,0.7763353552443955,0.1283128344304953,SCL_2_4_5_6,UU,20260919_revision_master_v02,1.0,15.849254974468108,106,0.2,0.2236646447556045,296235.0381806832,4085145.131438402,2021.0,"{""type"":""MultiPoint"",""coordinates"":[]}"
271,0000000000000000035b,0.7332440730596794,0.1541848817533794,SCL_2_4_5_6,UU,20260919_revision_master_v02,1.0,15.853099977321486,106,0.2,0.2667559269403206,293835.01679072395,4085745.013109906,2021.0,"{""type"":""MultiPoint"",""coordinates"":[]}"
272,0000000000000000035f,0.9333075004027324,0.0654179368394741,SCL_2_4_5_6,UU,20260919_revision_master_v02,1.0,15.854110701364077,106,0.2,0.0666924995972675,295035.0260554798,4085745.013937802,2021.0,"{""type"":""MultiPoint"",""coordinates"":[]}"
273,0000000000000000037d,1.0,0.0064994171841514,SCL_2_4_5_6,UU,20260919_revision_master_v02,1.0,28.10247166747215,106,0.2,0.0,304034.98242015013,4085745.012350288,2021.0,"{""type"":""MultiPoint"",""coordinates"":[]}"
274,0000000000000000039d,0.7502355075624096,0.1416411590216269,SCL_2_4_5_6,UU,20260919_revision_master_v02,1.0,15.934633567677892,106,0.2,0.2497644924375903,293234.88892913825,4086045.0764943664,2021.0,"{""type"":""MultiPoint"",""coordinates"":[]}"
275,000000000000000003df,0.7391272166806715,0.1590010650366552,SCL_2_4_5_6,UU,20260919_revision_master_v02,1.0,15.956922487471646,106,0.2,0.2608727833193284,292635.0078285741,4086344.894468029,2021.0,"{""type"":""MultiPoint"",""coordinates"":[]}"
276,00000000000000000426,0.7622136789721394,0.1505637692668519,SCL_2_4_5_6,UU,20260919_revision_master_v02,1.0,16.357761416921736,106,0.2,0.2377863210278605,293534.95183232264,4086644.958564298,2021.0,"{""type"":""MultiPoint"",""coordinates"":[]}"
277,0000000000000000046b,0.8153228198105473,0.1325517485480393,SCL_2_4_5_6,UU,20260919_revision_master_v02,1.0,15.69955340788164,106,0.2,0.1846771801894526,293835.01566265494,4086945.023721622,2021.0,"{""type"":""MultiPoint"",""coordinates"":[]}"
278,0000000000000000046c,0.7930111155133903,0.1338070437956922,SCL_2_4_5_6,UU,20260919_revision_master_v02,1.0,15.91305256466634,106,0.2,0.2069888844866096,294135.08171080984,4086945.019963632,2021.0,"{""type"":""MultiPoint"",""coordinates"":[]}"
279,0000000000000000046d,0.7691807825829076,0.1125905428236666,SCL_2_4_5_6,UU,20260919_revision_master_v02,1.0,15.293102245172104,106,0.2,0.2308192174170924,294435.14685534814,4086945.0215601833,2021.0,"{""type"":""MultiPoint"",""coordinates"":[]}"
280,0000000000000000046e,0.6683033825947036,0.1850043051602535,SCL_2_4_5_6,UU,20260919_revision_master_v02,1.0,15.657859506979282,106,0.2,0.3316966174052964,294734.96350772865,4086945.022233534,2021.0,"{""type"":""MultiPoint"",""coordinates"":[]}"
281,000000000000000004a4,0.8631264937285209,0.1073213265921505,SCL_2_4_5_6,UU,20260919_revision_master_v02,1.0,34.72559879978372,106,0.2,0.1368735062714791,290535.05060063256,4087245.086313822,2021.0,"{""type"":""MultiPoint"",""coordinates"":[]}"
282,000000000000000004ae,0.7664717586565714,0.1451453126986578,SCL_2_4_5_6,UU,20260919_revision_master_v02,1.0,15.497076379848563,106,0.2,0.2335282413434286,293534.9524308236,4087245.090239986,2021.0,"{""type"":""MultiPoint"",""coordinates"":[]}"
283,000000000000000004b2,0.8038906162104649,0.1228576175382259,SCL_2_4_5_6,UU,20260919_revision_master_v02,1.0,15.155515630927816,106,0.2,0.1961093837895351,294734.96372201125,4087245.0888285786,2021.0,"{""type"":""MultiPoint"",""coordinates"":[]}"
284,000000000000000004d1,0.9489005007620293,0.04080461852809,SCL_2_4_5_6,UU,20260919_revision_master_v02,1.0,32.381180056607874,106,0.2,0.0510994992379708,304034.9796538101,4087245.088334608,2021.0,"{""type"":""MultiPoint"",""coordinates"":[]}"
285,000000000000000004d7,0.0,0.6678883350135111,SCL_2_4_5_6,FF,20260919_revision_master_v02,0.9916836066840228,33.054366708608896,106,0.2,1.0,285434.9441558185,4087545.149817016,2021.0,"{""type"":""MultiPoint"",""coordinates"":[]}"
286,000000000000000004f3,0.7588315335903565,0.1430084117464876,SCL_2_4_5_6,UU,20260919_revision_master_v02,1.0,14.507736859550253,106,0.2,0.2411684664096434,293835.0174487109,4087545.15356378,2021.0,"{""type"":""MultiPoint"",""coordinates"":[]}"
287,000000000000000004f4,0.7446653808140926,0.1471701839278986,SCL_2_4_5_6,UU,20260919_revision_master_v02,1.0,15.047914698339856,106,0.2,0.2553346191859073,294135.08252434933,4087545.152299524,2021.0,"{""type"":""MultiPoint"",""coordinates"":[]}"
288,000000000000000004fb,0.7177798806040443,0.1825985868983635,SCL_2_4_5_6,UU,20260919_revision_master_v02,1.0,16.16583304625394,106,0.2,0.2822201193959557,296235.0366642379,4087545.153704573,2021.0,"{""type"":""MultiPoint"",""coordinates"":[]}"
289,00000000000000000515,1.0,-0.009942867284419,SCL_2_4_5_6,UU,20260919_revision_master_v02,1.0,29.838531574799408,106,0.2,0.0,304034.9813757702,4087545.1553938673,2021.0,"{""type"":""MultiPoint"",""coordinates"":[]}"
290,00000000000000000524,0.0105629502991818,0.6099366932534054,SCL_2_4_5_6,FF,20260919_revision_master_v02,1.0,33.8090033668859,106,0.2,0.989437049700818,288135.0300287467,4087844.9693724914,2021.0,"{""type"":""MultiPoint"",""coordinates"":[]}"
291,00000000000000000525,0.0033307355047696,0.6603367318152344,SCL_2_4_5_6,FF,20260919_revision_master_v02,1.0,33.30623174082095,106,0.2,0.9966692644952304,288435.09400367155,4087844.968850794,2021.0,"{""type"":""MultiPoint"",""coordinates"":[]}"
292,00000000000000000535,0.8292217052100006,0.1257225588356664,SCL_2_4_5_6,UU,20260919_revision_master_v02,1.0,15.68207527833622,106,0.2,0.1707782947899994,293234.8892948396,4087844.968135716,2021.0,"{""type"":""MultiPoint"",""coordinates"":[]}"
293,00000000000000000537,0.7444306822741309,0.1474268674904628,SCL_2_4_5_6,UU,20260919_revision_master_v02,1.0,15.16264413935069,106,0.2,0.2555693177258691,293835.01655497827,4087844.969251283,2021.0,"{""type"":""MultiPoint"",""coordinates"":[]}"
294,00000000000000000559,0.9830408847476816,-0.0148822164941243,SCL_2_4_5_6,UU,20260919_revision_master_v02,1.0,29.46401358470847,106,0.2,0.0169591152523185,304034.981257388,4087844.9701351128,2021.0,"{""type"":""MultiPoint"",""coordinates"":[]}"
295,00000000000000000568,0.0,0.6876742991384955,SCL_2_4_5_6,FF,20260919_revision_master_v02,1.0,33.37801617917264,106,0.2,1.0,288435.0943749071,4088145.033581007,2021.0,"{""type"":""MultiPoint"",""coordinates"":[]}"
296,00000000000000000579,0.7330471392931934,0.146797285501517,SCL_2_4_5_6,UU,20260919_revision_master_v02,1.0,15.32637005237699,106,0.2,0.2669528607068066,293534.9521247628,4088145.035675985,2021.0,"{""type"":""MultiPoint"",""coordinates"":[]}"
297,000000000000000005a3,0.0,0.650394383454083,SCL_2_4_5_6,FF,20260919_revision_master_v02,0.9999310481442052,33.93544715588971,106,0.2,1.0,286634.9558575192,4088445.097630976,2021.0,"{""type"":""MultiPoint"",""coordinates"":[]}"
298,000000000000000005a4,0.0005530034181707721,0.6181614761575773,SCL_2_4_5_6,FF,20260919_revision_master_v02,1.0,33.671254708149235,106,0.2,0.9994469965818292,286935.0191709242,4088445.099506435,2021.0,"{""type"":""MultiPoint"",""coordinates"":[]}"
299,000000000000000005a6,0.0467046386267292,0.6278928322648819,SCL_2_4_5_6,FF,20260919_revision_master_v02,1.0,32.708066570137646,106,0.2,0.9532953613732708,287534.9011727517,4088445.0991187305,2021.0,"{""type"":""MultiPoint"",""coordinates"":[]}"
300,000000000000000005a7,0.0,0.7223116624387292,SCL_2_4_5_6,FF,20260919_revision_master_v02,1.0,33.98840565828259,106,0.2,1.0,287834.96613447217,4088445.098658019,2021.0,"{""type"":""MultiPoint"",""coordinates"":[]}"
301,000000000000000005a8,0.0,0.6683119711836976,SCL_2_4_5_6,FF,20260919_revision_master_v02,1.0,33.73011387177104,106,0.2,1.0,288135.0297317407,4088445.097235405,2021.0,"{""type"":""MultiPoint"",""coordinates"":[]}"
302,000000000000000005a9,0.040195404000383,0.7287086915220873,SCL_2_4_5_6,FF,20260919_revision_master_v02,1.0,33.90474925765642,106,0.2,0.959804595999617,288435.094915502,4088445.097874347,2021.0,"{""type"":""MultiPoint"",""coordinates"":[]}"
303,000000000000000005ac,0.9355758639156048,0.0283335769090707,SCL_2_4_5_6,UU,20260919_revision_master_v02,1.0,32.45439979798073,106,0.2,0.0644241360843953,289335.0371440579,4088445.0997957634,2021.0,"{""type"":""MultiPoint"",""coordinates"":[]}"
304,000000000000000005ae,0.8819961364538228,0.0776841689230595,SCL_2_4_5_6,UU,20260919_revision_master_v02,1.0,34.67458998879314,106,0.2,0.1180038635461772,289934.9191903508,4088445.097208524,2021.0,"{""type"":""MultiPoint"",""coordinates"":[]}"
305,000000000000000005cc,0.965219477092828,0.031176486990565,SCL_2_4_5_6,UU,20260919_revision_master_v02,1.0,16.45359907542683,106,0.2,0.0347805229071719,298934.87528426,4088445.098043948,2021.0,"{""type"":""MultiPoint"",""coordinates"":[]}"
306,000000000000000005e5,0.0,0.5843305056277367,SCL_2_4_5_6,FF,20260919_revision_master_v02,1.0,32.87286491106432,106,0.2,1.0,287235.08342434105,4088744.913325972,2021.0,"{""type"":""MultiPoint"",""coordinates"":[]}"
307,000000000000000005e7,0.0167319020728748,0.595228188225037,SCL_2_4_5_6,FF,20260919_revision_master_v02,1.0,33.04144879202025,106,0.2,0.9832680979271252,287834.9652405294,4088744.916696497,2021.0,"{""type"":""MultiPoint"",""coordinates"":[]}"
308,000000000000000005ee,0.8624472905029151,0.0819101704698133,SCL_2_4_5_6,UU,20260919_revision_master_v02,1.0,34.335897402353915,106,0.2,0.1375527094970848,289934.9204357471,4088744.914393939,2021.0,"{""type"":""MultiPoint"",""coordinates"":[]}"
309,0000000000000000060c,0.9706840532937918,0.0185329574117379,SCL_2_4_5_6,UU,20260919_revision_master_v02,1.0,16.810279334481756,106,0.2,0.0293159467062081,298934.8759095783,4088744.913670461,2021.0,"{""type"":""MultiPoint"",""coordinates"":[]}"
310,0000000000000000062d,0.8533029831286003,0.0684356063249793,SCL_2_4_5_6,UU,20260919_revision_master_v02,1.0,33.741425849129875,106,0.2,0.1466970168713997,289934.92131234845,4089044.98030659,2021.0,"{""type"":""MultiPoint"",""coordinates"":[]}"
311,0000000000000000065e,0.0005277113898435326,0.9189970175461124,SCL_2_4_5_6,FF,20260919_revision_master_v02,1.0,34.150170961045305,106,0.2,0.9994722886101564,304634.86369359423,4089044.979222061,2021.0,"{""type"":""MultiPoint"",""coordinates"":[]}"
312,00000000000000000662,0.0211099628035565,0.5840412915642975,SCL_2_4_5_6,FF,20260919_revision_master_v02,0.9835419739169337,33.28025972100489,106,0.2,0.9788900371964434,287235.0826540046,4089345.045039994,2021.0,"{""type"":""MultiPoint"",""coordinates"":[]}"
313,00000000000000000663,0.0266734120684541,0.6597434925837768,SCL_2_4_5_6,FF,20260919_revision_master_v02,0.9999299463385526,33.67133175165292,106,0.2,0.9733265879315458,287534.9010000072,4089345.044494125,2021.0,"{""type"":""MultiPoint"",""coordinates"":[]}"
314,000000000000000006aa,0.0717294977583171,0.6600144784923816,SCL_2_4_5_6,FF,20260919_revision_master_v02,1.0,31.44534916176753,106,0.2,0.9282705022416828,290535.0501325752,4089644.858763176,2021.0,"{""type"":""MultiPoint"",""coordinates"":[]}"
315,000000000000000006ad,0.0,0.715629278882092,SCL_2_4_5_6,FF,20260919_revision_master_v02,1.0,34.162905596037064,106,0.2,1.0,291434.9972657905,4089644.859494724,2021.0,"{""type"":""MultiPoint"",""coordinates"":[]}"
316,000000000000000006bb,0.7010449557769134,0.1635927663744534,SCL_2_4_5_6,UU,20260919_revision_master_v02,1.0,16.219344765626367,106,0.2,0.2989550442230866,295634.9079022333,4089644.861201425,2021.0,"{""type"":""MultiPoint"",""coordinates"":[]}"
317,000000000000000006e6,0.952829819008268,0.0194304621429443,SCL_2_4_5_6,UU,20260919_revision_master_v02,1.0,31.52759721176077,106,0.2,0.0471701809917319,290234.9882512881,4089944.925195335,2021.0,"{""type"":""MultiPoint"",""coordinates"":[]}"
318,000000000000000006e7,0.8163433525809884,0.1234415439295893,SCL_2_4_5_6,UU,20260919_revision_master_v02,1.0,32.66738045810581,106,0.2,0.1836566474190115,290535.05208608165,4089944.9243447552,2021.0,"{""type"":""MultiPoint"",""coordinates"":[]}"
319,000000000000000006f8,0.7095537567817457,0.164111546833617,SCL_2_4_5_6,UU,20260919_revision_master_v02,1.0,16.568445475638047,106,0.2,0.2904462432182543,295634.9090373492,4089944.926146878,2021.0,"{""type"":""MultiPoint"",""coordinates"":[]}"
320,0000000000000000000a,0.9633614017032892,0.0243359249718618,SCL_2_4_5_6,UU,20260919_revision_master_v02,0.99166466801461,30.15461296610426,104,0.2,0.0366385982967107,286634.95566845924,4080045.026200996,2022.0,"{""type"":""MultiPoint"",""coordinates"":[]}"
321,00000000000000000011,0.9688415608388442,0.0062943234074994,SCL_2_4_5_6,UU,20260919_revision_master_v02,0.99993013814779,30.11347122513571,104,0.2,0.0311584391611558,286935.020483312,4080345.090636145,2022.0,"{""type"":""MultiPoint"",""coordinates"":[]}"
322,0000000000000000001c,0.703149966258136,0.1604842892775947,SCL_2_4_5_6,UU,20260919_revision_master_v02,1.0,29.856224829657968,104,0.2,0.296850033741864,286935.01997783885,4080644.905365138,2022.0,"{""type"":""MultiPoint"",""coordinates"":[]}"
323,0000000000000000001d,0.570725835993511,0.2036653093365665,SCL_2_4_5_6,UU,20260919_revision_master_v02,0.9999299512265571,30.00443944389199,104,0.2,0.429274164006489,287235.08465506026,4080644.9056242607,2022.0,"{""type"":""MultiPoint"",""coordinates"":[]}"
324,00000000000000000023,0.6557301273749254,0.1741833393464531,SCL_2_4_5_6,UU,20260919_revision_master_v02,0.991662551828618,34.0,104,0.2,0.3442698726250745,301035.07867848367,4080644.905498733,2022.0,"{""type"":""MultiPoint"",""coordinates"":[]}"
325,00000000000000000039,0.5583797079706229,0.2242368912072756,SCL_2_4_5_6,UU,20260919_revision_master_v02,1.0,34.0,104,0.2,0.4416202920293771,300434.949662598,4080944.974459088,2022.0,"{""type"":""MultiPoint"",""coordinates"":[]}"
326,0000000000000000003e,0.5018709767458089,0.236048213357102,SCL_2_4_5_6,UU,20260919_revision_master_v02,0.9917325386679552,33.06737260785376,104,0.2,0.4981290232541911,301935.0265106149,4080944.969644813,2022.0,"{""type"":""MultiPoint"",""coordinates"":[]}"
327,0000000000000000006a,0.6769447794530625,0.1829925357140136,SCL_2_4_5_6,UU,20260919_revision_master_v02,1.0,30.73637990412709,104,0.2,0.3230552205469374,286035.0733431746,4081544.85041901,2022.0,"{""type"":""MultiPoint"",""coordinates"":[]}"
328,0000000000000000006e,0.6274686795480613,0.1916896842053614,SCL_2_4_5_6,UU,20260919_revision_master_v02,1.0,31.069522027882044,104,0.2,0.3725313204519387,287235.08267244144,4081544.851182784,2022.0,"{""type"":""MultiPoint"",""coordinates"":[]}"
329,000000000000000001da,0.4266045043001937,0.2516957413091824,SCL_2_4_5_6,UU,20260919_revision_master_v02,1.0,19.482620414144407,104,0.2,0.5733954956998063,290834.8680666802,4083944.871863891,2022.0,"{""type"":""MultiPoint"",""coordinates"":[]}"
330,00000000000000000218,0.7621848849429403,0.1435282942646268,SCL_2_4_5_6,UU,20260919_revision_master_v02,1.0,16.0,104,0.2,0.2378151150570596,296235.03785798594,4084244.940030304,2022.0,"{""type"":""MultiPoint"",""coordinates"":[]}"
331,00000000000000000299,0.7019535961058695,0.1702976953183121,SCL_2_4_5_6,UU,20260919_revision_master_v02,1.0,16.0,104,0.2,0.2980464038941305,296834.91778699553,4084845.0654568034,2022.0,"{""type"":""MultiPoint"",""coordinates"":[]}"
332,000000000000000002d7,0.8522820781867023,0.1086642654147157,SCL_2_4_5_6,UU,20260919_revision_master_v02,1.0,16.78247221145851,104,0.2,0.1477179218132976,295035.02523789974,4085145.132636897,2022.0,"{""type"":""MultiPoint"",""coordinates"":[]}"
333,000000000000000002d8,0.9008251487186644,0.0855023727219097,SCL_2_4_5_6,UU,20260919_revision_master_v02,1.0,16.78211625351081,104,0.2,0.0991748512813355,295335.0900936085,4085145.13119446,2022.0,"{""type"":""MultiPoint"",""coordinates"":[]}"
334,000000000000000002db,0.7963727700472264,0.1215404598937498,SCL_2_4_5_6,UU,20260919_revision_master_v02,1.0,16.0,104,0.2,0.2036272299527736,296235.0381806832,4085145.131438402,2022.0,"{""type"":""MultiPoint"",""coordinates"":[]}"
335,0000000000000000035b,0.7462624077595382,0.1455860055971315,SCL_2_4_5_6,UU,20260919_revision_master_v02,1.0,15.996694171623954,104,0.2,0.2537375922404618,293835.01679072395,4085745.013109906,2022.0,"{""type"":""MultiPoint"",""coordinates"":[]}"
336,0000000000000000035f,0.9346659061916308,0.0631492578678388,SCL_2_4_5_6,UU,20260919_revision_master_v02,1.0,16.974495060540498,104,0.2,0.065334093808369,295035.0260554798,4085745.013937802,2022.0,"{""type"":""MultiPoint"",""coordinates"":[]}"
337,0000000000000000037d,1.0,0.0054608409202716,SCL_2_4_5_6,UU,20260919_revision_master_v02,1.0,28.03341997448656,104,0.2,0.0,304034.98242015013,4085745.012350288,2022.0,"{""type"":""MultiPoint"",""coordinates"":[]}"
338,0000000000000000039d,0.7663895818432394,0.1351781676048587,SCL_2_4_5_6,UU,20260919_revision_master_v02,1.0,16.06362629311098,104,0.2,0.2336104181567607,293234.88892913825,4086045.0764943664,2022.0,"{""type"":""MultiPoint"",""coordinates"":[]}"
339,000000000000000003df,0.729195964803051,0.1597715554553028,SCL_2_4_5_6,UU,20260919_revision_master_v02,1.0,16.062295638695748,104,0.2,0.2708040351969489,292635.0078285741,4086344.894468029,2022.0,"{""type"":""MultiPoint"",""coordinates"":[]}"
340,00000000000000000426,0.7682873202398107,0.1443808541127293,SCL_2_4_5_6,UU,20260919_revision_master_v02,1.0,16.591154688459213,104,0.2,0.2317126797601892,293534.95183232264,4086644.958564298,2022.0,"{""type"":""MultiPoint"",""coordinates"":[]}"
341,0000000000000000046b,0.8297629223871745,0.124560686845599,SCL_2_4_5_6,UU,20260919_revision_master_v02,1.0,17.906158958882067,104,0.2,0.1702370776128255,293835.01566265494,4086945.023721622,2022.0,"{""type"":""MultiPoint"",""coordinates"":[]}"
342,0000000000000000046c,0.8111102887072827,0.1273933821476006,SCL_2_4_5_6,UU,20260919_revision_master_v02,1.0,18.0,104,0.2,0.1888897112927172,294135.08171080984,4086945.019963632,2022.0,"{""type"":""MultiPoint"",""coordinates"":[]}"
343,0000000000000000046d,0.7983139403031942,0.0937263405096655,SCL_2_4_5_6,UU,20260919_revision_master_v02,1.0,18.0,104,0.2,0.2016860596968057,294435.14685534814,4086945.0215601833,2022.0,"{""type"":""MultiPoint"",""coordinates"":[]}"
344,0000000000000000046e,0.6938309182325213,0.1668172849436936,SCL_2_4_5_6,UU,20260919_revision_master_v02,1.0,18.0,104,0.2,0.3061690817674786,294734.96350772865,4086945.022233534,2022.0,"{""type"":""MultiPoint"",""coordinates"":[]}"
345,000000000000000004a4,0.8703748931493467,0.1045550874052443,SCL_2_4_5_6,UU,20260919_revision_master_v02,1.0,30.155073007344317,104,0.2,0.1296251068506532,290535.05060063256,4087245.086313822,2022.0,"{""type"":""MultiPoint"",""coordinates"":[]}"
346,000000000000000004ae,0.7759588298553209,0.1429643527407761,SCL_2_4_5_6,UU,20260919_revision_master_v02,1.0,17.58352236362606,104,0.2,0.224041170144679,293534.9524308236,4087245.090239986,2022.0,"{""type"":""MultiPoint"",""coordinates"":[]}"
347,000000000000000004b2,0.8135757300901357,0.1131727208895602,SCL_2_4_5_6,UU,20260919_revision_master_v02,1.0,18.0,104,0.2,0.1864242699098642,294734.96372201125,4087245.0888285786,2022.0,"{""type"":""MultiPoint"",""coordinates"":[]}"
348,000000000000000004d1,0.9544524276072284,0.0349668914655094,SCL_2_4_5_6,UU,20260919_revision_master_v02,1.0,32.412288264750714,104,0.2,0.0455475723927716,304034.9796538101,4087245.088334608,2022.0,"{""type"":""MultiPoint"",""coordinates"":[]}"
349,000000000000000004d7,0.0,0.6731760080683719,SCL_2_4_5_6,FF,20260919_revision_master_v02,0.9916836066840228,31.662079144552667,104,0.2,1.0,285434.9441558185,4087545.149817016,2022.0,"{""type"":""MultiPoint"",""coordinates"":[]}"
350,000000000000000004f3,0.7691458925736616,0.1379062501746134,SCL_2_4_5_6,UU,20260919_revision_master_v02,1.0,17.88812518535316,104,0.2,0.2308541074263383,293835.0174487109,4087545.15356378,2022.0,"{""type"":""MultiPoint"",""coordinates"":[]}"
351,000000000000000004f4,0.7415654021482154,0.1437540305197121,SCL_2_4_5_6,UU,20260919_revision_master_v02,1.0,17.413302914067028,104,0.2,0.2584345978517845,294135.08252434933,4087545.152299524,2022.0,"{""type"":""MultiPoint"",""coordinates"":[]}"
352,000000000000000004fb,0.7694498105276012,0.1670770618710277,SCL_2_4_5_6,UU,20260919_revision_master_v02,1.0,17.87252366769724,104,0.2,0.2305501894723988,296235.0366642379,4087545.153704573,2022.0,"{""type"":""MultiPoint"",""coordinates"":[]}"
353,00000000000000000515,1.0,-0.0113089310938855,SCL_2_4_5_6,UU,20260919_revision_master_v02,1.0,32.0,104,0.2,0.0,304034.9813757702,4087545.1553938673,2022.0,"{""type"":""MultiPoint"",""coordinates"":[]}"
354,00000000000000000524,0.005002355075624,0.6243653430586071,SCL_2_4_5_6,FF,20260919_revision_master_v02,1.0,31.88892765556583,104,0.2,0.994997644924376,288135.0300287467,4087844.9693724914,2022.0,"{""type"":""MultiPoint"",""coordinates"":[]}"
355,00000000000000000525,0.0,0.6800599310558415,SCL_2_4_5_6,FF,20260919_revision_master_v02,1.0,32.03090400080116,104,0.2,1.0,288435.09400367155,4087844.968850794,2022.0,"{""type"":""MultiPoint"",""coordinates"":[]}"
356,00000000000000000535,0.8283800461386165,0.1226434312022402,SCL_2_4_5_6,UU,20260919_revision_master_v02,1.0,18.0,104,0.2,0.1716199538613834,293234.8892948396,4087844.968135716,2022.0,"{""type"":""MultiPoint"",""coordinates"":[]}"
357,00000000000000000537,0.7413821677162745,0.1467959297771993,SCL_2_4_5_6,UU,20260919_revision_master_v02,1.0,17.42954398757913,104,0.2,0.2586178322837255,293835.01655497827,4087844.969251283,2022.0,"{""type"":""MultiPoint"",""coordinates"":[]}"
358,00000000000000000559,1.0,-0.0210837344988515,SCL_2_4_5_6,UU,20260919_revision_master_v02,1.0,32.249592894152514,104,0.2,0.0,304034.981257388,4087844.9701351128,2022.0,"{""type"":""MultiPoint"",""coordinates"":[]}"
359,00000000000000000568,0.0,0.6887939721017621,SCL_2_4_5_6,FF,20260919_revision_master_v02,1.0,32.42570468220732,104,0.2,1.0,288435.0943749071,4088145.033581007,2022.0,"{""type"":""MultiPoint"",""coordinates"":[]}"
360,00000000000000000579,0.7430523203921959,0.1441605899561669,SCL_2_4_5_6,UU,20260919_revision_master_v02,1.0,18.658926946504128,104,0.2,0.256947679607804,293534.9521247628,4088145.035675985,2022.0,"{""type"":""MultiPoint"",""coordinates"":[]}"
361,000000000000000005a3,0.0,0.652536258508763,SCL_2_4_5_6,FF,20260919_revision_master_v02,0.9999310481442052,31.13654084320324,104,0.2,1.0,286634.9558575192,4088445.097630976,2022.0,"{""type"":""MultiPoint"",""coordinates"":[]}"
362,000000000000000005a4,0.0016633646121355,0.6178084733801853,SCL_2_4_5_6,FF,20260919_revision_master_v02,1.0,32.927020966231986,104,0.2,0.9983366353878644,286935.0191709242,4088445.099506435,2022.0,"{""type"":""MultiPoint"",""coordinates"":[]}"
363,000000000000000005a6,0.0411440434031714,0.6331772754450752,SCL_2_4_5_6,FF,20260919_revision_master_v02,1.0,31.09067041152761,104,0.2,0.9588559565968284,287534.9011727517,4088445.0991187305,2022.0,"{""type"":""MultiPoint"",""coordinates"":[]}"
364,000000000000000005a7,0.0,0.7230991843934194,SCL_2_4_5_6,FF,20260919_revision_master_v02,1.0,31.113949347137986,104,0.2,1.0,287834.96613447217,4088445.098658019,2022.0,"{""type"":""MultiPoint"",""coordinates"":[]}"
365,000000000000000005a8,0.0,0.6565617064945074,SCL_2_4_5_6,FF,20260919_revision_master_v02,1.0,32.273270444365934,104,0.2,1.0,288135.0297317407,4088445.097235405,2022.0,"{""type"":""MultiPoint"",""coordinates"":[]}"
366,000000000000000005a9,0.0413056540025599,0.728962324607018,SCL_2_4_5_6,FF,20260919_revision_master_v02,1.0,32.95921681658674,104,0.2,0.95869434599744,288435.094915502,4088445.097874347,2022.0,"{""type"":""MultiPoint"",""coordinates"":[]}"
367,000000000000000005ac,0.9289013893182284,0.0284657161750912,SCL_2_4_5_6,UU,20260919_revision_master_v02,1.0,33.0,104,0.2,0.0710986106817717,289335.0371440579,4088445.0997957634,2022.0,"{""type"":""MultiPoint"",""coordinates"":[]}"
368,000000000000000005ae,0.8836662698464611,0.0718732022246695,SCL_2_4_5_6,UU,20260919_revision_master_v02,1.0,33.0,104,0.2,0.1163337301535388,289934.9191903508,4088445.097208524,2022.0,"{""type"":""MultiPoint"",""coordinates"":[]}"
369,000000000000000005cc,0.9734795787086504,0.0267979539647321,SCL_2_4_5_6,UU,20260919_revision_master_v02,1.0,17.0,104,0.2,0.0265204212913495,298934.87528426,4088445.098043948,2022.0,"{""type"":""MultiPoint"",""coordinates"":[]}"
370,000000000000000005e5,0.0,0.5714500764908016,SCL_2_4_5_6,FF,20260919_revision_master_v02,1.0,32.12208980346499,104,0.2,1.0,287235.08342434105,4088744.913325972,2022.0,"{""type"":""MultiPoint"",""coordinates"":[]}"
371,000000000000000005e7,0.0100704890696226,0.5986208442856912,SCL_2_4_5_6,FF,20260919_revision_master_v02,1.0,32.422507738994554,104,0.2,0.9899295109303774,287834.9652405294,4088744.916696497,2022.0,"{""type"":""MultiPoint"",""coordinates"":[]}"
372,000000000000000005ee,0.8646668672571003,0.079404405519039,SCL_2_4_5_6,UU,20260919_revision_master_v02,1.0,33.160694740606075,104,0.2,0.1353331327428997,289934.9204357471,4088744.914393939,2022.0,"{""type"":""MultiPoint"",""coordinates"":[]}"
373,0000000000000000060c,0.9783553937067968,0.0148232289188462,SCL_2_4_5_6,UU,20260919_revision_master_v02,1.0,17.0,104,0.2,0.021644606293203,298934.8759095783,4088744.913670461,2022.0,"{""type"":""MultiPoint"",""coordinates"":[]}"
374,0000000000000000062d,0.8660840822769631,0.062567007627897,SCL_2_4_5_6,UU,20260919_revision_master_v02,1.0,33.95583957998111,104,0.2,0.1339159177230369,289934.92131234845,4089044.98030659,2022.0,"{""type"":""MultiPoint"",""coordinates"":[]}"
375,0000000000000000065e,0.0005277113898435326,0.8642295672664867,SCL_2_4_5_6,FF,20260919_revision_master_v02,1.0,30.035051375538583,104,0.2,0.9994722886101564,304634.86369359423,4089044.979222061,2022.0,"{""type"":""MultiPoint"",""coordinates"":[]}"
376,00000000000000000662,0.0199979940956641,0.5747393865737737,SCL_2_4_5_6,FF,20260919_revision_master_v02,0.9835419739169337,33.050452854707146,104,0.2,0.9800020059043358,287235.0826540046,4089345.045039994,2022.0,"{""type"":""MultiPoint"",""coordinates"":[]}"
377,00000000000000000663,0.0244491739790311,0.6542045350976107,SCL_2_4_5_6,FF,20260919_revision_master_v02,0.9999299463385526,33.02850949880502,104,0.2,0.9755508260209688,287534.9010000072,4089345.044494125,2022.0,"{""type"":""MultiPoint"",""coordinates"":[]}"
378,000000000000000006aa,0.0701201960818521,0.662547845512231,SCL_2_4_5_6,FF,20260919_revision_master_v02,1.0,32.978315859253726,104,0.2,0.9298798039181478,290535.0501325752,4089644.858763176,2022.0,"{""type"":""MultiPoint"",""coordinates"":[]}"
379,000000000000000006ad,0.0,0.7199432220769807,SCL_2_4_5_6,FF,20260919_revision_master_v02,1.0,28.50800835502757,104,0.2,1.0,291434.9972657905,4089644.859494724,2022.0,"{""type"":""MultiPoint"",""coordinates"":[]}"
380,000000000000000006bb,0.7174476213736198,0.1613096175388113,SCL_2_4_5_6,UU,20260919_revision_master_v02,1.0,16.412395548034812,104,0.2,0.2825523786263802,295634.9079022333,4089644.861201425,2022.0,"{""type"":""MultiPoint"",""coordinates"":[]}"
381,000000000000000006e6,0.9622516642792768,0.0143212554069528,SCL_2_4_5_6,UU,20260919_revision_master_v02,1.0,32.91010061868959,104,0.2,0.0377483357207233,290234.9882512881,4089944.925195335,2022.0,"{""type"":""MultiPoint"",""coordinates"":[]}"
382,000000000000000006e7,0.8141191144915654,0.1253660767995211,SCL_2_4_5_6,UU,20260919_revision_master_v02,1.0,32.449666800411705,104,0.2,0.1858808855084346,290535.05208608165,4089944.9243447552,2022.0,"{""type"":""MultiPoint"",""coordinates"":[]}"
383,000000000000000006f8,0.7198593932627393,0.1603150575311044,SCL_2_4_5_6,UU,20260919_revision_master_v02,1.0,15.935981194285011,104,0.2,0.2801406067372606,295634.9090373492,4089944.926146878,2022.0,"{""type"":""MultiPoint"",""coordinates"":[]}"
384,0000000000000000000a,0.970033272138182,0.0275864852520382,SCL_2_4_5_6,UU,20260919_revision_master_v02,0.99166466801461,31.60870570074261,99,0.2,0.0299667278618181,286634.95566845924,4080045.026200996,2023.0,"{""type"":""MultiPoint"",""coordinates"":[]}"
385,00000000000000000011,0.9727467054423872,0.0153807438547513,SCL_2_4_5_6,UU,20260919_revision_master_v02,0.99993013814779,31.443658384741628,99,0.2,0.0272532945576128,286935.020483312,4080345.090636145,2023.0,"{""type"":""MultiPoint"",""coordinates"":[]}"
386,0000000000000000001c,0.7176045453555956,0.1545954337896259,SCL_2_4_5_6,UU,20260919_revision_master_v02,1.0,31.81903911879313,99,0.2,0.2823954546444044,286935.01997783885,4080644.905365138,2023.0,"{""type"":""MultiPoint"",""coordinates"":[]}"
387,0000000000000000001d,0.6057311563486665,0.1916136157985825,SCL_2_4_5_6,UU,20260919_revision_master_v02,0.9999299512265571,32.16685854832801,99,0.2,0.3942688436513334,287235.08465506026,4080644.9056242607,2023.0,"{""type"":""MultiPoint"",""coordinates"":[]}"
388,00000000000000000023,0.6374327913030966,0.1833909400109178,SCL_2_4_5_6,UU,20260919_revision_master_v02,0.991662551828618,36.0,99,0.2,0.3625672086969034,301035.07867848367,4080644.905498733,2023.0,"{""type"":""MultiPoint"",""coordinates"":[]}"
389,00000000000000000039,0.5894797899621446,0.2122571561765624,SCL_2_4_5_6,UU,20260919_revision_master_v02,1.0,36.0,99,0.2,0.4105202100378554,300434.949662598,4080944.974459088,2023.0,"{""type"":""MultiPoint"",""coordinates"":[]}"
390,0000000000000000003e,0.4944132372695079,0.2311707870349457,SCL_2_4_5_6,UU,20260919_revision_master_v02,0.9917325386679552,36.0,99,0.2,0.5055867627304921,301935.0265106149,4080944.969644813,2023.0,"{""type"":""MultiPoint"",""coordinates"":[]}"
391,0000000000000000006a,0.6302796511653219,0.192527612073365,SCL_2_4_5_6,UU,20260919_revision_master_v02,1.0,31.8529948319176,99,0.2,0.369720348834678,286035.0733431746,4081544.85041901,2023.0,"{""type"":""MultiPoint"",""coordinates"":[]}"
392,0000000000000000006e,0.5935994209041398,0.2032052320622702,SCL_2_4_5_6,UU,20260919_revision_master_v02,1.0,31.958599878773608,99,0.2,0.4064005790958602,287235.08267244144,4081544.851182784,2023.0,"{""type"":""MultiPoint"",""coordinates"":[]}"
393,000000000000000001da,0.4241055073879595,0.2540289161542971,SCL_2_4_5_6,UU,20260919_revision_master_v02,1.0,18.019472986410307,99,0.2,0.5758944926120405,290834.8680666802,4083944.871863891,2023.0,"{""type"":""MultiPoint"",""coordinates"":[]}"
394,00000000000000000218,0.7541132299266096,0.1471640144826334,SCL_2_4_5_6,UU,20260919_revision_master_v02,1.0,17.64224820230152,99,0.2,0.2458867700733905,296235.03785798594,4084244.940030304,2023.0,"{""type"":""MultiPoint"",""coordinates"":[]}"
395,00000000000000000299,0.6819778908824925,0.1756109973081742,SCL_2_4_5_6,UU,20260919_revision_master_v02,1.0,17.087561335603187,99,0.2,0.3180221091175075,296834.91778699553,4084845.0654568034,2023.0,"{""type"":""MultiPoint"",""coordinates"":[]}"
396,000000000000000002d7,0.8672767882410821,0.1069401797194946,SCL_2_4_5_6,UU,20260919_revision_master_v02,1.0,18.0,99,0.2,0.1327232117589178,295035.02523789974,4085145.132636897,2023.0,"{""type"":""MultiPoint"",""coordinates"":[]}"
397,000000000000000002d8,0.9091638609284232,0.0825469567394342,SCL_2_4_5_6,UU,20260919_revision_master_v02,1.0,17.872982921340416,99,0.2,0.0908361390715768,295335.0900936085,4085145.13119446,2023.0,"{""type"":""MultiPoint"",""coordinates"":[]}"
398,000000000000000002db,0.7969396609992108,0.121593617729829,SCL_2_4_5_6,UU,20260919_revision_master_v02,1.0,17.935627352052308,99,0.2,0.2030603390007892,296235.0381806832,4085145.131438402,2023.0,"{""type"":""MultiPoint"",""coordinates"":[]}"
399,0000000000000000035b,0.7412600526839142,0.1489842483326703,SCL_2_4_5_6,UU,20260919_revision_master_v02,1.0,17.447067494722837,99,0.2,0.2587399473160859,293835.01679072395,4085745.013109906,2023.0,"{""type"":""MultiPoint"",""coordinates"":[]}"
400,0000000000000000035f,0.9307691972779636,0.0685089029859887,SCL_2_4_5_6,UU,20260919_revision_master_v02,1.0,17.9520987804825,99,0.2,0.0692308027220362,295035.0260554798,4085745.013937802,2023.0,"{""type"":""MultiPoint"",""coordinates"":[]}"
401,0000000000000000037d,1.0,0.0108932703737479,SCL_2_4_5_6,UU,20260919_revision_master_v02,1.0,32.0,99,0.2,0.0,304034.98242015013,4085745.012350288,2023.0,"{""type"":""MultiPoint"",""coordinates"":[]}"
402,0000000000000000039d,0.7747457390576209,0.1364890918572954,SCL_2_4_5_6,UU,20260919_revision_master_v02,1.0,18.0,99,0.2,0.225254260942379,293234.88892913825,4086045.0764943664,2023.0,"{""type"":""MultiPoint"",""coordinates"":[]}"
403,000000000000000003df,0.7302887943608252,0.159976854392071,SCL_2_4_5_6,UU,20260919_revision_master_v02,1.0,17.99971699632966,99,0.2,0.2697112056391749,292635.0078285741,4086344.894468029,2023.0,"{""type"":""MultiPoint"",""coordinates"":[]}"
404,00000000000000000426,0.7626926040900204,0.1510985697659268,SCL_2_4_5_6,UU,20260919_revision_master_v02,1.0,17.0,99,0.2,0.2373073959099796,293534.95183232264,4086644.958564298,2023.0,"{""type"":""MultiPoint"",""coordinates"":[]}"
405,0000000000000000046b,0.8169713727474138,0.1326175433095378,SCL_2_4_5_6,UU,20260919_revision_master_v02,1.0,17.36645848961145,99,0.2,0.1830286272525861,293835.01566265494,4086945.023721622,2023.0,"{""type"":""MultiPoint"",""coordinates"":[]}"
406,0000000000000000046c,0.8027812729940482,0.137032814740315,SCL_2_4_5_6,UU,20260919_revision_master_v02,1.0,17.071451895906897,99,0.2,0.1972187270059518,294135.08171080984,4086945.019963632,2023.0,"{""type"":""MultiPoint"",""coordinates"":[]}"
407,0000000000000000046d,0.8144418470770896,0.0957669140910902,SCL_2_4_5_6,UU,20260919_revision_master_v02,1.0,17.0,99,0.2,0.1855581529229104,294435.14685534814,4086945.0215601833,2023.0,"{""type"":""MultiPoint"",""coordinates"":[]}"
408,0000000000000000046e,0.727216434604768,0.1476525176741077,SCL_2_4_5_6,UU,20260919_revision_master_v02,1.0,17.0,99,0.2,0.2727835653952319,294734.96350772865,4086945.022233534,2023.0,"{""type"":""MultiPoint"",""coordinates"":[]}"
409,000000000000000004a4,0.862572614831743,0.1110319599039983,SCL_2_4_5_6,UU,20260919_revision_master_v02,1.0,31.87869179910331,99,0.2,0.137427385168257,290535.05060063256,4087245.086313822,2023.0,"{""type"":""MultiPoint"",""coordinates"":[]}"
410,000000000000000004ae,0.756531885528189,0.1528009814914741,SCL_2_4_5_6,UU,20260919_revision_master_v02,1.0,17.059748085387994,99,0.2,0.243468114471811,293534.9524308236,4087245.090239986,2023.0,"{""type"":""MultiPoint"",""coordinates"":[]}"
411,000000000000000004b2,0.8152502387483048,0.1104111633820702,SCL_2_4_5_6,UU,20260919_revision_master_v02,1.0,17.0,99,0.2,0.1847497612516951,294734.96372201125,4087245.0888285786,2023.0,"{""type"":""MultiPoint"",""coordinates"":[]}"
412,000000000000000004d1,0.9744611365120835,0.0381475555013202,SCL_2_4_5_6,UU,20260919_revision_master_v02,1.0,32.93553668626174,99,0.2,0.0255388634879164,304034.9796538101,4087245.088334608,2023.0,"{""type"":""MultiPoint"",""coordinates"":[]}"
413,000000000000000004d7,0.0,0.7053276528085939,SCL_2_4_5_6,FF,20260919_revision_master_v02,0.9916836066840228,32.46224981604922,99,0.2,1.0,285434.9441558185,4087545.149817016,2023.0,"{""type"":""MultiPoint"",""coordinates"":[]}"
414,000000000000000004f3,0.751674720443801,0.1471726738439816,SCL_2_4_5_6,UU,20260919_revision_master_v02,1.0,17.186395513144785,99,0.2,0.2483252795561989,293835.0174487109,4087545.15356378,2023.0,"{""type"":""MultiPoint"",""coordinates"":[]}"
415,000000000000000004f4,0.692980202804784,0.157502408196565,SCL_2_4_5_6,UU,20260919_revision_master_v02,1.0,17.0,99,0.2,0.3070197971952159,294135.08252434933,4087545.152299524,2023.0,"{""type"":""MultiPoint"",""coordinates"":[]}"
416,000000000000000004fb,0.7434033516337363,0.1776733897968979,SCL_2_4_5_6,UU,20260919_revision_master_v02,1.0,16.63214446125735,99,0.2,0.2565966483662637,296235.0366642379,4087545.153704573,2023.0,"{""type"":""MultiPoint"",""coordinates"":[]}"
417,00000000000000000515,1.0,-0.0028461549916842,SCL_2_4_5_6,UU,20260919_revision_master_v02,1.0,34.0,99,0.2,0.0,304034.9813757702,4087545.1553938673,2023.0,"{""type"":""MultiPoint"",""coordinates"":[]}"
418,00000000000000000524,0.0005538788967779373,0.669817695634255,SCL_2_4_5_6,FF,20260919_revision_master_v02,1.0,32.09341799975577,99,0.2,0.999446121103222,288135.0300287467,4087844.9693724914,2023.0,"{""type"":""MultiPoint"",""coordinates"":[]}"
419,00000000000000000525,0.0,0.7181298585918733,SCL_2_4_5_6,FF,20260919_revision_master_v02,1.0,32.0169802202204,99,0.2,1.0,288435.09400367155,4087844.968850794,2023.0,"{""type"":""MultiPoint"",""coordinates"":[]}"
420,00000000000000000535,0.8244857375855288,0.1294137570424034,SCL_2_4_5_6,UU,20260919_revision_master_v02,1.0,17.0,99,0.2,0.1755142624144712,293234.8892948396,4087844.968135716,2023.0,"{""type"":""MultiPoint"",""coordinates"":[]}"
421,00000000000000000537,0.7135966366031088,0.1582047012686787,SCL_2_4_5_6,UU,20260919_revision_master_v02,1.0,17.0,99,0.2,0.2864033633968912,293835.01655497827,4087844.969251283,2023.0,"{""type"":""MultiPoint"",""coordinates"":[]}"
422,00000000000000000559,0.9988897113249444,-0.0118600154364413,SCL_2_4_5_6,UU,20260919_revision_master_v02,1.0,34.0,99,0.2,0.0011102886750555,304034.981257388,4087844.9701351128,2023.0,"{""type"":""MultiPoint"",""coordinates"":[]}"
423,00000000000000000568,0.0,0.7139126363001175,SCL_2_4_5_6,FF,20260919_revision_master_v02,1.0,32.05329200010449,99,0.2,1.0,288435.0943749071,4088145.033581007,2023.0,"{""type"":""MultiPoint"",""coordinates"":[]}"
424,00000000000000000579,0.72470513451265,0.1529118124972862,SCL_2_4_5_6,UU,20260919_revision_master_v02,1.0,17.0,99,0.2,0.27529486548735,293534.9521247628,4088145.035675985,2023.0,"{""type"":""MultiPoint"",""coordinates"":[]}"
425,000000000000000005a3,0.0,0.6845254800823464,SCL_2_4_5_6,FF,20260919_revision_master_v02,0.9999310481442052,31.31639746027315,99,0.2,1.0,286634.9558575192,4088445.097630976,2023.0,"{""type"":""MultiPoint"",""coordinates"":[]}"
426,000000000000000005a4,0.0,0.6501432828449941,SCL_2_4_5_6,FF,20260919_revision_master_v02,1.0,31.75105266595545,99,0.2,1.0,286935.0191709242,4088445.099506435,2023.0,"{""type"":""MultiPoint"",""coordinates"":[]}"
427,000000000000000005a6,0.0361416883275473,0.6552217080720917,SCL_2_4_5_6,FF,20260919_revision_master_v02,1.0,32.060311742232614,99,0.2,0.9638583116724526,287534.9011727517,4088445.0991187305,2023.0,"{""type"":""MultiPoint"",""coordinates"":[]}"
428,000000000000000005a7,0.0,0.7301432333274865,SCL_2_4_5_6,FF,20260919_revision_master_v02,1.0,32.016649178643426,99,0.2,1.0,287834.96613447217,4088445.098658019,2023.0,"{""type"":""MultiPoint"",""coordinates"":[]}"
429,000000000000000005a8,0.0,0.6822292648336177,SCL_2_4_5_6,FF,20260919_revision_master_v02,1.0,31.91364760372101,99,0.2,1.0,288135.0297317407,4088445.097235405,2023.0,"{""type"":""MultiPoint"",""coordinates"":[]}"
430,000000000000000005a9,0.0362638128162033,0.736713124115945,SCL_2_4_5_6,FF,20260919_revision_master_v02,1.0,32.054066998145274,99,0.2,0.9637361871837966,288435.094915502,4088445.097874347,2023.0,"{""type"":""MultiPoint"",""coordinates"":[]}"
431,000000000000000005ac,0.9338778566794816,0.0351950469102395,SCL_2_4_5_6,UU,20260919_revision_master_v02,1.0,31.70411570830845,99,0.2,0.0661221433205185,289335.0371440579,4088445.0997957634,2023.0,"{""type"":""MultiPoint"",""coordinates"":[]}"
432,000000000000000005ae,0.8958935649716775,0.0711616895788693,SCL_2_4_5_6,UU,20260919_revision_master_v02,1.0,32.13027912594899,99,0.2,0.1041064350283224,289934.9191903508,4088445.097208524,2023.0,"{""type"":""MultiPoint"",""coordinates"":[]}"
433,000000000000000005cc,0.9624152292897796,0.0356922005477051,SCL_2_4_5_6,UU,20260919_revision_master_v02,1.0,16.348132318628846,99,0.2,0.0375847707102204,298934.87528426,4088445.098043948,2023.0,"{""type"":""MultiPoint"",""coordinates"":[]}"
434,000000000000000005e5,0.0,0.6152614816639055,SCL_2_4_5_6,FF,20260919_revision_master_v02,1.0,32.17877404359788,99,0.2,1.0,287235.08342434105,4088744.913325972,2023.0,"{""type"":""MultiPoint"",""coordinates"":[]}"
435,000000000000000005e7,0.0111807245701646,0.6253703496730154,SCL_2_4_5_6,FF,20260919_revision_master_v02,1.0,32.21808072935943,99,0.2,0.9888192754298354,287834.9652405294,4088744.916696497,2023.0,"{""type"":""MultiPoint"",""coordinates"":[]}"
436,000000000000000005ee,0.8802169865211951,0.0741697706965057,SCL_2_4_5_6,UU,20260919_revision_master_v02,1.0,32.0,99,0.2,0.1197830134788049,289934.9204357471,4088744.914393939,2023.0,"{""type"":""MultiPoint"",""coordinates"":[]}"
437,0000000000000000060c,0.9711550622560458,0.0253067492823724,SCL_2_4_5_6,UU,20260919_revision_master_v02,1.0,16.83321049303301,99,0.2,0.0288449377439542,298934.8759095783,4088744.913670461,2023.0,"{""type"":""MultiPoint"",""coordinates"":[]}"
438,0000000000000000062d,0.8888728997963571,0.0628445577236312,SCL_2_4_5_6,UU,20260919_revision_master_v02,1.0,32.0,99,0.2,0.1111271002036428,289934.92131234845,4089044.98030659,2023.0,"{""type"":""MultiPoint"",""coordinates"":[]}"
439,0000000000000000065e,0.0005277113898435326,0.853233315883549,SCL_2_4_5_6,FF,20260919_revision_master_v02,1.0,31.996079235211,99,0.2,0.9994722886101564,304634.86369359423,4089044.979222061,2023.0,"{""type"":""MultiPoint"",""coordinates"":[]}"
440,00000000000000000662,0.0133349031715092,0.6062958739129334,SCL_2_4_5_6,FF,20260919_revision_master_v02,0.9835419739169337,30.930137840513133,99,0.2,0.9866650968284908,287235.0826540046,4089345.045039994,2023.0,"{""type"":""MultiPoint"",""coordinates"":[]}"
441,00000000000000000663,0.011112467944804,0.646498624405854,SCL_2_4_5_6,FF,20260919_revision_master_v02,0.9999299463385526,31.596082724211907,99,0.2,0.988887532055196,287534.9010000072,4089345.044494125,2023.0,"{""type"":""MultiPoint"",""coordinates"":[]}"
442,000000000000000006aa,0.068968825776739,0.6597602268798524,SCL_2_4_5_6,FF,20260919_revision_master_v02,1.0,31.995551523821156,99,0.2,0.931031174223261,290535.0501325752,4089644.858763176,2023.0,"{""type"":""MultiPoint"",""coordinates"":[]}"
443,000000000000000006ad,0.0,0.7338473880023995,SCL_2_4_5_6,FF,20260919_revision_master_v02,1.0,31.238715697945693,99,0.2,1.0,291434.9972657905,4089644.859494724,2023.0,"{""type"":""MultiPoint"",""coordinates"":[]}"
444,000000000000000006bb,0.7063787659403731,0.1638339111545722,SCL_2_4_5_6,UU,20260919_revision_master_v02,1.0,15.845197390227309,99,0.2,0.2936212340596269,295634.9079022333,4089644.861201425,2023.0,"{""type"":""MultiPoint"",""coordinates"":[]}"
445,000000000000000006e6,0.9622647259871384,0.019401541782012,SCL_2_4_5_6,UU,20260919_revision_master_v02,1.0,32.28572921338043,99,0.2,0.0377352740128614,290234.9882512881,4089944.925195335,2023.0,"{""type"":""MultiPoint"",""coordinates"":[]}"
446,000000000000000006e7,0.8080090016223855,0.1328862260635784,SCL_2_4_5_6,UU,20260919_revision_master_v02,1.0,32.0,99,0.2,0.1919909983776145,290535.05208608165,4089944.9243447552,2023.0,"{""type"":""MultiPoint"",""coordinates"":[]}"
447,000000000000000006f8,0.7092877204612461,0.1637054897575928,SCL_2_4_5_6,UU,20260919_revision_master_v02,1.0,15.69712855223906,99,0.2,0.2907122795387539,295634.9090373492,4089944.926146878,2023.0,"{""type"":""MultiPoint"",""coordinates"":[]}"
448,0000000000000000000a,0.9661522494669044,0.0172860927483585,SCL_2_4_5_6,UU,20260919_revision_master_v02,0.99166466801461,36.0,114,0.2,0.0338477505330955,286634.95566845924,4080045.026200996,2024.0,"{""type"":""MultiPoint"",""coordinates"":[]}"
449,00000000000000000011,0.9805178125965948,-0.0011618745848922,SCL_2_4_5_6,UU,20260919_revision_master_v02,0.99993013814779,36.0,114,0.2,0.0194821874034053,286935.020483312,4080345.090636145,2024.0,"{""type"":""MultiPoint"",""coordinates"":[]}"
450,0000000000000000001c,0.6787165030367677,0.1590913194463202,SCL_2_4_5_6,UU,20260919_revision_master_v02,1.0,35.90732960358752,114,0.2,0.3212834969632324,286935.01997783885,4080644.905365138,2024.0,"{""type"":""MultiPoint"",""coordinates"":[]}"
451,0000000000000000001d,0.594078706368727,0.1955592387970354,SCL_2_4_5_6,UU,20260919_revision_master_v02,0.9999299512265571,36.0,114,0.2,0.405921293631273,287235.08465506026,4080644.9056242607,2024.0,"{""type"":""MultiPoint"",""coordinates"":[]}"
452,00000000000000000023,0.6721959855749315,0.1775301382082923,SCL_2_4_5_6,UU,20260919_revision_master_v02,0.991662551828618,34.0,114,0.2,0.3278040144250684,301035.07867848367,4080644.905498733,2024.0,"{""type"":""MultiPoint"",""coordinates"":[]}"
453,00000000000000000039,0.5711407288522934,0.2174906368778471,SCL_2_4_5_6,UU,20260919_revision_master_v02,1.0,35.41848821589933,114,0.2,0.4288592711477066,300434.949662598,4080944.974459088,2024.0,"{""type"":""MultiPoint"",""coordinates"":[]}"
454,0000000000000000003e,0.5190935575597928,0.2299173263848663,SCL_2_4_5_6,UU,20260919_revision_master_v02,0.9917325386679552,34.0,114,0.2,0.4809064424402072,301935.0265106149,4080944.969644813,2024.0,"{""type"":""MultiPoint"",""coordinates"":[]}"
455,0000000000000000006a,0.6400323930354972,0.1911102126062946,SCL_2_4_5_6,UU,20260919_revision_master_v02,1.0,35.76348294794038,114,0.2,0.3599676069645027,286035.0733431746,4081544.85041901,2024.0,"{""type"":""MultiPoint"",""coordinates"":[]}"
456,0000000000000000006e,0.5746000183147789,0.2099743236038679,SCL_2_4_5_6,UU,20260919_revision_master_v02,1.0,36.0,114,0.2,0.4253999816852211,287235.08267244144,4081544.851182784,2024.0,"{""type"":""MultiPoint"",""coordinates"":[]}"
457,000000000000000001da,0.4319208694590304,0.2538850976199897,SCL_2_4_5_6,UU,20260919_revision_master_v02,1.0,23.19107513563489,114,0.2,0.5680791305409696,290834.8680666802,4083944.871863891,2024.0,"{""type"":""MultiPoint"",""coordinates"":[]}"
458,00000000000000000218,0.7652635388821784,0.1337438644222512,SCL_2_4_5_6,UU,20260919_revision_master_v02,1.0,17.0,114,0.2,0.2347364611178216,296235.03785798594,4084244.940030304,2024.0,"{""type"":""MultiPoint"",""coordinates"":[]}"
459,00000000000000000299,0.6958450707291481,0.1710642923305506,SCL_2_4_5_6,UU,20260919_revision_master_v02,1.0,16.44668428545928,114,0.2,0.3041549292708519,296834.91778699553,4084845.0654568034,2024.0,"{""type"":""MultiPoint"",""coordinates"":[]}"
460,000000000000000002d7,0.8611378390027907,0.1022863682775956,SCL_2_4_5_6,UU,20260919_revision_master_v02,1.0,17.0,114,0.2,0.1388621609972092,295035.02523789974,4085145.132636897,2024.0,"{""type"":""MultiPoint"",""coordinates"":[]}"
461,000000000000000002d8,0.9072405491687456,0.0755142442611418,SCL_2_4_5_6,UU,20260919_revision_master_v02,1.0,17.0,114,0.2,0.0927594508312544,295335.0900936085,4085145.13119446,2024.0,"{""type"":""MultiPoint"",""coordinates"":[]}"
462,000000000000000002db,0.8174611134610438,0.1119354643651646,SCL_2_4_5_6,UU,20260919_revision_master_v02,1.0,16.0,114,0.2,0.1825388865389562,296235.0381806832,4085145.131438402,2024.0,"{""type"":""MultiPoint"",""coordinates"":[]}"
463,0000000000000000035b,0.7348708197407674,0.1476182898748244,SCL_2_4_5_6,UU,20260919_revision_master_v02,1.0,17.248534619611686,114,0.2,0.2651291802592326,293835.01679072395,4085745.013109906,2024.0,"{""type"":""MultiPoint"",""coordinates"":[]}"
464,0000000000000000035f,0.9279827238648386,0.0614003665792767,SCL_2_4_5_6,UU,20260919_revision_master_v02,1.0,17.0,114,0.2,0.0720172761351614,295035.0260554798,4085745.013937802,2024.0,"{""type"":""MultiPoint"",""coordinates"":[]}"
465,0000000000000000037d,1.0,-0.001927942012168,SCL_2_4_5_6,UU,20260919_revision_master_v02,1.0,34.93561996316663,114,0.2,0.0,304034.98242015013,4085745.012350288,2024.0,"{""type"":""MultiPoint"",""coordinates"":[]}"
466,0000000000000000039d,0.7800141304537447,0.1262146711360005,SCL_2_4_5_6,UU,20260919_revision_master_v02,1.0,17.0,114,0.2,0.2199858695462553,293234.88892913825,4086045.0764943664,2024.0,"{""type"":""MultiPoint"",""coordinates"":[]}"
467,000000000000000003df,0.7580797547882042,0.1502416037278971,SCL_2_4_5_6,UU,20260919_revision_master_v02,1.0,17.702040674158283,114,0.2,0.2419202452117957,292635.0078285741,4086344.894468029,2024.0,"{""type"":""MultiPoint"",""coordinates"":[]}"
468,00000000000000000426,0.7499314266308488,0.1476449881665585,SCL_2_4_5_6,UU,20260919_revision_master_v02,1.0,17.0,114,0.2,0.2500685733691513,293534.95183232264,4086644.958564298,2024.0,"{""type"":""MultiPoint"",""coordinates"":[]}"
469,0000000000000000046b,0.8119777401741013,0.1275285442851983,SCL_2_4_5_6,UU,20260919_revision_master_v02,1.0,17.0,114,0.2,0.1880222598258987,293835.01566265494,4086945.023721622,2024.0,"{""type"":""MultiPoint"",""coordinates"":[]}"
470,0000000000000000046c,0.806177317038127,0.1269633551598461,SCL_2_4_5_6,UU,20260919_revision_master_v02,1.0,17.0,114,0.2,0.1938226829618729,294135.08171080984,4086945.019963632,2024.0,"{""type"":""MultiPoint"",""coordinates"":[]}"
471,0000000000000000046d,0.8282626519896028,0.0825245984112292,SCL_2_4_5_6,UU,20260919_revision_master_v02,1.0,17.0,114,0.2,0.1717373480103971,294435.14685534814,4086945.0215601833,2024.0,"{""type"":""MultiPoint"",""coordinates"":[]}"
472,0000000000000000046e,0.7605103762847713,0.1217601046222709,SCL_2_4_5_6,UU,20260919_revision_master_v02,1.0,17.0,114,0.2,0.2394896237152287,294734.96350772865,4086945.022233534,2024.0,"{""type"":""MultiPoint"",""coordinates"":[]}"
473,000000000000000004a4,0.8342637335798895,0.1106118993251145,SCL_2_4_5_6,UU,20260919_revision_master_v02,1.0,34.005769935279034,114,0.2,0.1657362664201105,290535.05060063256,4087245.086313822,2024.0,"{""type"":""MultiPoint"",""coordinates"":[]}"
474,000000000000000004ae,0.7304348204683886,0.1525696135521789,SCL_2_4_5_6,UU,20260919_revision_master_v02,1.0,16.02471688994736,114,0.2,0.2695651795316113,293534.9524308236,4087245.090239986,2024.0,"{""type"":""MultiPoint"",""coordinates"":[]}"
475,000000000000000004b2,0.8177489196366665,0.1080520464955954,SCL_2_4_5_6,UU,20260919_revision_master_v02,1.0,17.0,114,0.2,0.1822510803633334,294734.96372201125,4087245.0888285786,2024.0,"{""type"":""MultiPoint"",""coordinates"":[]}"
476,000000000000000004d1,0.9988896146309602,0.004416262917733,SCL_2_4_5_6,UU,20260919_revision_master_v02,1.0,36.946884389288165,114,0.2,0.0011103853690398,304034.9796538101,4087245.088334608,2024.0,"{""type"":""MultiPoint"",""coordinates"":[]}"
477,000000000000000004d7,0.0,0.7076497724130972,SCL_2_4_5_6,FF,20260919_revision_master_v02,0.9916836066840228,36.92772584584709,114,0.2,1.0,285434.9441558185,4087545.149817016,2024.0,"{""type"":""MultiPoint"",""coordinates"":[]}"
478,000000000000000004f3,0.724155225651135,0.1479504541188641,SCL_2_4_5_6,UU,20260919_revision_master_v02,1.0,16.05235682012455,114,0.2,0.275844774348865,293835.0174487109,4087545.15356378,2024.0,"{""type"":""MultiPoint"",""coordinates"":[]}"
479,000000000000000004f4,0.7104872452422728,0.1508288417312224,SCL_2_4_5_6,UU,20260919_revision_master_v02,1.0,16.977433722717358,114,0.2,0.2895127547577271,294135.08252434933,4087545.152299524,2024.0,"{""type"":""MultiPoint"",""coordinates"":[]}"
480,000000000000000004fb,0.7556656389951205,0.1620428282148208,SCL_2_4_5_6,UU,20260919_revision_master_v02,1.0,16.56409138282144,114,0.2,0.2443343610048795,296235.0366642379,4087545.153704573,2024.0,"{""type"":""MultiPoint"",""coordinates"":[]}"
481,00000000000000000515,1.0,-0.0112034506988797,SCL_2_4_5_6,UU,20260919_revision_master_v02,1.0,37.3485354500764,114,0.2,0.0,304034.9813757702,4087545.1553938673,2024.0,"{""type"":""MultiPoint"",""coordinates"":[]}"
482,00000000000000000524,0.0016659979414894,0.6751557326062676,SCL_2_4_5_6,FF,20260919_revision_master_v02,1.0,35.57736423425143,114,0.2,0.9983340020585104,288135.0300287467,4087844.9693724914,2024.0,"{""type"":""MultiPoint"",""coordinates"":[]}"
483,00000000000000000525,0.0,0.7424781308652408,SCL_2_4_5_6,FF,20260919_revision_master_v02,1.0,36.725630118556815,114,0.2,1.0,288435.09400367155,4087844.968850794,2024.0,"{""type"":""MultiPoint"",""coordinates"":[]}"
484,00000000000000000535,0.8269932710883569,0.1184924543528103,SCL_2_4_5_6,UU,20260919_revision_master_v02,1.0,16.122603125040882,114,0.2,0.1730067289116431,293234.8892948396,4087844.968135716,2024.0,"{""type"":""MultiPoint"",""coordinates"":[]}"
485,00000000000000000537,0.7099767981438516,0.1544677963738602,SCL_2_4_5_6,UU,20260919_revision_master_v02,1.0,16.00545156394467,114,0.2,0.2900232018561484,293835.01655497827,4087844.969251283,2024.0,"{""type"":""MultiPoint"",""coordinates"":[]}"
486,00000000000000000559,1.0,-0.0265426381619791,SCL_2_4_5_6,UU,20260919_revision_master_v02,1.0,38.0,114,0.2,0.0,304034.981257388,4087844.9701351128,2024.0,"{""type"":""MultiPoint"",""coordinates"":[]}"
487,00000000000000000568,0.0,0.7357601626874057,SCL_2_4_5_6,FF,20260919_revision_master_v02,1.0,36.06584870993304,114,0.2,1.0,288435.0943749071,4088145.033581007,2024.0,"{""type"":""MultiPoint"",""coordinates"":[]}"
488,00000000000000000579,0.7408318493911118,0.1456989704195739,SCL_2_4_5_6,UU,20260919_revision_master_v02,1.0,16.24549266156104,114,0.2,0.2591681506088882,293534.9521247628,4088145.035675985,2024.0,"{""type"":""MultiPoint"",""coordinates"":[]}"
489,000000000000000005a3,0.0,0.6752001789786859,SCL_2_4_5_6,FF,20260919_revision_master_v02,0.9999310481442052,35.538449126968814,114,0.2,1.0,286634.9558575192,4088445.097630976,2024.0,"{""type"":""MultiPoint"",""coordinates"":[]}"
490,000000000000000005a4,0.0005530034181707721,0.6487386033381801,SCL_2_4_5_6,FF,20260919_revision_master_v02,1.0,35.68253249439381,114,0.2,0.9994469965818292,286935.0191709242,4088445.099506435,2024.0,"{""type"":""MultiPoint"",""coordinates"":[]}"
491,000000000000000005a6,0.0405901645063935,0.6552149346699925,SCL_2_4_5_6,FF,20260919_revision_master_v02,1.0,36.55703644261457,114,0.2,0.9594098354936064,287534.9011727517,4088445.0991187305,2024.0,"{""type"":""MultiPoint"",""coordinates"":[]}"
492,000000000000000005a7,0.0,0.7461442831252829,SCL_2_4_5_6,FF,20260919_revision_master_v02,1.0,35.98664234307583,114,0.2,1.0,287834.96613447217,4088445.098658019,2024.0,"{""type"":""MultiPoint"",""coordinates"":[]}"
493,000000000000000005a8,0.0,0.6969410659278875,SCL_2_4_5_6,FF,20260919_revision_master_v02,1.0,35.324174745849184,114,0.2,1.0,288135.0297317407,4088445.097235405,2024.0,"{""type"":""MultiPoint"",""coordinates"":[]}"
494,000000000000000005a9,0.0418847255723228,0.7514995737311347,SCL_2_4_5_6,FF,20260919_revision_master_v02,1.0,35.699914663137136,114,0.2,0.9581152744276772,288435.094915502,4088445.097874347,2024.0,"{""type"":""MultiPoint"",""coordinates"":[]}"
495,000000000000000005ac,0.9266939799112682,0.0249039752978304,SCL_2_4_5_6,UU,20260919_revision_master_v02,1.0,35.99555905799782,114,0.2,0.0733060200887318,289335.0371440579,4088445.0997957634,2024.0,"{""type"":""MultiPoint"",""coordinates"":[]}"
496,000000000000000005ae,0.9003239971568486,0.0577482202444337,SCL_2_4_5_6,UU,20260919_revision_master_v02,1.0,35.8652729992194,114,0.2,0.0996760028431513,289934.9191903508,4088445.097208524,2024.0,"{""type"":""MultiPoint"",""coordinates"":[]}"
497,000000000000000005cc,0.9654288144093852,0.0224301185151221,SCL_2_4_5_6,UU,20260919_revision_master_v02,1.0,17.99449617305215,114,0.2,0.0345711855906146,298934.87528426,4088445.098043948,2024.0,"{""type"":""MultiPoint"",""coordinates"":[]}"
498,000000000000000005e5,0.0,0.6087839150954396,SCL_2_4_5_6,FF,20260919_revision_master_v02,1.0,35.70430353693252,114,0.2,1.0,287235.08342434105,4088744.913325972,2024.0,"{""type"":""MultiPoint"",""coordinates"":[]}"
499,000000000000000005e7,0.0111807245701646,0.6375090452960286,SCL_2_4_5_6,FF,20260919_revision_master_v02,1.0,35.13557499314274,114,0.2,0.9888192754298354,287834.9652405294,4088744.916696497,2024.0,"{""type"":""MultiPoint"",""coordinates"":[]}"
500,000000000000000005ee,0.879122460459701,0.0698144657500722,SCL_2_4_5_6,UU,20260919_revision_master_v02,1.0,35.058454668742314,114,0.2,0.120877539540299,289934.9204357471,4088744.914393939,2024.0,"{""type"":""MultiPoint"",""coordinates"":[]}"
501,0000000000000000060c,0.9775354892169476,0.0075085512601508,SCL_2_4_5_6,UU,20260919_revision_master_v02,1.0,18.0,114,0.2,0.0224645107830523,298934.8759095783,4088744.913670461,2024.0,"{""type"":""MultiPoint"",""coordinates"":[]}"
502,0000000000000000062d,0.869132184735068,0.0565178583127331,SCL_2_4_5_6,UU,20260919_revision_master_v02,1.0,35.738015811758835,114,0.2,0.1308678152649319,289934.92131234845,4089044.98030659,2024.0,"{""type"":""MultiPoint"",""coordinates"":[]}"
503,0000000000000000065e,0.0005277113898435326,0.9281832056882244,SCL_2_4_5_6,FF,20260919_revision_master_v02,1.0,35.951319714599684,114,0.2,0.9994722886101564,304634.86369359423,4089044.979222061,2024.0,"{""type"":""MultiPoint"",""coordinates"":[]}"
504,00000000000000000662,0.0155544799256943,0.6080943738498196,SCL_2_4_5_6,FF,20260919_revision_master_v02,0.9835419739169337,35.09375422439084,114,0.2,0.9844455200743056,287235.0826540046,4089345.045039994,2024.0,"{""type"":""MultiPoint"",""coordinates"":[]}"
505,00000000000000000663,0.0177808209619175,0.6520808088094191,SCL_2_4_5_6,FF,20260919_revision_master_v02,0.9999299463385526,35.3876236414702,114,0.2,0.9822191790380824,287534.9010000072,4089345.044494125,2024.0,"{""type"":""MultiPoint"",""coordinates"":[]}"
506,000000000000000006aa,0.0756197337892297,0.7018023928488581,SCL_2_4_5_6,FF,20260919_revision_master_v02,1.0,35.994997644924254,114,0.2,0.9243802662107704,290535.0501325752,4089644.858763176,2024.0,"{""type"":""MultiPoint"",""coordinates"":[]}"
507,000000000000000006ad,0.0,0.743675961721866,SCL_2_4_5_6,FF,20260919_revision_master_v02,1.0,34.988666640502714,114,0.2,1.0,291434.9972657905,4089644.859494724,2024.0,"{""type"":""MultiPoint"",""coordinates"":[]}"
508,000000000000000006bb,0.7446879960923191,0.1510031791247684,SCL_2_4_5_6,UU,20260919_revision_master_v02,1.0,18.11349283882554,114,0.2,0.2553120039076809,295634.9079022333,4089644.861201425,2024.0,"{""type"":""MultiPoint"",""coordinates"":[]}"
509,000000000000000006e6,0.9578280992167328,0.0071586187281579,SCL_2_4_5_6,UU,20260919_revision_master_v02,1.0,36.0,114,0.2,0.0421719007832671,290234.9882512881,4089944.925195335,2024.0,"{""type"":""MultiPoint"",""coordinates"":[]}"
510,000000000000000006e7,0.8246820647907472,0.1211872626636744,SCL_2_4_5_6,UU,20260919_revision_master_v02,1.0,36.0,114,0.2,0.1753179352092527,290535.05208608165,4089944.9243447552,2024.0,"{""type"":""MultiPoint"",""coordinates"":[]}"
511,000000000000000006f8,0.7754042879821365,0.146951120084741,SCL_2_4_5_6,UU,20260919_revision_master_v02,1.0,18.250331455087803,114,0.2,0.2245957120178635,295634.9090373492,4089944.926146878,2024.0,"{""type"":""MultiPoint"",""coordinates"":[]}"
512,0000000000000000000a,0.9700594363359656,0.0230736430021491,SCL_2_4_5_6,UU,20260919_revision_master_v02,0.99166466801461,44.21186023085532,155,0.2,0.0299405636640342,286634.95566845924,4080045.026200996,2025.0,"{""type"":""MultiPoint"",""coordinates"":[]}"
513,00000000000000000011,0.973856863607274,0.0034296874352872,SCL_2_4_5_6,UU,20260919_revision_master_v02,0.99993013814779,45.5245127276368,155,0.2,0.026143136392726,286935.020483312,4080345.090636145,2025.0,"{""type"":""MultiPoint"",""coordinates"":[]}"
514,0000000000000000001c,0.6853865076082459,0.1597486271013889,SCL_2_4_5_6,UU,20260919_revision_master_v02,1.0,45.53768857348106,155,0.2,0.314613492391754,286935.01997783885,4080644.905365138,2025.0,"{""type"":""MultiPoint"",""coordinates"":[]}"
515,0000000000000000001d,0.5679697175850822,0.2056701457406738,SCL_2_4_5_6,UU,20260919_revision_master_v02,0.9999299512265571,45.0,155,0.2,0.4320302824149177,287235.08465506026,4080644.9056242607,2025.0,"{""type"":""MultiPoint"",""coordinates"":[]}"
516,00000000000000000023,0.6171906001578561,0.1878733066632693,SCL_2_4_5_6,UU,20260919_revision_master_v02,0.991662551828618,46.027201807058105,155,0.2,0.3828093998421439,301035.07867848367,4080644.905498733,2025.0,"{""type"":""MultiPoint"",""coordinates"":[]}"
517,00000000000000000039,0.5734303857090525,0.2142412148806023,SCL_2_4_5_6,UU,20260919_revision_master_v02,1.0,45.96470875564778,155,0.2,0.4265696142909475,300434.949662598,4080944.974459088,2025.0,"{""type"":""MultiPoint"",""coordinates"":[]}"
518,0000000000000000003e,0.4863143938733144,0.2367038225782597,SCL_2_4_5_6,UU,20260919_revision_master_v02,0.9917325386679552,45.98823334438182,155,0.2,0.5136856061266856,301935.0265106149,4080944.969644813,2025.0,"{""type"":""MultiPoint"",""coordinates"":[]}"
519,0000000000000000006a,0.5969810039228662,0.1996827587946167,SCL_2_4_5_6,UU,20260919_revision_master_v02,1.0,44.00028735757293,155,0.2,0.4030189960771338,286035.0733431746,4081544.85041901,2025.0,"{""type"":""MultiPoint"",""coordinates"":[]}"
520,0000000000000000006e,0.6551894053365778,0.1895093458592159,SCL_2_4_5_6,UU,20260919_revision_master_v02,1.0,46.84413251178464,155,0.2,0.3448105946634222,287235.08267244144,4081544.851182784,2025.0,"{""type"":""MultiPoint"",""coordinates"":[]}"
521,000000000000000001da,0.441397868220435,0.2478230856750432,SCL_2_4_5_6,UU,20260919_revision_master_v02,1.0,28.356750344538774,155,0.2,0.558602131779565,290834.8680666802,4083944.871863891,2025.0,"{""type"":""MultiPoint"",""coordinates"":[]}"
522,00000000000000000218,0.7846817343374571,0.1357763140702692,SCL_2_4_5_6,UU,20260919_revision_master_v02,1.0,24.1248947981214,155,0.2,0.2153182656625428,296235.03785798594,4084244.940030304,2025.0,"{""type"":""MultiPoint"",""coordinates"":[]}"
523,00000000000000000299,0.6697869635447733,0.1774575608857035,SCL_2_4_5_6,UU,20260919_revision_master_v02,1.0,23.730140761671727,155,0.2,0.3302130364552267,296834.91778699553,4084845.0654568034,2025.0,"{""type"":""MultiPoint"",""coordinates"":[]}"
524,000000000000000002d7,0.8395165468628227,0.1102574162810326,SCL_2_4_5_6,UU,20260919_revision_master_v02,1.0,24.26359603101694,155,0.2,0.1604834531371773,295035.02523789974,4085145.132636897,2025.0,"{""type"":""MultiPoint"",""coordinates"":[]}"
525,000000000000000002d8,0.9038780245276764,0.0812570250661678,SCL_2_4_5_6,UU,20260919_revision_master_v02,1.0,24.47252847897005,155,0.2,0.0961219754723234,295335.0900936085,4085145.13119446,2025.0,"{""type"":""MultiPoint"",""coordinates"":[]}"
526,000000000000000002db,0.8244164293719285,0.1143210931079588,SCL_2_4_5_6,UU,20260919_revision_master_v02,1.0,24.601837598824368,155,0.2,0.1755835706280715,296235.0381806832,4085145.131438402,2025.0,"{""type"":""MultiPoint"",""coordinates"":[]}"
527,0000000000000000035b,0.7504666538736633,0.1460941340258583,SCL_2_4_5_6,UU,20260919_revision_master_v02,1.0,24.89589257366152,155,0.2,0.2495333461263366,293835.01679072395,4085745.013109906,2025.0,"{""type"":""MultiPoint"",""coordinates"":[]}"
528,0000000000000000035f,0.937369656175304,0.0677440546565145,SCL_2_4_5_6,UU,20260919_revision_master_v02,1.0,24.546662545008072,155,0.2,0.062630343824696,295035.0260554798,4085745.013937802,2025.0,"{""type"":""MultiPoint"",""coordinates"":[]}"
529,0000000000000000037d,1.0,0.0089973008648813,SCL_2_4_5_6,UU,20260919_revision_master_v02,1.0,43.99663884571343,155,0.2,0.0,304034.98242015013,4085745.012350288,2025.0,"{""type"":""MultiPoint"",""coordinates"":[]}"
530,0000000000000000039d,0.7985799766236938,0.1274419519343398,SCL_2_4_5_6,UU,20260919_revision_master_v02,1.0,25.01891910751356,155,0.2,0.2014200233763061,293234.88892913825,4086045.0764943664,2025.0,"{""type"":""MultiPoint"",""coordinates"":[]}"
531,000000000000000003df,0.755872326159553,0.154656445862187,SCL_2_4_5_6,UU,20260919_revision_master_v02,1.0,25.032610730628445,155,0.2,0.244127673840447,292635.0078285741,4086344.894468029,2025.0,"{""type"":""MultiPoint"",""coordinates"":[]}"
532,00000000000000000426,0.7394124894963012,0.1500030047094194,SCL_2_4_5_6,UU,20260919_revision_master_v02,1.0,24.998584993969917,155,0.2,0.2605875105036987,293534.95183232264,4086644.958564298,2025.0,"{""type"":""MultiPoint"",""coordinates"":[]}"
533,0000000000000000046b,0.8392137536416447,0.1255507580950637,SCL_2_4_5_6,UU,20260919_revision_master_v02,1.0,25.0,155,0.2,0.1607862463583552,293835.01566265494,4086945.023721622,2025.0,"{""type"":""MultiPoint"",""coordinates"":[]}"
534,0000000000000000046c,0.8200532046900239,0.123270460956745,SCL_2_4_5_6,UU,20260919_revision_master_v02,1.0,25.0,155,0.2,0.1799467953099761,294135.08171080984,4086945.019963632,2025.0,"{""type"":""MultiPoint"",""coordinates"":[]}"
535,0000000000000000046d,0.8366013641993616,0.0838689750618516,SCL_2_4_5_6,UU,20260919_revision_master_v02,1.0,25.0,155,0.2,0.1633986358006384,294435.14685534814,4086945.0215601833,2025.0,"{""type"":""MultiPoint"",""coordinates"":[]}"
536,0000000000000000046e,0.7699687337836484,0.1251975662358081,SCL_2_4_5_6,UU,20260919_revision_master_v02,1.0,24.90874799952905,155,0.2,0.2300312662163516,294734.96350772865,4086945.022233534,2025.0,"{""type"":""MultiPoint"",""coordinates"":[]}"
537,000000000000000004a4,0.8303865813024441,0.1134455038233388,SCL_2_4_5_6,UU,20260919_revision_master_v02,1.0,43.24455715855756,155,0.2,0.1696134186975558,290535.05060063256,4087245.086313822,2025.0,"{""type"":""MultiPoint"",""coordinates"":[]}"
538,000000000000000004ae,0.7387594097901,0.152945901196294,SCL_2_4_5_6,UU,20260919_revision_master_v02,1.0,24.94909896769869,155,0.2,0.2612405902098999,293534.9524308236,4087245.090239986,2025.0,"{""type"":""MultiPoint"",""coordinates"":[]}"
539,000000000000000004b2,0.8410612198621148,0.1014032259118974,SCL_2_4_5_6,UU,20260919_revision_master_v02,1.0,24.351062484465,155,0.2,0.1589387801378852,294734.96372201125,4087245.0888285786,2025.0,"{""type"":""MultiPoint"",""coordinates"":[]}"
540,000000000000000004d1,0.9885869801872414,-0.0021611245573818,SCL_2_4_5_6,UU,20260919_revision_master_v02,1.0,43.87753102547351,155,0.2,0.0114130198127585,304034.9796538101,4087245.088334608,2025.0,"{""type"":""MultiPoint"",""coordinates"":[]}"
541,000000000000000004d7,0.0,0.6859535571277283,SCL_2_4_5_6,FF,20260919_revision_master_v02,0.9916836066840228,45.82864930055161,155,0.2,1.0,285434.9441558185,4087545.149817016,2025.0,"{""type"":""MultiPoint"",""coordinates"":[]}"
542,000000000000000004f3,0.7541824398583467,0.1464446208653836,SCL_2_4_5_6,UU,20260919_revision_master_v02,1.0,24.215266995795744,155,0.2,0.2458175601416533,293835.0174487109,4087545.15356378,2025.0,"{""type"":""MultiPoint"",""coordinates"":[]}"
543,000000000000000004f4,0.7016357612145646,0.1541702331945305,SCL_2_4_5_6,UU,20260919_revision_master_v02,1.0,23.721755145224424,155,0.2,0.2983642387854354,294135.08252434933,4087545.152299524,2025.0,"{""type"":""MultiPoint"",""coordinates"":[]}"
544,000000000000000004fb,0.7556045892002914,0.1646305309813558,SCL_2_4_5_6,UU,20260919_revision_master_v02,1.0,21.699046314990746,155,0.2,0.2443954107997085,296235.0366642379,4087545.153704573,2025.0,"{""type"":""MultiPoint"",""coordinates"":[]}"
545,00000000000000000515,1.0,-0.0005792536067339646,SCL_2_4_5_6,UU,20260919_revision_master_v02,1.0,41.99140036836903,155,0.2,0.0,304034.9813757702,4087545.1553938673,2025.0,"{""type"":""MultiPoint"",""coordinates"":[]}"
546,00000000000000000524,0.005002355075624,0.641667185289286,SCL_2_4_5_6,FF,20260919_revision_master_v02,1.0,46.304847094534416,155,0.2,0.994997644924376,288135.0300287467,4087844.9693724914,2025.0,"{""type"":""MultiPoint"",""coordinates"":[]}"
547,00000000000000000525,0.0,0.7002724850504214,SCL_2_4_5_6,FF,20260919_revision_master_v02,1.0,46.469385533723184,155,0.2,1.0,288435.09400367155,4087844.968850794,2025.0,"{""type"":""MultiPoint"",""coordinates"":[]}"
548,00000000000000000535,0.8280529765512912,0.1245828767611529,SCL_2_4_5_6,UU,20260919_revision_master_v02,1.0,24.97440135363198,155,0.2,0.1719470234487088,293234.8892948396,4087844.968135716,2025.0,"{""type"":""MultiPoint"",""coordinates"":[]}"
549,00000000000000000537,0.7319400589641157,0.1512362011476581,SCL_2_4_5_6,UU,20260919_revision_master_v02,1.0,24.017353418348648,155,0.2,0.2680599410358842,293835.01655497827,4087844.969251283,2025.0,"{""type"":""MultiPoint"",""coordinates"":[]}"
550,00000000000000000559,1.0,-0.0126095405972249,SCL_2_4_5_6,UU,20260919_revision_master_v02,1.0,41.91251796055204,155,0.2,0.0,304034.981257388,4087844.9701351128,2025.0,"{""type"":""MultiPoint"",""coordinates"":[]}"
551,00000000000000000568,0.0,0.6943397139830583,SCL_2_4_5_6,FF,20260919_revision_master_v02,1.0,46.33435940751832,155,0.2,1.0,288435.0943749071,4088145.033581007,2025.0,"{""type"":""MultiPoint"",""coordinates"":[]}"
552,00000000000000000579,0.7364083228477756,0.1483170818127346,SCL_2_4_5_6,UU,20260919_revision_master_v02,1.0,24.378228934914056,155,0.2,0.2635916771522243,293534.9521247628,4088145.035675985,2025.0,"{""type"":""MultiPoint"",""coordinates"":[]}"
553,000000000000000005a3,0.0,0.6650984193510108,SCL_2_4_5_6,FF,20260919_revision_master_v02,0.9999310481442052,46.063091977882,155,0.2,1.0,286634.9558575192,4088445.097630976,2025.0,"{""type"":""MultiPoint"",""coordinates"":[]}"
554,000000000000000005a4,0.0005530034181707721,0.6253746729269437,SCL_2_4_5_6,FF,20260919_revision_master_v02,1.0,45.50547995906902,155,0.2,0.9994469965818292,286935.0191709242,4088445.099506435,2025.0,"{""type"":""MultiPoint"",""coordinates"":[]}"
555,000000000000000005a6,0.0467046386267292,0.612880361987229,SCL_2_4_5_6,FF,20260919_revision_master_v02,1.0,45.22528042844925,155,0.2,0.9532953613732708,287534.9011727517,4088445.0991187305,2025.0,"{""type"":""MultiPoint"",""coordinates"":[]}"
556,000000000000000005a7,0.0,0.6977271662525133,SCL_2_4_5_6,FF,20260919_revision_master_v02,1.0,45.09481846561098,155,0.2,1.0,287834.96613447217,4088445.098658019,2025.0,"{""type"":""MultiPoint"",""coordinates"":[]}"
557,000000000000000005a8,0.0,0.6527828329460709,SCL_2_4_5_6,FF,20260919_revision_master_v02,1.0,44.69412934542255,155,0.2,1.0,288135.0297317407,4088445.097235405,2025.0,"{""type"":""MultiPoint"",""coordinates"":[]}"
558,000000000000000005a9,0.0413056540025599,0.7090324648290701,SCL_2_4_5_6,FF,20260919_revision_master_v02,1.0,45.83587892614876,155,0.2,0.95869434599744,288435.094915502,4088445.097874347,2025.0,"{""type"":""MultiPoint"",""coordinates"":[]}"
559,000000000000000005ac,0.9344612745503544,0.0330612193508107,SCL_2_4_5_6,UU,20260919_revision_master_v02,1.0,48.57965613176538,155,0.2,0.0655387254496454,289335.0371440579,4088445.0997957634,2025.0,"{""type"":""MultiPoint"",""coordinates"":[]}"
560,000000000000000005ae,0.9114349629125732,0.0622424238612493,SCL_2_4_5_6,UU,20260919_revision_master_v02,1.0,48.48120772883662,155,0.2,0.0885650370874268,289934.9191903508,4088445.097208524,2025.0,"{""type"":""MultiPoint"",""coordinates"":[]}"
561,000000000000000005cc,0.9560348023288776,0.0319376447637808,SCL_2_4_5_6,UU,20260919_revision_master_v02,1.0,23.11360474497916,155,0.2,0.0439651976711223,298934.87528426,4088445.098043948,2025.0,"{""type"":""MultiPoint"",""coordinates"":[]}"
562,000000000000000005e5,0.0005538040231464203,0.5812713513035999,SCL_2_4_5_6,FF,20260919_revision_master_v02,1.0,46.42342024131893,155,0.2,0.9994461959768536,287235.08342434105,4088744.913325972,2025.0,"{""type"":""MultiPoint"",""coordinates"":[]}"
563,000000000000000005e7,0.0145114310717907,0.5962568112586903,SCL_2_4_5_6,FF,20260919_revision_master_v02,1.0,45.24881030646851,155,0.2,0.9854885689282092,287834.9652405294,4088744.916696497,2025.0,"{""type"":""MultiPoint"",""coordinates"":[]}"
564,000000000000000005ee,0.8932946106583292,0.0676511817479652,SCL_2_4_5_6,UU,20260919_revision_master_v02,1.0,47.39245954396198,155,0.2,0.1067053893416708,289934.9204357471,4088744.914393939,2025.0,"{""type"":""MultiPoint"",""coordinates"":[]}"
565,0000000000000000060c,0.9703918532894308,0.0175060564256976,SCL_2_4_5_6,UU,20260919_revision_master_v02,1.0,23.265422272618245,155,0.2,0.0296081467105693,298934.8759095783,4088744.913670461,2025.0,"{""type"":""MultiPoint"",""coordinates"":[]}"
566,0000000000000000062d,0.8763403583591702,0.0611483245525293,SCL_2_4_5_6,UU,20260919_revision_master_v02,1.0,47.591314434225936,155,0.2,0.1236596416408297,289934.92131234845,4089044.98030659,2025.0,"{""type"":""MultiPoint"",""coordinates"":[]}"
567,0000000000000000065e,0.0030310695532334,0.8428253894065297,SCL_2_4_5_6,FF,20260919_revision_master_v02,1.0,46.20747343998041,155,0.2,0.9969689304467666,304634.86369359423,4089044.979222061,2025.0,"{""type"":""MultiPoint"",""coordinates"":[]}"
568,00000000000000000662,0.0161082839488406,0.5855109701521353,SCL_2_4_5_6,FF,20260919_revision_master_v02,0.9835419739169337,47.05490509020023,155,0.2,0.9838917160511592,287235.0826540046,4089345.045039994,2025.0,"{""type"":""MultiPoint"",""coordinates"":[]}"
569,00000000000000000663,0.0238952950822531,0.629710074710933,SCL_2_4_5_6,FF,20260919_revision_master_v02,0.9999299463385526,45.97971145962348,155,0.2,0.9761047049177468,287534.9010000072,4089345.044494125,2025.0,"{""type"":""MultiPoint"",""coordinates"":[]}"
570,000000000000000006aa,0.0811803290127873,0.6746463633865128,SCL_2_4_5_6,FF,20260919_revision_master_v02,1.0,48.3007475184481,155,0.2,0.9188196709872126,290535.0501325752,4089644.858763176,2025.0,"{""type"":""MultiPoint"",""coordinates"":[]}"
571,000000000000000006ad,0.0005450826999472413,0.7172628093518024,SCL_2_4_5_6,FF,20260919_revision_master_v02,1.0,41.86231210999328,155,0.2,0.9994549173000528,291434.9972657905,4089644.859494724,2025.0,"{""type"":""MultiPoint"",""coordinates"":[]}"
572,000000000000000006bb,0.7194363519006334,0.1593103477365209,SCL_2_4_5_6,UU,20260919_revision_master_v02,1.0,20.0,155,0.2,0.2805636480993666,295634.9079022333,4089644.861201425,2025.0,"{""type"":""MultiPoint"",""coordinates"":[]}"
573,000000000000000006e6,0.9694747887268752,0.0111295458922311,SCL_2_4_5_6,UU,20260919_revision_master_v02,1.0,47.93559707243591,155,0.2,0.0305252112731246,290234.9882512881,4089944.925195335,2025.0,"{""type"":""MultiPoint"",""coordinates"":[]}"
574,000000000000000006e7,0.8391396123719973,0.1136797244490105,SCL_2_4_5_6,UU,20260919_revision_master_v02,1.0,48.17692723688567,155,0.2,0.1608603876280026,290535.05208608165,4089944.9243447552,2025.0,"{""type"":""MultiPoint"",""coordinates"":[]}"
575,000000000000000006f8,0.7590495961481432,0.1547313109233361,SCL_2_4_5_6,UU,20260919_revision_master_v02,1.0,20.003331995882917,155,0.2,0.2409504038518568,295634.9090373492,4089944.926146878,2025.0,"{""type"":""MultiPoint"",""coordinates"":[]}"
