system:index,GridID,a17,a25,b17,b25,changeRatio,commonFrac_full,commonFrac_landsat,commonFrac_union,coreCode_default,core_default,dlst,dom17,dom17_lbl,dom25,dom25_lbl,domSame,eligible,f17,f25,g17,g25,keep_default,lat,lon,lst2017,lst2025,purity17,purity25,run_uid,scenario,u17,u25,validFrac17,validFrac25,x_utm,y_utm,.geo
1_1_1_0000000000000000000a,0000000000000000000a,0.0,5.407267542004436E-4,0.01659246209461845,0.02221776461815532,0.059362204072021287,1.0,1.0,1.0,11,UU,4.36666994524183,1,U,1,U,1,1,0.0,0.0,0.025558060535232265,0.0044479136232617135,1,36.842247367019446,30.60712701799849,47.73719238803626,52.10386233327808,0.9578494773701492,0.9727935950043824,20260422_thermal_canonical_v01,DEFAULT_3SCENE,0.9578494773701492,0.9727935950043824,1.0,1.0,286634.95566845924,4080045.026200996,"{""type"":""Polygon"",""coordinates"":[[[30.608849059211337,36.84092872276369],[30.60876478067367,36.84363362757272],[30.60540491831214,36.84356595841942],[30.605489286882804,36.840861118604245],[30.608849059211337,36.84092872276369]]]}"
1_1_1_00000000000000000011,00000000000000000011,0.0022203163297735726,0.0022203163297735726,0.03222941527316423,0.01833720074707115,0.05414524351645867,1.0,1.0,1.0,11,UU,1.269072550250096,1,U,1,U,1,1,0.0,0.0,0.00805844220864879,0.0,1,36.84501766069178,30.61040542125311,49.40377695183303,50.67284950208313,0.9574918261884134,0.9794424829231553,20260422_thermal_canonical_v01,DEFAULT_3SCENE,0.9574918261884134,0.9794424829231553,1.0,1.0,286935.02048331196,4080345.090636145,"{""type"":""Polygon"",""coordinates"":[[[30.612130172121624,36.84370128918067],[30.612046159136423,36.84640164522963],[30.608680589870023,36.84633401810016],[30.60876478067367,36.84363362757272],[30.612130172121624,36.84370128918067]]]}"
1_1_1_0000000000000000001c,0000000000000000001c,0.018316389838256755,0.04052071315061935,0.0022204323312362594,0.0399634281733679,0.09694146330844423,1.0,1.0,1.0,11,UU,1.4967862826323224,1,U,1,U,1,1,0.0,0.0044365108735877415,0.0314517709036289,0.02553497180921698,1,36.847718032638134,30.610321332985325,46.990133779268405,48.48692006190078,0.948011406926878,0.889544375993208,20260422_thermal_canonical_v01,DEFAULT_3SCENE,0.948011406926878,0.889544375993208,1.0,1.0,286935.01997783885,4080644.905365138,"{""type"":""Polygon"",""coordinates"":[[[30.612046159136423,36.84640164522963],[30.611962058307395,36.84910208332321],[30.608596486800565,36.84903436630176],[30.608680589870023,36.84633401810016],[30.612046159136423,36.84640164522963]]]}"
1_1_1_0000000000000000001d,0000000000000000001d,0.013898337607061238,0.053360545641669706,0.0022240828928777007,0.005555846285345472,0.08577110262180122,1.0,1.0,1.0,11,UU,1.7663978328639824,1,U,1,U,1,1,0.0,0.0022240828928777007,0.018516580319919058,0.012228094963978572,1,36.847785624301096,30.613684123440116,46.16115914575544,47.927556978619435,0.965360999180142,0.9266314302161286,20260422_thermal_canonical_v01,DEFAULT_3SCENE,0.965360999180142,0.9266314302161286,1.0,1.0,287235.08465506026,4080644.9056242607,"{""type"":""Polygon"",""coordinates"":[[[30.61540610824117,36.84646915100278],[30.61532218522084,36.84916955469289],[30.611962058307395,36.84910208332321],[30.612046159136423,36.84640164522963],[30.61540610824117,36.84646915100278]]]}"
1_1_1_00000000000000000023,00000000000000000023,0.004447874831569444,0.041692285553564176,0.015005036564147506,0.013339263833108753,0.09060582671602932,1.0,1.0,1.0,11,UU,2.336710926713254,1,U,1,U,1,1,0.0,0.0,0.015558840587293897,0.025017115596778335,1,36.8507913723897,30.76835093188229,45.991196017591086,48.32790694430434,0.9649882480169891,0.9199513350165487,20260422_thermal_canonical_v01,DEFAULT_3SCENE,0.9649882480169891,0.9199513350165487,1.0,1.0,301035.07867848367,4080644.9054987333,"{""type"":""Polygon"",""coordinates"":[[[30.77007041559572,36.84947257206701],[30.769991944506884,36.852173266028835],[30.766631406458828,36.852110157960446],[30.766709967351364,36.849409453902986],[30.77007041559572,36.84947257206701]]]}"
1_1_1_00000000000000000039,00000000000000000039,0.07005477731451595,0.04945658810599582,0.0027606719815780737,0.01830853235176106,0.09136821171257604,1.0,1.0,1.0,11,UU,1.7102559742085415,1,U,1,U,1,1,0.0,0.0011121190447115463,0.022190045880362146,0.01083334787083718,1,36.85336778905008,30.761545519562166,46.56150864077653,48.27176461498509,0.9049945048235437,0.9202894126266943,20260422_thermal_canonical_v01,DEFAULT_3SCENE,0.9049945048235437,0.9202894126266943,1.0,1.0,300434.94966259797,4080944.974459088,"{""type"":""Polygon"",""coordinates"":[[[30.76326525349429,36.85204686369824],[30.7631864273766,36.85475200253244],[30.75982570517073,36.854688701019946],[30.759904708789414,36.85198352696706],[30.76326525349429,36.85204686369824]]]}"
1_1_1_0000000000000000003e,0000000000000000003e,0.04392216038937248,0.07112764509882591,0.00887078485075798,0.002224238089423092,0.08136350156132786,1.0,1.0,1.0,11,UU,1.643417514681277,1,U,1,U,1,1,0.0,0.001112119044711546,0.007479545732079614,0.0166556181637388,1,36.853683341287045,30.778359848886737,45.09678423955461,46.7402017542359,0.9397275090277899,0.9088803796033005,20260422_thermal_canonical_v01,DEFAULT_3SCENE,0.9397275090277899,0.9088803796033005,1.0,1.0,301935.0265106149,4080944.9696448124,"{""type"":""Polygon"",""coordinates"":[[[30.7800793248973,36.852362186201944],[30.78000103547965,36.855067323171376],[30.77664033014755,36.855004481639966],[30.776718709359358,36.852299334433226],[30.7800793248973,36.852362186201944]]]}"
1_1_1_0000000000000000006a,0000000000000000006a,0.02497833933446246,0.06774237087413307,0.0038923889428289066,0.01055385995236831,0.07995942162757592,1.0,1.0,1.0,11,UU,2.0169225527793024,1,U,1,U,1,1,0.0,0.0011102451682565673,0.0066745327174012456,0.01055385995236831,1,36.85562030999426,30.599982282757974,45.10041134450883,47.117333897288155,0.9644547390053074,0.9100396640528737,20260422_thermal_canonical_v01,DEFAULT_3SCENE,0.9644547390053074,0.9100396640528737,1.0,1.0,286035.0733431746,4081544.85041901,"{""type"":""Polygon"",""coordinates"":[[[30.60170739503494,36.85430411778311],[30.601623023940594,36.85700445733629],[30.59825708935563,36.85693648793189],[30.598341638290083,36.85423611392771],[30.60170739503494,36.85430411778311]]]}"
1_1_1_0000000000000000006e,0000000000000000006e,0.025845641300698136,0.037798214745141126,0.0608355899757111,0.0808292234097757,0.09583425997392322,1.0,1.0,1.0,11,UU,1.2593107307270712,1,U,1,U,1,1,0.0,0.0,0.008895749663138887,0.00889138900153931,1,36.8558912672187,30.613431999948443,45.48350021829379,46.7428109490209,0.9044230190604519,0.8724811728435438,20260422_thermal_canonical_v01,DEFAULT_3SCENE,0.9044230190604519,0.8724811728435438,1.0,1.0,287235.08267244144,4081544.8511827835,"{""type"":""Polygon"",""coordinates"":[[[30.615154163441378,36.854574830609415],[30.615070240253598,36.85727518178154],[30.61170975548434,36.85720768937322],[30.61179385648135,36.8545073037828],[30.615154163441378,36.854574830609415]]]}"
1_1_1_0000000000000000008c,0000000000000000008c,0.05006879016387732,0.0711542815346302,0.947157834241828,0.9138555580710891,0.06216802215217431,1.0,1.0,1.0,55,BB,1.3710541992465677,5,B,5,B,1,1,0.0,0.0,0.0,5.529335957228193E-4,1,36.858186830449455,30.593171284358075,45.41061262634735,46.78166682559393,0.947157834241828,0.9138555580710891,20260422_thermal_canonical_v01,DEFAULT_3SCENE,0.0027733755942947707,0.014437226798558023,1.0,1.0,285434.9421220182,4081844.9161884976,"{""type"":""Polygon"",""coordinates"":[[[30.59489668440021,36.85686851105882],[30.594811869764232,36.85957332363484],[30.591445841788687,36.85950513486081],[30.59153074648223,36.8568003126771],[30.59489668440021,36.85686851105882]]]}"
1_1_1_00000000000000000169,00000000000000000169,0.8528470247544615,0.8503960016049403,0.11276014863143932,0.12132564590129609,0.08071367513912388,1.0,1.0,1.0,33,AA,1.5223499272544458,3,A,3,A,1,1,0.023271636166983575,0.013271287266891118,0.0,0.0,1,36.87217224841882,30.616288535263315,43.61693665714178,45.139286584396174,0.8528470247544615,0.8503960016049403,20260422_thermal_canonical_v01,DEFAULT_3SCENE,0.011121190447115462,0.015007065226872276,1.0,1.0,287534.9015424263,4083344.990313334,"{""type"":""Polygon"",""coordinates"":[[[30.618011117768685,36.87085355434086],[30.617927020912397,36.87355840951615],[30.614565909880323,36.873490927359946],[30.614650096761537,36.87078606256023],[30.618011117768685,36.87085355434086]]]}"
1_1_1_0000000000000000019a,0000000000000000019a,0.8927088603178478,0.9077420930516544,0.08184760043961409,0.0789648134256755,0.07658793154580182,1.0,1.0,1.0,33,AA,1.2484757780740687,3,A,3,A,1,1,0.002215515587111629,0.0,0.0,0.0,1,36.87487487620685,30.616204500104896,42.09421561548758,43.342691393561644,0.8927088603178478,0.9077420930516544,20260422_thermal_canonical_v01,DEFAULT_3SCENE,0.02322802365542626,0.013293093522669776,1.0,1.0,287534.9009590001,4083645.0555894007,"{""type"":""Polygon"",""coordinates"":[[[30.617927020912397,36.87355840951615],[30.617843187351667,36.876258776782095],[30.614481898515375,36.87619132909636],[30.614565909880323,36.873490927359946],[30.617927020912397,36.87355840951615]]]}"
1_1_1_000000000000000001bf,000000000000000001bf,0.03918478237207257,0.05669167236297299,0.8846617700201583,0.9142985270875691,0.08760846565453821,1.0,1.0,1.0,55,BB,4.347584281507642,5,B,5,B,1,1,0.0,0.0,0.0216517691929241,0.00781954101558248,1,36.87825626595093,30.7911105464974,52.4091745868052,56.756758868312865,0.8846617700201583,0.9142985270875691,20260422_thermal_canonical_v01,DEFAULT_3SCENE,0.05450167841484496,0.021190259533875242,1.0,1.0,303135.0368744529,4083645.0572302104,"{""type"":""Polygon"",""coordinates"":[[[30.792833089066534,36.87693721091114],[30.792755333674,36.87963792747367],[30.789387961134107,36.87957530661817],[30.789465806304463,36.87687457972405],[30.792833089066534,36.87693721091114]]]}"
1_1_1_000000000000000001c3,000000000000000001c3,0.034693752943844504,0.022377579680058608,0.9363998743959667,0.9398190953020602,0.06818816181986286,1.0,1.0,1.0,55,BB,1.8035544209618386,5,B,5,B,1,1,0.0,0.0,0.0033363571341346386,0.015569666625961646,1,36.8785056985276,30.804566064153512,53.23850939933261,55.042063820294466,0.9363998743959667,0.9398190953020602,20260422_thermal_canonical_v01,DEFAULT_3SCENE,0.0255700155260541,0.022233658391919462,1.0,1.0,304335.0486435463,4083645.054870288,"{""type"":""Polygon"",""coordinates"":[[[30.80628561444567,36.87718641906756],[30.806208305765082,36.87988714379025],[30.802846470876997,36.87982496346318],[30.80292386931335,36.87712422845373],[30.80628561444567,36.87718641906756]]]}"
1_1_1_000000000000000001c9,000000000000000001c9,0.9726030981787732,0.9126194961970552,0.010218233200753605,0.00691246249389435,0.07545705114786123,1.0,1.0,1.0,33,AA,1.435629615864259,3,A,3,A,1,1,0.017178668620473087,0.08046804130905028,0.0,0.0,1,36.877168554627374,30.595941665959366,41.513426633955476,42.94905624981974,0.9726030981787732,0.9126194961970552,20260422_thermal_canonical_v01,DEFAULT_3SCENE,0.0,0.0,1.0,1.0,285735.01063556515,4083944.8729753573,"{""type"":""Polygon"",""coordinates"":[[[30.59766463064718,36.87585234992241],[30.597579993462343,36.87855275705123],[30.594218604722226,36.878484707220764],[30.594303419755775,36.8757843402194],[30.59766463064718,36.87585234992241]]]}"
1_1_1_000000000000000001da,000000000000000001da,0.04352528653420091,0.071873419046456,0.008059592135791912,0.02048479667847111,0.09851630235682007,1.0,1.0,1.0,11,UU,2.34955967345639,1,U,1,U,1,1,0.0,0.0011121190447115463,0.006672714268269277,0.00889695235769237,1,36.87831205297088,30.653118043992837,45.457457716149726,47.8070173896061,0.9417424070617378,0.8976327128726689,20260422_thermal_canonical_v01,DEFAULT_3SCENE,0.9417424070617378,0.8976327128726689,1.0,1.0,290834.8680666802,4083944.871863891,"{""type"":""Polygon"",""coordinates"":[[[30.654840060249303,36.8769950079977],[30.654757479864394,36.87969547448938],[30.651395947039827,36.87962908378214],[30.651478705153373,36.87692858263864],[30.654840060249303,36.8769950079977]]]}"
1_1_1_000000000000000001f6,000000000000000001f6,0.0019723007127276527,0.0022204710010841123,0.9980276992872722,0.9977795289989159,0.0041927717138117646,1.0,1.0,1.0,55,BB,3.8452071141215183,5,B,5,B,1,1,0.0,0.0,0.0,0.0,1,36.8809569909921,30.791032721375,54.64433041426814,58.48953752838968,0.9980276992872722,0.9977795289989159,20260422_thermal_canonical_v01,DEFAULT_3SCENE,0.0,0.0,1.0,1.0,303135.03659387643,4083944.874760708,"{""type"":""Polygon"",""coordinates"":[[[30.792755333674,36.87963792747367],[30.79267757823262,36.88233862610939],[30.789310028251275,36.882276040665026],[30.789387961134107,36.87957530661817],[30.792755333674,36.87963792747367]]]}"
1_1_1_000000000000000001ff,000000000000000001ff,0.9715993695521556,0.9191259067041685,0.010575675510932704,0.05971403443081186,0.08699570703332495,1.0,1.0,1.0,33,AA,1.2274411738400608,3,A,3,A,1,1,0.006683269620947591,0.015587039246249103,0.0,0.0,1,36.879803012386205,30.592492739240388,42.45380473833247,43.68124591217251,0.9715993695521556,0.9191259067041685,20260422_thermal_canonical_v01,DEFAULT_3SCENE,0.011141685315964094,0.005573019618770629,1.0,1.0,285434.94484390237,4084244.9401100934,"{""type"":""Polygon"",""coordinates"":[[[30.594218604722226,36.878484707220764],[30.594133789631826,36.8811895266572],[30.590766777795928,36.8811212656253],[30.590851770747452,36.878416486129794],[30.594218604722226,36.878484707220764]]]}"
1_1_1_00000000000000000218,00000000000000000218,0.03335935217446285,0.028907077851570488,0.012223041064708414,0.017233484940323816,0.0992146379965201,1.0,1.0,1.0,11,UU,2.7424672853070056,1,U,1,U,1,1,0.0,0.0,0.05749582463010361,0.02553189633744836,1,36.88219578157725,30.713584186641903,44.783046403095945,47.525513688402945,0.896921782130725,0.9283275408706573,20260422_thermal_canonical_v01,DEFAULT_3SCENE,0.896921782130725,0.9283275408706573,1.0,1.0,296235.03785798594,4084244.940030304,"{""type"":""Polygon"",""coordinates"":[[[30.71530537230334,36.880875616056294],[30.71522476150921,36.88358062612891],[30.711862920513088,36.88351593321476],[30.71194370891325,36.880810888097685],[30.71530537230334,36.880875616056294]]]}"
1_1_1_0000000000000000022f,0000000000000000022f,0.018316708826589922,0.007275307927081473,0.9467478807563533,0.9413708578419633,0.050892324571906254,1.0,1.0,1.0,55,BB,2.5325074443057614,5,B,5,B,1,1,0.0,0.0,0.0,0.0,1,36.88365992495168,30.79095482208236,53.948829444746416,56.48133688905217,0.9467478807563533,0.9413708578419633,20260422_thermal_canonical_v01,DEFAULT_3SCENE,0.03493541041705672,0.05135383423095514,1.0,1.0,303135.0363046937,4084244.9376640804,"{""type"":""Polygon"",""coordinates"":[[[30.79267757823262,36.88233862610939],[30.792599647419948,36.88504382093869],[30.789232007655784,36.88498117152962],[30.789310028251275,36.882276040665026],[30.79267757823262,36.88233862610939]]]}"
1_1_1_00000000000000000235,00000000000000000235,0.01943582129842085,0.022204903365131347,0.9755092977590464,0.9619120598748687,0.06257864236608487,1.0,1.0,1.0,55,BB,2.6536160259443364,5,B,5,B,1,1,0.0,0.0,0.002808267190296023,0.0,1,36.884033568995775,30.811138155595007,50.12447698684831,52.77809301279265,0.9755092977590464,0.9619120598748687,20260422_thermal_canonical_v01,DEFAULT_3SCENE,0.0022466137522368186,0.015883036759999834,1.0,1.0,304934.9269302943,4084244.936259928,"{""type"":""Polygon"",""coordinates"":[[[30.812860532030616,36.88271196446913],[30.81278340275665,36.88541717030892],[30.809415698886525,36.885355159761325],[30.80949300556115,36.882649918308374],[30.812860532030616,36.88271196446913]]]}"
1_1_1_00000000000000000269,00000000000000000269,0.01611046176927236,0.036132965825235924,0.8889189330635173,0.9122516267466811,0.09670202187603576,1.0,1.0,1.0,55,BB,3.9335865868434063,5,B,5,B,1,1,0.004710151248190078,0.008046508382324716,0.0396699405125342,0.028557472567730207,1,36.88630022268448,30.78751200102546,51.50269638387178,55.4362829707152,0.8889189330635173,0.9122516267466811,20260422_thermal_canonical_v01,DEFAULT_3SCENE,0.050590513406486036,0.015011426478028007,1.0,1.0,302834.9703815739,4084545.000329112,"{""type"":""Polygon"",""coordinates"":[[[30.789232007655784,36.88498117152962],[30.789154074674826,36.88768186951952],[30.785791951855582,36.88761925922855],[30.785869974617594,36.88491855100874],[30.789232007655784,36.88498117152962]]]}"
1_1_1_00000000000000000270,00000000000000000270,0.01943146739580024,0.013884595457138013,0.9800155869713818,0.9694573731163929,0.03276311722012028,1.0,1.0,1.0,55,BB,2.9596512804790294,5,B,5,B,1,1,5.529456328179766E-4,0.0,0.0,0.0,1,36.88673655859807,30.811060970413504,48.878118883372025,51.837770163851076,0.9800155869713818,0.9694573731163929,20260422_thermal_canonical_v01,DEFAULT_3SCENE,0.0,0.016658031426469124,1.0,1.0,304934.9279488438,4084545.0014116266,"{""type"":""Polygon"",""coordinates"":[[[30.81278340275665,36.88541717030892],[30.812706273434543,36.88811796902106],[30.809338479812915,36.88805589450722],[30.809415698886525,36.885355159761325],[30.81278340275665,36.88541717030892]]]}"
1_1_1_00000000000000000299,00000000000000000299,0.03752193278445136,0.08086503337266364,0.022239734586096266,0.03331170895031764,0.09003435229167667,1.0,1.0,1.0,11,UU,2.178865017490396,1,U,1,U,1,1,0.0,0.0,0.0011102451682565673,0.0016893142167982277,1,36.88773067185788,30.720149704212204,45.89059629157901,48.069461309069396,0.9391280874611959,0.8841339434602205,20260422_thermal_canonical_v01,DEFAULT_3SCENE,0.9391280874611959,0.8841339434602205,1.0,1.0,296834.91778699553,4084845.0654568034,"{""type"":""Polygon"",""coordinates"":[[[30.721873705235012,36.88641044617653],[30.721793274104765,36.88911554873204],[30.718425645452,36.88905084537382],[30.71850616646602,36.88634580708665],[30.721873705235012,36.88641044617653]]]}"
1_1_1_000000000000000002b4,000000000000000002b4,0.0066571171069187895,0.014433187187335375,0.9927899372602632,0.9627871943016123,0.044422868438124534,1.0,1.0,1.0,55,BB,2.897810888733047,5,B,5,B,1,1,5.529456328179766E-4,0.007771716177795971,0.0,0.0,1,36.88943954132199,30.81098374445817,50.491685956210915,53.389496844943956,0.9927899372602632,0.9627871943016123,20260422_thermal_canonical_v01,DEFAULT_3SCENE,0.0,0.01500790233325642,1.0,1.0,304934.92623703455,4084845.0660146107,"{""type"":""Polygon"",""coordinates"":[[[30.812706273434543,36.88811796902106],[30.812629056417233,36.89082316347386],[30.809261173041623,36.89076109948709],[30.809338479812915,36.88805589450722],[30.812706273434543,36.88811796902106]]]}"
1_1_1_000000000000000002d7,000000000000000002d7,0.00333070650162617,0.009434824822253478,0.01944000592125601,0.06665766867960347,0.08551861059469443,1.0,1.0,1.0,11,UU,2.7088871020525294,1,U,1,U,1,1,0.0,0.002220471001084113,0.00999211950487851,0.005551177502710283,1,36.890044328470005,30.699885512428303,45.89632421065624,48.60521131270876,0.9672371680722394,0.9161358579943487,20260422_thermal_canonical_v01,DEFAULT_3SCENE,0.9672371680722394,0.9161358579943487,1.0,1.0,295035.02523789974,4085145.132636897,"{""type"":""Polygon"",""coordinates"":[[[30.701609825819638,36.88872663601988],[30.701528855289077,36.89142716562324],[30.69816111904806,36.89136200751761],[30.69824226721408,36.88866144292003],[30.701609825819638,36.88872663601988]]]}"
1_1_1_000000000000000002d8,000000000000000002d8,0.020563299199274285,0.030014130453744556,0.006672714268269277,0.02663852205920833,0.06665300141304535,1.0,1.0,1.0,11,UU,2.6304135833326745,1,U,1,U,1,1,0.005560595223557731,0.012228948240671276,0.009446470003314545,0.01223330949182701,1,36.89010943483204,30.703250376731074,46.468118026443044,49.09853160977577,0.9577569213055842,0.9188850897545487,20260422_thermal_canonical_v01,DEFAULT_3SCENE,0.9577569213055842,0.9188850897545487,1.0,1.0,295335.0900936085,4085145.1311944597,"{""type"":""Polygon"",""coordinates"":[[[30.70497185492377,36.88879168956912],[30.70489097429333,36.89149220926811],[30.701528855289077,36.89142716562324],[30.701609825819638,36.88872663601988],[30.70497185492377,36.88879168956912]]]}"
1_1_1_000000000000000002db,000000000000000002db,0.005559892029077142,0.023351546522123998,0.043877359683587615,0.031048181370219006,0.09943267297805253,1.0,1.0,1.0,11,UU,2.3980018901947204,1,U,1,U,1,1,0.0,0.0,0.0011119784058154284,0.007783848840707998,1,36.89030417075944,30.71334226915573,46.60398734389842,49.001989234093124,0.9494507698815198,0.9378164232669489,20260422_thermal_canonical_v01,DEFAULT_3SCENE,0.9494507698815198,0.9378164232669489,1.0,1.0,296235.0381806832,4085145.131438402,"{""type"":""Polygon"",""coordinates"":[[[30.715063627480735,36.888986249606035],[30.714983016530553,36.891686813856815],[30.711620905872454,36.8916220764201],[30.711701518992577,36.888921527245],[30.715063627480735,36.888986249606035]]]}"
1_1_1_0000000000000000035b,0000000000000000035b,0.007784833312980822,0.04114404340317148,0.007784833312980822,0.023297803673917962,0.0850051462763637,1.0,1.0,1.0,11,UU,2.4249888242370687,1,U,1,U,1,1,0.0,0.0,0.016659979414894534,0.0016572754391779904,1,36.895186212087765,30.686265817431185,44.503557990149616,46.928546814386706,0.9677703539591438,0.9339008774837325,20260422_thermal_canonical_v01,DEFAULT_3SCENE,0.9677703539591438,0.9339008774837325,1.0,1.0,293835.01679072395,4085745.013109906,"{""type"":""Polygon"",""coordinates"":[[[30.687987792746853,36.89386647151197],[30.687906111523347,36.89657142256311],[30.68454379943009,36.89650593794582],[30.684625570583158,36.89380097695447],[30.687987792746853,36.89386647151197]]]}"
1_1_1_0000000000000000035f,0000000000000000035f,0.0,0.006987952856352945,0.01447224628941881,0.02280118947583824,0.0420017328381538,1.0,1.0,1.0,11,UU,2.664937206705605,1,U,1,U,1,1,0.0,0.0,0.0011102355005420566,0.0,1,36.89544764517904,30.699723306292395,46.12217440423287,48.7871116109385,0.9844175182100392,0.9702108576678089,20260422_thermal_canonical_v01,DEFAULT_3SCENE,0.9844175182100392,0.9702108576678089,1.0,1.0,295035.0260554798,4085745.013937802,"{""type"":""Polygon"",""coordinates"":[[[30.701447796980613,36.89412777678403],[30.701366650894098,36.896832786603184],[30.697998734830236,36.896767499711345],[30.69808005855723,36.89406245478718],[30.701447796980613,36.89412777678403]]]}"
1_1_1_0000000000000000037d,0000000000000000037d,0.0,0.0,0.0,0.0,0.03662439100847694,1.0,1.0,1.0,11,UU,1.2228216068229945,1,U,1,U,1,1,0.0,0.0,0.0,0.03662439100847694,1,36.89735976212792,30.800658653528544,52.21376939949809,53.43659100632111,1.0,0.9633756089915231,20260422_thermal_canonical_v01,DEFAULT_3SCENE,1.0,0.9633756089915231,1.0,1.0,304034.98242015013,4085745.012350288,"{""type"":""Polygon"",""coordinates"":[[[30.802381553315893,36.896038370192954],[30.80230397923145,36.89874349193925],[30.798935726929404,36.89868117734845],[30.799013390782733,36.89597597071797],[30.802381553315893,36.896038370192954]]]}"
1_1_1_0000000000000000039d,0000000000000000039d,0.007226593165047185,0.007226593165047185,0.01167506934389337,0.028836592641697033,0.06105751618024176,1.0,1.0,1.0,11,UU,2.054403719794996,1,U,1,U,1,1,0.0,0.0,0.00942902499869162,0.004448476178846185,1,36.89775762464985,30.67945388841294,45.0849557315941,47.13935945138906,0.9716693124923678,0.9594883380144095,20260422_thermal_canonical_v01,DEFAULT_3SCENE,0.9716693124923678,0.9594883380144095,1.0,1.0,293234.88892913825,4086045.0764943664,"{""type"":""Polygon"",""coordinates"":[[[30.68117595724949,36.896440238558114],[30.681094183845577,36.89914069991992],[30.67773177672884,36.89907499607515],[30.67781364006797,36.89637452489258],[30.68117595724949,36.896440238558114]]]}"
1_1_1_000000000000000003df,000000000000000003df,0.014433187187335378,0.03886293479160048,0.010562567757609541,0.041971621262718875,0.09250736898018548,1.0,1.0,1.0,11,UU,1.9274873918191457,1,U,1,U,1,1,0.0011102451682565675,0.00444098067302627,0.007771716177795973,0.002220490336513135,1,36.90032647311028,30.672644352878635,45.11153138012707,47.039018771946225,0.9661222837090025,0.9125039729361414,20260422_thermal_canonical_v01,DEFAULT_3SCENE,0.9661222837090025,0.9125039729361414,1.0,1.0,292635.0078285741,4086344.8944680286,"{""type"":""Polygon"",""coordinates"":[[[30.67436936719195,36.89900921502135],[30.67428732611563,36.90170970309361],[30.670919296197393,36.901643716627625],[30.67100142722289,36.898943218660435],[30.67436936719195,36.89900921502135]]]}"
1_1_1_00000000000000000426,00000000000000000426,0.007532185944853953,0.03725166644171702,0.00999211950487851,0.03417783795786331,0.07308832685333139,1.0,1.0,1.0,11,UU,2.2779729035327287,1,U,1,U,1,1,0.0,0.0,5.660024120410484E-4,0.004440942002168226,1,36.90322658513244,30.682655555901892,45.246868342991796,47.5248412465245,0.9819096921382265,0.9241295535982516,20260422_thermal_canonical_v01,DEFAULT_3SCENE,0.9819096921382265,0.9241295535982516,1.0,1.0,293534.95183232264,4086644.9585642987,"{""type"":""Polygon"",""coordinates"":[[[30.684380520176166,36.901906946768115],[30.68429874886318,36.90461192781465],[30.680930549137848,36.904546208892555],[30.681012410388306,36.90184121780496],[30.684380520176166,36.901906946768115]]]}"
1_1_1_0000000000000000044d,0000000000000000044d,0.0032752996179543966,0.02609336566474188,0.9934799295221812,0.900572196151632,0.09942780384836795,1.0,1.0,1.0,55,BB,1.382233049046777,5,B,5,B,1,1,0.0,0.04225616244788302,0.0,0.0,1,36.905714951461825,30.81388623226914,51.02058650427003,52.40281955331682,0.9934799295221812,0.900572196151632,20260422_thermal_canonical_v01,DEFAULT_3SCENE,0.0032447708598642754,0.031078275735743045,1.0,1.0,305234.99220601504,4086644.957576304,"{""type"":""Polygon"",""coordinates"":[[[30.81560630281032,36.904393260318614],[30.815529175250813,36.90709848325394],[30.812166103889403,36.90703659025107],[30.812243321196057,36.904331431217415],[30.81560630281032,36.904393260318614]]]}"
1_1_1_0000000000000000046b,0000000000000000046b,0.0208293355197739,0.03051567433665368,0.015569666625961646,0.0428056800935052,0.08527990509917481,1.0,1.0,1.0,11,UU,1.8991069615293998,1,U,1,U,1,1,0.0,0.0,0.01445318633009437,0.0,1,36.90599496008805,30.68593928221531,45.76311793759163,47.662224899121036,0.94914781152417,0.926678645569841,20260422_thermal_canonical_v01,DEFAULT_3SCENE,0.94914781152417,0.926678645569841,1.0,1.0,293835.01566265494,4086945.023721622,"{""type"":""Polygon"",""coordinates"":[[[30.687661418473784,36.90467743221583],[30.687579912507825,36.90737794367152],[30.684217065234375,36.907312474131736],[30.68429874886318,36.90461192781465],[30.687661418473784,36.90467743221583]]]}"
1_1_1_0000000000000000046c,0000000000000000046c,0.002220490336513134,0.0161225014041336,0.027190121865734357,0.0749219562955255,0.09382224757161084,1.0,1.0,1.0,11,UU,1.886683172646022,1,U,1,U,1,1,0.0,0.0,0.004458396283508724,0.009434906978870512,1,36.906060464879474,30.6893048278051,46.573268230173284,48.4599514028193,0.9661309915142436,0.8995206353214704,20260422_thermal_canonical_v01,DEFAULT_3SCENE,0.9661309915142436,0.8995206353214704,1.0,1.0,294135.08171080984,4086945.0199636323,"{""type"":""Polygon"",""coordinates"":[[[30.691029700441735,36.90474297101537],[30.690948284400772,36.90744347249742],[30.687579912507825,36.90737794367152],[30.687661418473784,36.90467743221583],[30.691029700441735,36.90474297101537]]]}"
1_1_1_0000000000000000046d,0000000000000000046d,0.01668614692182893,0.023882211328786,0.016668701917206003,0.044476039286150404,0.07170769150253822,1.0,1.0,1.0,11,UU,2.47054368368299,1,U,1,U,1,1,0.0011121190447115467,0.0022242380894230934,0.011648901836958984,0.0,1,36.9061259224654,30.692670372679487,48.23556342061425,50.70610710429721,0.9538841302792946,0.9294175112956407,20260422_thermal_canonical_v01,DEFAULT_3SCENE,0.9538841302792946,0.9294175112956407,1.0,1.0,294435.14685534814,4086945.0215601833,"{""type"":""Polygon"",""coordinates"":[[[30.694392364785017,36.90480832070835],[30.694311126391906,36.9075088617224],[30.690948284400772,36.90744347249742],[30.691029700441735,36.90474297101537],[30.694392364785017,36.90480832070835]]]}"
1_1_1_0000000000000000046e,0000000000000000046e,0.1172853772659285,0.0833765769380039,0.009436554000723872,0.03222993097012483,0.09610545915986758,1.0,1.0,1.0,11,UU,2.9337462883134426,1,U,1,U,1,1,0.0,0.0,0.0038853833709080266,0.0033359352174462857,1,36.90619122242038,30.696033141551535,47.50264400535413,50.436390293667564,0.8693926853624395,0.881057556874425,20260422_thermal_canonical_v01,DEFAULT_3SCENE,0.8693926853624395,0.881057556874425,1.0,1.0,294734.96350772865,4086945.022233534,"{""type"":""Polygon"",""coordinates"":[[[30.69775511424428,36.904873568139735],[30.697673965762302,36.907574099249395],[30.694311126391906,36.9075088617224],[30.694392364785017,36.90480832070835],[30.69775511424428,36.904873568139735]]]}"
1_1_1_00000000000000000491,00000000000000000491,0.00889695235769237,0.0344713291349022,0.9830478167576714,0.9460687682082236,0.06643493885525877,1.0,1.0,1.0,55,BB,0.8239154594768445,5,B,5,B,1,1,0.0,0.0,0.0,0.0,1,36.908417938760465,30.813809078803104,52.08886352230944,52.912778981786275,0.9830478167576714,0.9460687682082236,20260422_thermal_canonical_v01,DEFAULT_3SCENE,0.00805523088463618,0.019459902656874195,1.0,1.0,305234.9928335118,4086945.0230268333,"{""type"":""Polygon"",""coordinates"":[[[30.815529175250813,36.90709848325394],[30.815452135288194,36.9097992751048],[30.812088886534497,36.90973734321119],[30.812166103889403,36.90703659025107],[30.815529175250813,36.90709848325394]]]}"
1_1_1_000000000000000004a4,000000000000000004a4,0.011653263088114714,0.05105716728014933,0.017235664567451105,0.021671056992830093,0.08996825009158625,1.0,1.0,1.0,11,UU,2.6020121410105217,1,U,1,U,1,1,0.0,0.0033363571341346395,0.002760671981578074,0.0011121190447115465,1,36.90797057119783,30.648844577004066,47.363052311880466,49.965064452891,0.968350400362856,0.9228232995481743,20260422_thermal_canonical_v01,DEFAULT_3SCENE,0.968350400362856,0.9228232995481743,1.0,1.0,290535.05060063256,4087245.086313822,"{""type"":""Polygon"",""coordinates"":[[[30.650567397537355,36.90665140820576],[30.650484463301886,36.90935630378511],[30.64712167533882,36.90928972019856],[30.64720478731814,36.90658478983105],[30.650567397537355,36.90665140820576]]]}"
1_1_1_000000000000000004ae,000000000000000004ae,0.023036298170070676,0.04606824247543335,0.012212590505962623,0.03775671474784594,0.09468784966975942,1.0,1.0,1.0,11,UU,1.6105214486413162,1,U,1,U,1,1,0.0,0.0011102355005420566,0.005590362285082356,0.00333070650162617,1,36.90863207926146,30.682491986359587,46.08624933025718,47.69677077889849,0.9591607490388844,0.9117341007745525,20260422_thermal_canonical_v01,DEFAULT_3SCENE,0.9591607490388844,0.9117341007745525,1.0,1.0,293534.9524308236,4087245.090239986,"{""type"":""Polygon"",""coordinates"":[[[30.684217065234375,36.907312474131736],[30.68413529381472,36.91001741876382],[30.68076682647655,36.9099516704013],[30.680848775573832,36.9072466907219],[30.684217065234375,36.907312474131736]]]}"
1_1_1_000000000000000004b2,000000000000000004b2,0.0778036028100348,0.041688288469001945,0.0022239568116308567,0.023900994675585735,0.0850161999991278,1.0,1.0,1.0,11,UU,2.6404444695343923,1,U,1,U,1,1,0.02167703786395488,0.05112484246972581,0.00833329699416974,0.0,1,36.9088940011636,30.695951824189443,48.10744733805122,50.74789180758556,0.8899621055202097,0.8832858743856865,20260422_thermal_canonical_v01,DEFAULT_3SCENE,0.8899621055202097,0.8832858743856865,1.0,1.0,294734.96372201125,4087245.0888285786,"{""type"":""Polygon"",""coordinates"":[[[30.697673965762302,36.907574099249395],[30.697592554043162,36.91027915270188],[30.694229624754477,36.910213850753856],[30.694311126391906,36.9075088617224],[30.697673965762302,36.907574099249395]]]}"
1_1_1_000000000000000004d1,000000000000000004d1,0.0,0.006962769431743962,0.0033311561071195316,0.004441541476159375,0.05029392553886351,1.0,1.0,1.0,11,UU,-0.1938697298254991,1,U,1,U,1,1,0.0,0.0,0.027768343130851313,0.02444154147615939,1,36.91087231950825,30.800270565901442,50.64095816450101,50.44708843467554,0.9689005007620293,0.9641541476159373,20260422_thermal_canonical_v01,DEFAULT_3SCENE,0.9689005007620293,0.9641541476159373,1.0,1.0,304034.97965381015,4087245.088334608,"{""type"":""Polygon"",""coordinates"":[[[30.801993770061685,36.90955090348062],[30.80191610807939,36.91225610734249],[30.798547319274522,36.912193721347045],[30.798625071028614,36.90948850696427],[30.801993770061685,36.90955090348062]]]}"
1_1_1_000000000000000004d5,000000000000000004d5,0.0,0.010004710151248182,0.9986174833836331,0.9760959824154354,0.025286534200931545,1.0,1.0,1.0,55,BB,-0.02467809276540402,5,B,5,B,1,1,0.0,0.0,0.0,0.0,1,36.911120927227245,30.813731879499212,51.83202117668432,51.807343083918965,0.9986174833836331,0.9760959824154354,20260422_thermal_canonical_v01,DEFAULT_3SCENE,0.0013825166163669025,0.01389930743331646,1.0,1.0,305234.9903003485,4087245.088831734,"{""type"":""Polygon"",""coordinates"":[[[30.815452135288194,36.9097992751048],[30.81537491998732,36.91250448631177],[30.81201158148385,36.912442564894725],[30.812088886534497,36.90973734321119],[30.815452135288194,36.9097992751048]]]}"
1_1_1_000000000000000004d7,000000000000000004d7,0.012765531323879647,0.013897536147961744,0.021255567504495376,0.00672672097387246,0.021207674992707287,1.0,1.0,1.0,22,FF,0.5051804529384532,2,F,2,F,1,1,0.9659789011716251,0.9793757428781659,0.0,0.0,1,36.90952670781054,30.59155845744902,43.178665307165836,43.6838457601043,0.9659789011716251,0.9793757428781659,20260422_thermal_canonical_v01,DEFAULT_3SCENE,0.0,0.0,1.0,1.0,285434.94415581855,4087545.1498170155,"{""type"":""Polygon"",""coordinates"":[[[30.593285020995513,36.90821068891317],[30.593200117478546,36.91091101607016],[30.589831851563655,36.91084271199394],[30.589916845142746,36.9081423752471],[30.593285020995513,36.90821068891317]]]}"
1_1_1_000000000000000004f3,000000000000000004f3,0.002224238089423092,0.020846780524396827,0.003336357134134638,0.036089353313678595,0.09695933569422388,1.0,1.0,1.0,11,UU,1.3533794794579947,1,U,1,U,1,1,0.0,0.01112119044711546,0.01611482302042809,0.023908378835720376,1,36.91140044800178,30.685775941746787,45.302699192466115,46.6560786719241,0.9783245817560142,0.9080342968790885,20260422_thermal_canonical_v01,DEFAULT_3SCENE,0.9783245817560142,0.9080342968790885,1.0,1.0,293835.0174487109,4087545.15356378,"{""type"":""Polygon"",""coordinates"":[[[30.687498231018335,36.910082952768825],[30.68741663721089,36.91278345306596],[30.684053610079363,36.912717928930064],[30.68413529381472,36.91001741876382],[30.687498231018335,36.910082952768825]]]}"
1_1_1_000000000000000004f4,000000000000000004f4,0.0022204903365131345,0.019152817628080937,0.0016893142167982277,0.047801496871721,0.07581886023537203,1.0,1.0,1.0,11,UU,1.4042576306930614,1,U,1,U,1,1,0.0,0.0,0.0027821437745723394,0.005551225841282837,1,36.91146598784001,30.68914171282429,46.15936731217876,47.56362494287184,0.9933080516721163,0.9274944596589153,20260422_thermal_canonical_v01,DEFAULT_3SCENE,0.9933080516721163,0.9274944596589153,1.0,1.0,294135.08252434933,4087545.1522995243,"{""type"":""Polygon"",""coordinates"":[[[30.69086669284109,36.91014847151998],[30.69078527669414,36.912849011256654],[30.68741663721089,36.91278345306596],[30.687498231018335,36.910082952768825],[30.69086669284109,36.91014847151998]]]}"
1_1_1_000000000000000004fb,000000000000000004fb,0.05281243322678687,0.04054142446614132,0.030010334858124623,0.03502513943337067,0.09167498833512844,1.0,1.0,1.0,11,UU,1.536665770397298,1,U,1,U,1,1,0.0,0.0022239568116308567,0.0,0.005559892029077142,1,36.91192208351442,30.71269678717454,47.742233448678554,49.27889921907585,0.9171772319150885,0.91664958725978,20260422_thermal_canonical_v01,DEFAULT_3SCENE,0.9171772319150885,0.91664958725978,1.0,1.0,296235.0366642379,4087545.153704573,"{""type"":""Polygon"",""coordinates"":[[[30.714418650705884,36.910604201443],[30.714338039339367,36.91330469580701],[30.71097485869461,36.91323998959659],[30.711055647669063,36.910539385819966],[30.714418650705884,36.910604201443]]]}"
1_1_1_00000000000000000515,00000000000000000515,0.0,0.0,0.0,0.0033309965557931057,0.020547676793186493,1.0,1.0,1.0,11,UU,1.686864645605273,1,U,1,U,1,1,0.0,0.0,0.016119410783720364,0.011107676096507467,1,36.91357529451086,30.800192929422657,50.46672881374459,52.153593459349835,0.9838805892162796,0.9855613273476995,20260422_thermal_canonical_v01,DEFAULT_3SCENE,0.9838805892162796,0.9855613273476995,1.0,1.0,304034.9813757702,4087545.1553938673,"{""type"":""Polygon"",""coordinates"":[[[30.80191610807939,36.91225610734249],[30.801838621357707,36.91495685491383],[30.79846965512865,36.914894430070284],[30.798547319274522,36.912193721347045],[30.80191610807939,36.91225610734249]]]}"
1_1_1_00000000000000000524,00000000000000000524,0.037812047520192564,0.03947804546168202,0.0019320342619890782,0.010009071402403915,0.05364338921549811,1.0,1.0,1.0,22,FF,1.6918767177565668,2,F,2,F,1,1,0.9574778012316172,0.9410620518814437,0.0,0.0,1,36.912837532598026,30.62175851606914,42.03343177369387,43.72530849145044,0.9574778012316172,0.9410620518814437,20260422_thermal_canonical_v01,DEFAULT_3SCENE,0.0027781169862009995,0.009450831254470276,1.0,1.0,288135.0300287467,4087844.9693724914,"{""type"":""Polygon"",""coordinates"":[[[30.623481857785656,36.91152101766369],[30.62339802791511,36.9142213891366],[30.620035131362542,36.914154032389916],[30.620119051249667,36.911453651298814],[30.623481857785656,36.91152101766369]]]}"
1_1_1_00000000000000000525,00000000000000000525,0.009791926993760863,0.004436626770405655,0.0030564396396710204,0.0016588368984539299,0.011759890978278386,1.0,1.0,1.0,22,FF,1.571915732297922,2,F,2,F,1,1,0.9843564278841339,0.9927942911628839,0.0,0.0,1,36.91290489473157,30.62512418338877,42.5597386153156,44.131654347613484,0.9843564278841339,0.9927942911628839,20260422_thermal_canonical_v01,DEFAULT_3SCENE,0.002795205482434181,0.0011102451682565673,1.0,1.0,288435.09400367155,4087844.9688507942,"{""type"":""Polygon"",""coordinates"":[[[30.626850280226684,36.9115883477048],[30.62676654037253,36.91428878390373],[30.62339802791511,36.9142213891366],[30.623481857785656,36.91152101766369],[30.626850280226684,36.9115883477048]]]}"
1_1_1_00000000000000000535,00000000000000000535,0.002756106389195364,0.005830560510054116,0.01665002245877832,0.03946639687059817,0.06025493984100055,1.0,1.0,1.0,11,UU,2.079709211567369,1,U,1,U,1,1,0.0,5.53837834537676E-4,0.003889947625256748,0.006672219581438143,1,36.913969534146055,30.67896259003936,45.31967435843931,47.39938357000669,0.9767039235267695,0.9474769852033719,20260422_thermal_canonical_v01,DEFAULT_3SCENE,0.9767039235267695,0.9474769852033719,1.0,1.0,293234.8892948396,4087844.9681357155,"{""type"":""Polygon"",""coordinates"":[[[30.68068505280573,36.91265211609467],[30.680603191341486,36.91535264319056],[30.677240069117165,36.915286899683174],[30.677322020519675,36.91258643716962],[30.68068505280573,36.91265211609467]]]}"
1_1_1_00000000000000000537,00000000000000000537,0.002765033232733805,0.016926015735394158,0.00833871220975873,0.028910733911344466,0.06141077752385601,1.0,1.0,1.0,11,UU,1.4428756858088838,1,U,1,U,1,1,0.0,0.0,0.01055858904802609,0.006114474120335637,1,36.91410094459282,30.685694302991887,45.18826360721574,46.63113929302465,0.9783376655094813,0.9480487762329256,20260422_thermal_canonical_v01,DEFAULT_3SCENE,0.9783376655094813,0.9480487762329256,1.0,1.0,293835.01655497827,4087844.969251283,"{""type"":""Polygon"",""coordinates"":[[[30.68741663721089,36.91278345306596],[30.687335043350288,36.9154839353301],[30.68397192629076,36.915418421066555],[30.684053610079363,36.912717928930064],[30.68741663721089,36.91278345306596]]]}"
1_1_1_00000000000000000559,00000000000000000559,0.0022205773501110305,0.0,0.01141202595027649,0.0,0.023625201375887164,1.0,1.0,1.0,11,UU,0.8929896811168168,1,U,1,U,1,1,0.0,0.0,0.012213175425610666,0.008882309400444122,1,36.91627599490377,30.800115327253316,51.96346651570843,52.856456196825285,0.9741542212740019,0.9911176905995559,20260422_thermal_canonical_v01,DEFAULT_3SCENE,0.9741542212740019,0.9911176905995559,1.0,1.0,304034.981257388,4087844.9701351128,"{""type"":""Polygon"",""coordinates"":[[[30.801838621357707,36.91495685491383],[30.801761046932747,36.9176575349971],[30.79839199093404,36.91759512058337],[30.79846965512865,36.914894430070284],[30.801838621357707,36.91495685491383]]]}"
1_1_1_00000000000000000568,00000000000000000568,0.0,0.0,8.315990212384299E-4,0.0,8.315990212384299E-4,1.0,1.0,1.0,22,FF,1.3510321857365708,2,F,2,F,1,1,0.9991684009787616,1.0,0.0,0.0,1,36.91560751662598,30.62504034651396,41.931509040414774,43.282541226151345,0.9991684009787616,1.0,20260422_thermal_canonical_v01,DEFAULT_3SCENE,0.0,0.0,1.0,1.0,288435.0943749071,4088145.033581007,"{""type"":""Polygon"",""coordinates"":[[[30.62676654037253,36.91428878390373],[30.62668271268505,36.9169936196668],[30.6233141102088,36.91692623473289],[30.62339802791511,36.9142213891366],[30.62676654037253,36.91428878390373]]]}"
1_1_1_00000000000000000579,00000000000000000579,0.02390271724696428,0.043307892250556236,0.013875766824421704,0.024455658064881303,0.09335121320440093,1.0,1.0,1.0,11,UU,1.8549871894033703,1,U,1,U,1,1,0.0,0.00666141300325234,0.012787300647419689,0.006678828462084372,1,36.91673803927673,30.682246605469256,45.59228621780166,47.447273407205046,0.9494342152811944,0.9188962082192258,20260422_thermal_canonical_v01,DEFAULT_3SCENE,0.9494342152811944,0.9188962082192258,1.0,1.0,293534.9521247628,4088145.035675985,"{""type"":""Polygon"",""coordinates"":[[[30.68397192629076,36.915418421066555],[30.683890066973365,36.91812341042409],[30.680521242083657,36.91805764261076],[30.680603191341486,36.91535264319056],[30.68397192629076,36.915418421066555]]]}"
1_1_1_0000000000000000059a,0000000000000000059a,0.04970954067302825,0.01467997139019241,0.9152696125464473,0.984207909565096,0.09440364251696522,1.0,1.0,1.0,55,BB,2.5599359877634185,5,B,5,B,1,1,0.0,0.0,0.0,0.0,1,36.918854042630606,30.793307746172896,54.97337171205124,57.533307699814664,0.9152696125464473,0.984207909565096,20260422_thermal_canonical_v01,DEFAULT_3SCENE,0.035020846780524376,0.0011121190447115463,1.0,1.0,303435.100758972,4088145.0326896883,"{""type"":""Polygon"",""coordinates"":[[[30.79502845341139,36.917532683764655],[30.794950524078562,36.920237878414056],[30.791586980701585,36.9201753495165],[30.79166499981349,36.917470218826494],[30.79502845341139,36.917532683764655]]]}"
1_1_1_000000000000000005a3,000000000000000005a3,0.03217394337944144,0.012445708105845202,0.011926773535209049,0.0033011215963997262,0.02916499502869401,1.0,1.0,1.0,22,FF,-0.037401456626098194,2,F,2,F,1,1,0.9558992830853494,0.9842531702977549,0.0,0.0,1,36.917904477583896,30.60476398900055,42.9992039686283,42.96180251200221,0.9558992830853494,0.9842531702977549,20260422_thermal_canonical_v01,DEFAULT_3SCENE,0.0,0.0,1.0,1.0,286634.9558575192,4088445.0976309762,"{""type"":""Polygon"",""coordinates"":[[[30.606487746450295,36.91658824614594],[30.606403290754255,36.91928853071092],[30.603040205030922,36.91922073205405],[30.603124750767876,36.91652036347049],[30.606487746450295,36.91658824614594]]]}"
1_1_1_000000000000000005a4,000000000000000005a4,0.09776839171801188,0.06418323136879237,0.012505715094380709,0.008935141843199587,0.05422481548409575,1.0,1.0,1.0,22,FF,0.10950428575428225,2,F,2,F,1,1,0.8869521673815072,0.9263286233698376,0.0,0.0,1,36.91797235054199,30.608129829191835,42.974704951281936,43.084209237036205,0.8869521673815072,0.9263286233698376,20260422_thermal_canonical_v01,DEFAULT_3SCENE,0.0027737258061004567,5.530034181707347E-4,1.0,1.0,286935.0191709242,4088445.099506435,"{""type"":""Polygon"",""coordinates"":[[[30.609856271176326,36.9166561182803],[30.609771993310474,36.91935644269158],[30.606403290754255,36.91928853071092],[30.606487746450295,36.91658824614594],[30.609856271176326,36.9166561182803]]]}"
1_1_1_000000000000000005a6,000000000000000005a6,0.013053224709104541,0.006943111839924633,0.0033363571341346386,0.0011121190447115463,0.027789892364321465,1.0,1.0,1.0,22,FF,0.8639432258005743,2,F,2,F,1,1,0.8918715000959475,0.9124347992952219,0.0,0.0,1,36.91810771827922,30.614858800503868,42.45512374278365,43.319066968584224,0.8918715000959475,0.9124347992952219,20260422_thermal_canonical_v01,DEFAULT_3SCENE,0.09173891806081325,0.07950996982014197,1.0,1.0,287534.9011727517,4088445.0991187305,"{""type"":""Polygon"",""coordinates"":[[[30.61658234143984,36.916791323049246],[30.616498331416544,36.919491677780776],[30.61313516324849,36.91942406164934],[30.61321935108349,36.91672374682422],[30.61658234143984,36.916791323049246]]]}"
1_1_1_000000000000000005a7,000000000000000005a7,0.007767294639086386,0.0,0.0,0.0,0.007767294639086386,1.0,1.0,1.0,22,FF,1.1330018573861214,2,F,2,F,1,1,0.9922327053609136,1.0,0.0,0.0,1,36.91817528486415,30.61822469357126,41.58855613283108,42.72155799021717,0.9922327053609136,1.0,20260422_thermal_canonical_v01,DEFAULT_3SCENE,0.0,0.0,1.0,1.0,287834.96613447217,4088445.098658019,"{""type"":""Polygon"",""coordinates"":[[[30.619951035854832,36.91685883820474],[30.619867028073536,36.91955928262693],[30.616498331416544,36.919491677780776],[30.61658234143984,36.916791323049246],[30.619951035854832,36.91685883820474]]]}"
1_1_1_000000000000000005a8,000000000000000005a8,0.0444802065479539,0.018347703593219144,0.00556057097251115,0.00667268516701338,0.042809854640132906,1.0,1.0,1.0,22,FF,1.39009686718011,2,F,2,F,1,1,0.9499592224795349,0.9738674970452652,0.0,0.0,1,36.91824274721558,30.621590582816697,41.91588795218757,43.30598481936765,0.9499592224795349,0.9738674970452652,20260422_thermal_canonical_v01,DEFAULT_3SCENE,0.0,0.00111211419450223,1.0,1.0,288135.0297317407,4088445.0972354054,"{""type"":""Polygon"",""coordinates"":[[[30.6233141102088,36.91692623473289],[30.62323019244666,36.9196265950787],[30.619867028073536,36.91955928262693],[30.619951035854832,36.91685883820474],[30.6233141102088,36.91692623473289]]]}"
1_1_1_000000000000000005a9,000000000000000005a9,0.02442550004789315,0.027751896132846874,0.01874798631127057,0.02490007749980409,0.05055773735403482,1.0,1.0,1.0,22,FF,1.9799195050584064,2,F,2,F,1,1,0.9088854831546777,0.9111103370806087,0.0,0.0,1,36.918310133227564,30.624956500479797,41.4763997444085,43.4563192494669,0.9088854831546777,0.9111103370806087,20260422_thermal_canonical_v01,DEFAULT_3SCENE,0.047941030486158935,0.0362376892867406,1.0,1.0,288435.094915502,4088445.097874347,"{""type"":""Polygon"",""coordinates"":[[[30.62668271268505,36.9169936196668],[30.626598972719616,36.91969401977044],[30.62323019244666,36.9196265950787],[30.6233141102088,36.91692623473289],[30.62668271268505,36.9169936196668]]]}"
1_1_1_000000000000000005ac,000000000000000005ac,0.0067049516503324205,0.012778592918003671,0.01334459533004472,0.03945472198396909,0.06616132810289056,1.0,1.0,1.0,11,UU,4.157264434861625,1,U,1,U,1,1,0.0,0.0,0.006657059138544332,0.00333070650162617,1,36.91851166310618,30.635051478879006,50.6332425421443,54.7905069770059,0.9732933938810786,0.9444359785964012,20260422_thermal_canonical_v01,DEFAULT_3SCENE,0.9732933938810786,0.9444359785964012,1.0,1.0,289335.0371440579,4088445.0997957634,"{""type"":""Polygon"",""coordinates"":[[[30.636777535406008,36.917195004333344],[30.636694153230337,36.919895424823],[30.633325379407662,36.91982830729988],[30.633408851585894,36.91712787703014],[30.636777535406008,36.917195004333344]]]}"
1_1_1_000000000000000005ae,000000000000000005ae,0.010264997405406344,0.03360761894794677,0.011093523109326143,0.009968472416635047,0.059409653632649134,1.0,1.0,1.0,11,UU,3.1391690398303997,1,U,1,U,1,1,0.0,0.01165604845567169,0.004984236208317523,0.0,1,36.91864548774681,30.641780630117015,49.30745764034237,52.446626680172756,0.9736572432769499,0.9447678601797465,20260422_thermal_canonical_v01,DEFAULT_3SCENE,0.9736572432769499,0.9447678601797465,1.0,1.0,289934.9191903508,4088445.097208524,"{""type"":""Polygon"",""coordinates"":[[[30.64350383754309,36.917328673209106],[30.64342063535349,36.92002907430045],[30.64005739532278,36.919962325432465],[30.640140687503454,36.91726184019358],[30.64350383754309,36.917328673209106]]]}"
1_1_1_000000000000000005cc,000000000000000005cc,0.009895549401426106,0.02350683617174381,0.05001853507490348,0.03825639460084169,0.07841426982707858,1.0,1.0,1.0,11,UU,1.7999673025425154,1,U,1,U,1,1,0.003336313482631543,0.0,0.003336313482631543,0.0022242089884210283,1,36.92060788615315,30.742742499155334,51.609629094669124,53.409596397211644,0.9334132885584072,0.9360125602389933,20260422_thermal_canonical_v01,DEFAULT_3SCENE,0.9334132885584072,0.9360125602389933,1.0,1.0,298934.87528425996,4088445.098043948,"{""type"":""Polygon"",""coordinates"":[[[30.744464027772967,36.919289558107074],[30.74438448817336,36.921990129686264],[30.741020890012265,36.92192620057593],[30.74110060715607,36.919225593835584],[30.744464027772967,36.919289558107074]]]}"
1_1_1_000000000000000005db,000000000000000005db,0.043564537794602495,0.04018020689775482,0.9096217922997748,0.9240531723740905,0.043813129110479195,1.0,1.0,1.0,55,BB,2.367036593324432,5,B,5,B,1,1,0.0,0.0,0.004448476178846185,0.0,1,36.921556970807224,30.793229827093167,54.47806620967912,56.84510280300357,0.9096217922997748,0.9240531723740905,20260422_thermal_canonical_v01,DEFAULT_3SCENE,0.04236519372677633,0.03576662072815449,1.0,1.0,303435.10112399654,4088445.096392568,"{""type"":""Polygon"",""coordinates"":[[[30.794950524078562,36.920237878414056],[30.794872770015917,36.922938542619924],[30.791509049202524,36.92287604912539],[30.791586980701585,36.9201753495165],[30.794950524078562,36.920237878414056]]]}"
1_1_1_000000000000000005e5,000000000000000005e5,0.06249700204515027,0.050867117559076046,0.007221255608900979,0.017220252656733073,0.04442642037649951,1.0,1.0,1.0,22,FF,1.0136859880072235,2,F,2,F,1,1,0.9302817423459487,0.9319126297841909,0.0,0.0,1,36.92074044434401,30.61141142463562,42.910335046066244,43.92402103407348,0.9302817423459487,0.9319126297841909,20260422_thermal_canonical_v01,DEFAULT_3SCENE,0.0,0.0,1.0,1.0,287235.08342434105,4088744.913325972,"{""type"":""Polygon"",""coordinates"":[[[30.61313516324849,36.91942406164934],[30.613050887570186,36.92212445789555],[30.60968762759887,36.92205677407248],[30.609771993310474,36.91935644269158],[30.61313516324849,36.91942406164934]]]}"
1_1_1_000000000000000005e7,000000000000000005e7,0.05056143085409766,0.011677065146877628,0.03170048893900672,0.02503907593575438,0.07776002368502402,1.0,1.0,1.0,22,FF,1.2563833129016084,2,F,2,F,1,1,0.8893726516342231,0.9360068965216973,0.0,0.0,1,36.920875668629364,30.618140652131622,42.227065716635856,43.48344902953747,0.8893726516342231,0.9360068965216973,20260422_thermal_canonical_v01,DEFAULT_3SCENE,0.028365428572672543,0.027276962395670526,1.0,1.0,287834.9652405294,4088744.916696497,"{""type"":""Polygon"",""coordinates"":[[[30.619867028073536,36.91955928262693],[30.619783020236323,36.9222596346063],[30.61641423355249,36.922192039474396],[30.616498331416544,36.919491677780776],[30.619867028073536,36.91955928262693]]]}"
1_1_1_000000000000000005ee,000000000000000005ee,0.05448646668672569,0.041679203568765436,0.006671812247354166,0.013343624494708332,0.05502282806347377,1.0,1.0,1.0,11,UU,3.1885526210591997,1,U,1,U,1,1,0.0,0.018903468034170135,0.002223937415784722,0.004447874831569444,1,36.921345910170785,30.64169744210226,49.40016472347518,52.58871734453437,0.9366177836501354,0.9216258290707866,20260422_thermal_canonical_v01,DEFAULT_3SCENE,0.9366177836501354,0.9216258290707866,1.0,1.0,289934.9204357471,4088744.914393939,"{""type"":""Polygon"",""coordinates"":[[[30.64342063535349,36.92002907430045],[30.64333752087499,36.922729506833086],[30.639974190855458,36.92266269323855],[30.64005739532278,36.919962325432465],[30.64342063535349,36.92002907430045]]]}"
1_1_1_0000000000000000060c,0000000000000000060c,0.013275474825007077,0.010902985237357981,0.0372271527944351,0.04159270808347324,0.039464445365140946,1.0,1.0,1.0,11,UU,1.9868663579271901,1,U,1,U,1,1,0.003336313482631543,0.0,0.0011121044942105141,0.0,1,36.923308485802494,30.74266285916528,51.823348168014,53.81021452594115,0.9450489544037154,0.9475043066791685,20260422_thermal_canonical_v01,DEFAULT_3SCENE,0.9450489544037154,0.9475043066791685,1.0,1.0,298934.8759095783,4088744.913670461,"{""type"":""Polygon"",""coordinates"":[[[30.74438448817336,36.921990129686264],[30.74430486082758,36.92469078251479],[30.74094117281742,36.92462678913366],[30.741020890012265,36.92192620057593],[30.74438448817336,36.921990129686264]]]}"
1_1_1_0000000000000000062d,0000000000000000062d,0.016675169956785835,0.043336254976605044,0.0,0.004447874831569444,0.05161715135420344,1.0,1.0,1.0,11,UU,3.376950890186868,1,U,1,U,1,1,0.0,0.003335906123677083,0.003335906123677083,0.003833021546028962,1,36.92404857137959,30.641614169826006,50.20190922830246,53.5788601184893,0.9799889239195371,0.9450469425221195,20260422_thermal_canonical_v01,DEFAULT_3SCENE,0.9799889239195371,0.9450469425221195,1.0,1.0,289934.92131234845,4089044.98030659,"{""type"":""Polygon"",""coordinates"":[[[30.64333752087499,36.922729506833086],[30.64325423080928,36.92543443729588],[30.63989072302762,36.92536758404943],[30.639974190855458,36.92266269323855],[30.64333752087499,36.922729506833086]]]}"
1_1_1_0000000000000000065e,0000000000000000065e,0.021583831969715462,0.011888770650524214,2.660363204996248E-4,0.022804982293320297,0.03722327861416881,1.0,1.0,1.0,22,FF,1.4186061362478875,2,F,2,F,1,1,0.9781501317097848,0.959497060516721,0.0,2.7912007396681943E-4,1,36.92721007941982,30.806535306535377,42.43288506810275,43.851491204350644,0.9781501317097848,0.959497060516721,20260422_thermal_canonical_v01,DEFAULT_3SCENE,0.0,0.00553006646546761,1.0,1.0,304634.86369359423,4089044.979222061,"{""type"":""Polygon"",""coordinates"":[[[30.808256005314366,36.9258885489019],[30.808178522565633,36.92859376982067],[30.80481454993389,36.92853155785625],[30.80489212244353,36.92582640081301],[30.808256005314366,36.9258885489019]]]}"
1_1_1_00000000000000000662,00000000000000000662,0.015005036564147506,0.006667451585754588,0.046693964408280005,0.02223501349624764,0.057251126140858075,1.0,1.0,1.0,22,FF,0.8056465833024488,2,F,2,F,1,1,0.901074030951976,0.9405380184281559,0.0,0.0,1,36.92614564559376,30.611242706416135,44.13248411294913,44.93813069625154,0.901074030951976,0.9405380184281559,20260422_thermal_canonical_v01,DEFAULT_3SCENE,0.03722696807559642,0.03055951648984183,1.0,1.0,287235.0826540046,4089345.0450399946,"{""type"":""Polygon"",""coordinates"":[[[30.61296652404838,36.92482932805344],[30.612882336044866,36.92752966317405],[30.60951880821703,36.92746194914216],[30.60960317404135,36.924761579473774],[30.61296652404838,36.92482932805344]]]}"
1_1_1_00000000000000000663,00000000000000000663,0.022190045880362146,0.021657973239362898,0.03494670551087694,0.025979973134692858,0.04098703836156514,1.0,1.0,1.0,22,FF,1.8097765085080317,2,F,2,F,1,1,0.8989585332240112,0.9201280463339322,0.0,0.0,1,36.92621327081751,30.614606177327676,43.16732006243883,44.977096570946856,0.8989585332240112,0.9201280463339322,20260422_thermal_canonical_v01,DEFAULT_3SCENE,0.04390471538474956,0.03223400729201193,1.0,1.0,287534.9010000072,4089345.044494125,"{""type"":""Polygon"",""coordinates"":[[[30.61632996006258,36.924896825476964],[30.616245862086373,36.927597225432],[30.612882336044866,36.92752966317405],[30.61296652404838,36.92482932805344],[30.61632996006258,36.924896825476964]]]}"
1_1_1_0000000000000000066e,0000000000000000066e,0.02652076827800357,0.014928562706069109,0.8730265338520312,0.9084355319854158,0.07590757636550773,1.0,1.0,1.0,55,BB,1.0466218952079482,5,B,5,B,1,1,0.09266786455698407,0.07329954817438022,0.0033363571341346386,0.0033363571341346386,1,36.926951339399345,30.651627125237322,51.779902502364976,52.82652439757297,0.8730265338520312,0.9084355319854158,20260422_thermal_canonical_v01,DEFAULT_3SCENE,0.004448476178846185,0.0,1.0,1.0,290834.8666661364,4089345.0423014117,"{""type"":""Polygon"",""coordinates"":[[[30.653350357934112,36.925634348460406],[30.653267513293155,36.92833478980735],[30.649903834360877,36.92826827795788],[30.649986768979197,36.92556790128044],[30.653350357934112,36.925634348460406]]]}"
1_1_1_000000000000000006aa,000000000000000006aa,0.019455541405718466,0.024401200216318055,0.011116829195959733,0.0166817856706732,0.03496415051549988,1.0,1.0,1.0,22,FF,0.4951880628721696,2,F,2,F,1,1,0.8688266489890619,0.8699344067826178,0.0011121190447115465,0.002224238089423093,1,36.92958518128599,30.648180554230468,47.22841365215217,47.72360171502432,0.8688266489890619,0.8699344067826178,20260422_thermal_canonical_v01,DEFAULT_3SCENE,0.09948886136454824,0.08675836924096784,1.0,1.0,290535.0501325752,4089644.858763176,"{""type"":""Polygon"",""coordinates"":[[[30.649903834360877,36.92826827795788],[30.649820899687867,36.93096871096258],[30.646457216347596,36.930902032104434],[30.646540241001937,36.92820166377557],[30.649903834360877,36.92826827795788]]]}"
1_1_1_000000000000000006ad,000000000000000006ad,0.027746889758114096,0.023612982561714256,0.05938348966305165,0.06715854929509903,0.0836113255103064,1.0,1.0,1.0,22,FF,0.4971374793095305,2,F,2,F,1,1,0.9128696205788341,0.9025697378806311,0.0,0.0,1,36.9297847797773,30.658277243456595,46.23301355183221,46.73015103114174,0.9128696205788341,0.9025697378806311,20260422_thermal_canonical_v01,DEFAULT_3SCENE,0.0,0.006658730262555432,1.0,1.0,291434.9972657905,4089644.859494724,"{""type"":""Polygon"",""coordinates"":[[[30.660000392975043,36.928467719066425],[30.65991781598083,36.9311681720768],[30.65655405171799,36.93110182495432],[30.656636718679454,36.92840136215038],[30.660000392975043,36.928467719066425]]]}"
1_1_1_000000000000000006bb,000000000000000006bb,0.0022242380894230925,0.008774837325331887,0.0394039041920346,0.06001517715402192,0.07158993772133347,1.0,1.0,1.0,11,UU,1.5958525929010696,1,U,1,U,1,1,0.0,0.0,0.0,0.0,1,36.93070492181413,30.70539819752893,47.47346438481638,49.0693169777175,0.9583718577185423,0.9312099855206462,20260422_thermal_canonical_v01,DEFAULT_3SCENE,0.9583718577185423,0.9312099855206462,1.0,1.0,295634.9079022333,4089644.861201425,"{""type"":""Polygon"",""coordinates"":[[[30.707120611294993,36.929387153325166],[30.707039644333328,36.93208766496846],[30.703675740908075,36.932022675681885],[30.703756797772364,36.92932215406001],[30.707120611294993,36.929387153325166]]]}"
1_1_1_000000000000000006e6,000000000000000006e6,0.012761288581019607,0.006657117106918791,0.007771716177795973,0.020554774271918652,0.03221017158730231,1.0,1.0,1.0,11,UU,3.6288104545876605,1,U,1,U,1,1,0.0,0.0,0.006661471009539405,0.0,1,36.93222111047677,30.644730924333892,50.56778247697584,54.1965929315635,0.972805524231645,0.9727881086211626,20260422_thermal_canonical_v01,DEFAULT_3SCENE,0.972805524231645,0.9727881086211626,1.0,1.0,290234.9882512881,4089944.925195335,"{""type"":""Polygon"",""coordinates"":[[[30.646457216347596,36.930902032104434],[30.646374016110492,36.93360697216369],[30.64300453581418,36.93354013723359],[30.64308791381138,36.93083523668864],[30.646457216347596,36.930902032104434]]]}"
1_1_1_000000000000000006e7,000000000000000006e7,0.03391308898696857,0.03391308898696857,0.003331995882978908,0.018343422361006917,0.04280131884234948,1.0,1.0,1.0,11,UU,2.905802668723302,1,U,1,U,1,1,0.08804929958306437,0.09360553355546639,0.005560595223557733,0.0,1,36.93228784860872,30.648097498116048,50.50483845218987,53.41064112091315,0.8691450203234303,0.8541379550965581,20260422_thermal_canonical_v01,DEFAULT_3SCENE,0.8691450203234303,0.8541379550965581,1.0,1.0,290535.05208608165,4089944.9243447552,"{""type"":""Polygon"",""coordinates"":[[[30.649820899687867,36.93096871096258],[30.64973787719854,36.93367361618858],[30.646374016110492,36.93360697216369],[30.646457216347596,36.930902032104434],[30.649820899687867,36.93096871096258]]]}"
1_1_1_000000000000000006f8,000000000000000006f8,0.007784833312980823,0.014457547581250101,0.03166268339061109,0.05363902796434239,0.07863771958899565,1.0,1.0,1.0,11,UU,1.4630991463331104,1,U,1,U,1,1,0.0,0.0,0.0,0.0011121190447115463,1,36.93340769251363,30.705317149240066,47.77407572910267,49.23717487543572,0.9605524832964081,0.9307913054096959,20260422_thermal_canonical_v01,DEFAULT_3SCENE,0.9605524832964081,0.9307913054096959,1.0,1.0,295634.9090373492,4089944.926146878,"{""type"":""Polygon"",""coordinates"":[[[30.707039644333328,36.93208766496846],[30.7069585895976,36.93479272143223],[30.703594596267273,36.934727667834345],[30.703675740908075,36.932022675681885],[30.707039644333328,36.93208766496846]]]}"
1_1_2_0000000000000000000a,0000000000000000000a,0.0,5.407267542004436E-4,0.01659246209461845,0.02221776461815532,0.059362204072021287,1.0,1.0,1.0,11,UU,4.572696114875545,1,U,1,U,1,1,0.0,0.0,0.025558060535232265,0.0044479136232617135,1,36.842247367019446,30.60712701799849,46.23414427075043,50.806840385625996,0.9578494773701492,0.9727935950043824,20260422_thermal_canonical_v01,S1_4SCENE,0.9578494773701492,0.9727935950043824,1.0,1.0,286634.95566845924,4080045.026200996,"{""type"":""Polygon"",""coordinates"":[[[30.608849059211337,36.84092872276369],[30.60876478067367,36.84363362757272],[30.60540491831214,36.84356595841942],[30.605489286882804,36.840861118604245],[30.608849059211337,36.84092872276369]]]}"
1_1_2_00000000000000000011,00000000000000000011,0.0022203163297735726,0.0022203163297735726,0.03222941527316423,0.01833720074707115,0.05414524351645867,1.0,1.0,1.0,11,UU,1.335063839882987,1,U,1,U,1,1,0.0,0.0,0.00805844220864879,0.0,1,36.84501766069178,30.61040542125311,48.005472026505686,49.340535866388684,0.9574918261884134,0.9794424829231553,20260422_thermal_canonical_v01,S1_4SCENE,0.9574918261884134,0.9794424829231553,1.0,1.0,286935.02048331196,4080345.090636145,"{""type"":""Polygon"",""coordinates"":[[[30.612130172121624,36.84370128918067],[30.612046159136423,36.84640164522963],[30.608680589870023,36.84633401810016],[30.60876478067367,36.84363362757272],[30.612130172121624,36.84370128918067]]]}"
1_1_2_0000000000000000001c,0000000000000000001c,0.018316389838256755,0.04052071315061935,0.0022204323312362594,0.0399634281733679,0.09694146330844423,1.0,1.0,1.0,11,UU,1.4870367310144665,1,U,1,U,1,1,0.0,0.0044365108735877415,0.0314517709036289,0.02553497180921698,1,36.847718032638134,30.610321332985325,45.76936387951483,47.256400610529305,0.948011406926878,0.889544375993208,20260422_thermal_canonical_v01,S1_4SCENE,0.948011406926878,0.889544375993208,1.0,1.0,286935.01997783885,4080644.905365138,"{""type"":""Polygon"",""coordinates"":[[[30.612046159136423,36.84640164522963],[30.611962058307395,36.84910208332321],[30.608596486800565,36.84903436630176],[30.608680589870023,36.84633401810016],[30.612046159136423,36.84640164522963]]]}"
1_1_2_0000000000000000001d,0000000000000000001d,0.013898337607061238,0.053360545641669706,0.0022240828928777007,0.005555846285345472,0.08577110262180122,1.0,1.0,1.0,11,UU,1.8589866996945141,1,U,1,U,1,1,0.0,0.0022240828928777007,0.018516580319919058,0.012228094963978572,1,36.847785624301096,30.613684123440116,44.89511603117854,46.754102730873086,0.965360999180142,0.9266314302161286,20260422_thermal_canonical_v01,S1_4SCENE,0.965360999180142,0.9266314302161286,1.0,1.0,287235.08465506026,4080644.9056242607,"{""type"":""Polygon"",""coordinates"":[[[30.61540610824117,36.84646915100278],[30.61532218522084,36.84916955469289],[30.611962058307395,36.84910208332321],[30.612046159136423,36.84640164522963],[30.61540610824117,36.84646915100278]]]}"
1_1_2_00000000000000000023,00000000000000000023,0.004447874831569444,0.041692285553564176,0.015005036564147506,0.013339263833108753,0.09060582671602932,1.0,1.0,1.0,11,UU,2.226266278468318,1,U,1,U,1,1,0.0,0.0,0.015558840587293897,0.025017115596778335,1,36.8507913723897,30.76835093188229,44.65102850045167,46.87729477891998,0.9649882480169891,0.9199513350165487,20260422_thermal_canonical_v01,S1_4SCENE,0.9649882480169891,0.9199513350165487,1.0,1.0,301035.07867848367,4080644.9054987333,"{""type"":""Polygon"",""coordinates"":[[[30.77007041559572,36.84947257206701],[30.769991944506884,36.852173266028835],[30.766631406458828,36.852110157960446],[30.766709967351364,36.849409453902986],[30.77007041559572,36.84947257206701]]]}"
1_1_2_00000000000000000039,00000000000000000039,0.07005477731451595,0.04945658810599582,0.0027606719815780737,0.01830853235176106,0.09136821171257604,1.0,1.0,1.0,11,UU,1.7202686535431038,1,U,1,U,1,1,0.0,0.0011121190447115463,0.022190045880362146,0.01083334787083718,1,36.85336778905008,30.761545519562166,45.14891188384147,46.86918053738457,0.9049945048235437,0.9202894126266943,20260422_thermal_canonical_v01,S1_4SCENE,0.9049945048235437,0.9202894126266943,1.0,1.0,300434.94966259797,4080944.974459088,"{""type"":""Polygon"",""coordinates"":[[[30.76326525349429,36.85204686369824],[30.7631864273766,36.85475200253244],[30.75982570517073,36.854688701019946],[30.759904708789414,36.85198352696706],[30.76326525349429,36.85204686369824]]]}"
1_1_2_0000000000000000003e,0000000000000000003e,0.04392216038937248,0.07112764509882591,0.00887078485075798,0.002224238089423092,0.08136350156132786,1.0,1.0,1.0,11,UU,1.5987083762089074,1,U,1,U,1,1,0.0,0.001112119044711546,0.007479545732079614,0.0166556181637388,1,36.853683341287045,30.778359848886737,43.831434202120896,45.43014257832979,0.9397275090277899,0.9088803796033005,20260422_thermal_canonical_v01,S1_4SCENE,0.9397275090277899,0.9088803796033005,1.0,1.0,301935.0265106149,4080944.9696448124,"{""type"":""Polygon"",""coordinates"":[[[30.7800793248973,36.852362186201944],[30.78000103547965,36.855067323171376],[30.77664033014755,36.855004481639966],[30.776718709359358,36.852299334433226],[30.7800793248973,36.852362186201944]]]}"
1_1_2_0000000000000000006a,0000000000000000006a,0.02497833933446246,0.06774237087413307,0.0038923889428289066,0.01055385995236831,0.07995942162757592,1.0,1.0,1.0,11,UU,2.093937269549589,1,U,1,U,1,1,0.0,0.0011102451682565673,0.0066745327174012456,0.01055385995236831,1,36.85562030999426,30.599982282757974,43.954637010067266,46.04857427961686,0.9644547390053074,0.9100396640528737,20260422_thermal_canonical_v01,S1_4SCENE,0.9644547390053074,0.9100396640528737,1.0,1.0,286035.0733431746,4081544.85041901,"{""type"":""Polygon"",""coordinates"":[[[30.60170739503494,36.85430411778311],[30.601623023940594,36.85700445733629],[30.59825708935563,36.85693648793189],[30.598341638290083,36.85423611392771],[30.60170739503494,36.85430411778311]]]}"
1_1_2_0000000000000000006e,0000000000000000006e,0.025845641300698136,0.037798214745141126,0.0608355899757111,0.0808292234097757,0.09583425997392322,1.0,1.0,1.0,11,UU,1.4100575074795825,1,U,1,U,1,1,0.0,0.0,0.008895749663138887,0.00889138900153931,1,36.8558912672187,30.613431999948443,44.21528472602938,45.62534223350896,0.9044230190604519,0.8724811728435438,20260422_thermal_canonical_v01,S1_4SCENE,0.9044230190604519,0.8724811728435438,1.0,1.0,287235.08267244144,4081544.8511827835,"{""type"":""Polygon"",""coordinates"":[[[30.615154163441378,36.854574830609415],[30.615070240253598,36.85727518178154],[30.61170975548434,36.85720768937322],[30.61179385648135,36.8545073037828],[30.615154163441378,36.854574830609415]]]}"
1_1_2_0000000000000000008c,0000000000000000008c,0.05006879016387732,0.0711542815346302,0.947157834241828,0.9138555580710891,0.06216802215217431,1.0,1.0,1.0,55,BB,1.5189470854662852,5,B,5,B,1,1,0.0,0.0,0.0,5.529335957228193E-4,1,36.858186830449455,30.593171284358075,44.71378628640869,46.23273337187494,0.947157834241828,0.9138555580710891,20260422_thermal_canonical_v01,S1_4SCENE,0.0027733755942947707,0.014437226798558023,1.0,1.0,285434.9421220182,4081844.9161884976,"{""type"":""Polygon"",""coordinates"":[[[30.59489668440021,36.85686851105882],[30.594811869764232,36.85957332363484],[30.591445841788687,36.85950513486081],[30.59153074648223,36.8568003126771],[30.59489668440021,36.85686851105882]]]}"
1_1_2_00000000000000000169,00000000000000000169,0.8528470247544615,0.8503960016049403,0.11276014863143932,0.12132564590129609,0.08071367513912388,1.0,1.0,1.0,33,AA,1.411187908855396,3,A,3,A,1,1,0.023271636166983575,0.013271287266891118,0.0,0.0,1,36.87217224841882,30.616288535263315,42.557787212345,43.96897512120037,0.8528470247544615,0.8503960016049403,20260422_thermal_canonical_v01,S1_4SCENE,0.011121190447115462,0.015007065226872276,1.0,1.0,287534.9015424263,4083344.990313334,"{""type"":""Polygon"",""coordinates"":[[[30.618011117768685,36.87085355434086],[30.617927020912397,36.87355840951615],[30.614565909880323,36.873490927359946],[30.614650096761537,36.87078606256023],[30.618011117768685,36.87085355434086]]]}"
1_1_2_0000000000000000019a,0000000000000000019a,0.8927088603178478,0.9077420930516544,0.08184760043961409,0.0789648134256755,0.07658793154580182,1.0,1.0,1.0,33,AA,1.0927267852493807,3,A,3,A,1,1,0.002215515587111629,0.0,0.0,0.0,1,36.87487487620685,30.616204500104896,41.24270274211465,42.33542952736403,0.8927088603178478,0.9077420930516544,20260422_thermal_canonical_v01,S1_4SCENE,0.02322802365542626,0.013293093522669776,1.0,1.0,287534.9009590001,4083645.0555894007,"{""type"":""Polygon"",""coordinates"":[[[30.617927020912397,36.87355840951615],[30.617843187351667,36.876258776782095],[30.614481898515375,36.87619132909636],[30.614565909880323,36.873490927359946],[30.617927020912397,36.87355840951615]]]}"
1_1_2_000000000000000001bf,000000000000000001bf,0.03918478237207257,0.05669167236297299,0.8846617700201583,0.9142985270875691,0.08760846565453821,1.0,1.0,1.0,55,BB,3.668692508675421,5,B,5,B,1,1,0.0,0.0,0.0216517691929241,0.00781954101558248,1,36.87825626595093,30.7911105464974,51.436599952322645,55.10529246099806,0.8846617700201583,0.9142985270875691,20260422_thermal_canonical_v01,S1_4SCENE,0.05450167841484496,0.021190259533875242,1.0,1.0,303135.0368744529,4083645.0572302104,"{""type"":""Polygon"",""coordinates"":[[[30.792833089066534,36.87693721091114],[30.792755333674,36.87963792747367],[30.789387961134107,36.87957530661817],[30.789465806304463,36.87687457972405],[30.792833089066534,36.87693721091114]]]}"
1_1_2_000000000000000001c3,000000000000000001c3,0.034693752943844504,0.022377579680058608,0.9363998743959667,0.9398190953020602,0.06818816181986286,1.0,1.0,1.0,55,BB,1.336563267471927,5,B,5,B,1,1,0.0,0.0,0.0033363571341346386,0.015569666625961646,1,36.8785056985276,30.804566064153512,52.317372511226445,53.65393577869837,0.9363998743959667,0.9398190953020602,20260422_thermal_canonical_v01,S1_4SCENE,0.0255700155260541,0.022233658391919462,1.0,1.0,304335.0486435463,4083645.054870288,"{""type"":""Polygon"",""coordinates"":[[[30.80628561444567,36.87718641906756],[30.806208305765082,36.87988714379025],[30.802846470876997,36.87982496346318],[30.80292386931335,36.87712422845373],[30.80628561444567,36.87718641906756]]]}"
1_1_2_000000000000000001c9,000000000000000001c9,0.9726030981787732,0.9126194961970552,0.010218233200753605,0.00691246249389435,0.07545705114786123,1.0,1.0,1.0,33,AA,1.6042089438016955,3,A,3,A,1,1,0.017178668620473087,0.08046804130905028,0.0,0.0,1,36.877168554627374,30.595941665959366,40.466678212875586,42.07088715667725,0.9726030981787732,0.9126194961970552,20260422_thermal_canonical_v01,S1_4SCENE,0.0,0.0,1.0,1.0,285735.01063556515,4083944.8729753573,"{""type"":""Polygon"",""coordinates"":[[[30.59766463064718,36.87585234992241],[30.597579993462343,36.87855275705123],[30.594218604722226,36.878484707220764],[30.594303419755775,36.8757843402194],[30.59766463064718,36.87585234992241]]]}"
1_1_2_000000000000000001da,000000000000000001da,0.04352528653420091,0.071873419046456,0.008059592135791912,0.02048479667847111,0.09851630235682007,1.0,1.0,1.0,11,UU,2.2075596547836085,1,U,1,U,1,1,0.0,0.0011121190447115463,0.006672714268269277,0.00889695235769237,1,36.87831205297088,30.653118043992837,44.340067215572994,46.54762687035659,0.9417424070617378,0.8976327128726689,20260422_thermal_canonical_v01,S1_4SCENE,0.9417424070617378,0.8976327128726689,1.0,1.0,290834.8680666802,4083944.871863891,"{""type"":""Polygon"",""coordinates"":[[[30.654840060249303,36.8769950079977],[30.654757479864394,36.87969547448938],[30.651395947039827,36.87962908378214],[30.651478705153373,36.87692858263864],[30.654840060249303,36.8769950079977]]]}"
1_1_2_000000000000000001f6,000000000000000001f6,0.0019723007127276527,0.0022204710010841123,0.9980276992872722,0.9977795289989159,0.0041927717138117646,1.0,1.0,1.0,55,BB,3.113464603418854,5,B,5,B,1,1,0.0,0.0,0.0,0.0,1,36.8809569909921,30.791032721375,53.65155787424285,56.76502247766175,0.9980276992872722,0.9977795289989159,20260422_thermal_canonical_v01,S1_4SCENE,0.0,0.0,1.0,1.0,303135.03659387643,4083944.874760708,"{""type"":""Polygon"",""coordinates"":[[[30.792755333674,36.87963792747367],[30.79267757823262,36.88233862610939],[30.789310028251275,36.882276040665026],[30.789387961134107,36.87957530661817],[30.792755333674,36.87963792747367]]]}"
1_1_2_000000000000000001ff,000000000000000001ff,0.9715993695521556,0.9191259067041685,0.010575675510932704,0.05971403443081186,0.08699570703332495,1.0,1.0,1.0,33,AA,1.7054667352255952,3,A,3,A,1,1,0.006683269620947591,0.015587039246249103,0.0,0.0,1,36.879803012386205,30.592492739240388,41.157151908688185,42.86261864391377,0.9715993695521556,0.9191259067041685,20260422_thermal_canonical_v01,S1_4SCENE,0.011141685315964094,0.005573019618770629,1.0,1.0,285434.94484390237,4084244.9401100934,"{""type"":""Polygon"",""coordinates"":[[[30.594218604722226,36.878484707220764],[30.594133789631826,36.8811895266572],[30.590766777795928,36.8811212656253],[30.590851770747452,36.878416486129794],[30.594218604722226,36.878484707220764]]]}"
1_1_2_00000000000000000218,00000000000000000218,0.03335935217446285,0.028907077851570488,0.012223041064708414,0.017233484940323816,0.0992146379965201,1.0,1.0,1.0,11,UU,2.486971151342456,1,U,1,U,1,1,0.0,0.0,0.05749582463010361,0.02553189633744836,1,36.88219578157725,30.713584186641903,43.52680835005949,46.013779501401956,0.896921782130725,0.9283275408706573,20260422_thermal_canonical_v01,S1_4SCENE,0.896921782130725,0.9283275408706573,1.0,1.0,296235.03785798594,4084244.940030304,"{""type"":""Polygon"",""coordinates"":[[[30.71530537230334,36.880875616056294],[30.71522476150921,36.88358062612891],[30.711862920513088,36.88351593321476],[30.71194370891325,36.880810888097685],[30.71530537230334,36.880875616056294]]]}"
1_1_2_0000000000000000022f,0000000000000000022f,0.018316708826589922,0.007275307927081473,0.9467478807563533,0.9413708578419633,0.050892324571906254,1.0,1.0,1.0,55,BB,2.054372113696983,5,B,5,B,1,1,0.0,0.0,0.0,0.0,1,36.88365992495168,30.79095482208236,52.91053834006862,54.96491045376558,0.9467478807563533,0.9413708578419633,20260422_thermal_canonical_v01,S1_4SCENE,0.03493541041705672,0.05135383423095514,1.0,1.0,303135.0363046937,4084244.9376640804,"{""type"":""Polygon"",""coordinates"":[[[30.79267757823262,36.88233862610939],[30.792599647419948,36.88504382093869],[30.789232007655784,36.88498117152962],[30.789310028251275,36.882276040665026],[30.79267757823262,36.88233862610939]]]}"
1_1_2_00000000000000000235,00000000000000000235,0.01943582129842085,0.022204903365131347,0.9755092977590464,0.9619120598748687,0.06257864236608487,1.0,1.0,1.0,55,BB,2.232650898478046,5,B,5,B,1,1,0.0,0.0,0.002808267190296023,0.0,1,36.884033568995775,30.811138155595007,49.30915550176403,51.54180640024208,0.9755092977590464,0.9619120598748687,20260422_thermal_canonical_v01,S1_4SCENE,0.0022466137522368186,0.015883036759999834,1.0,1.0,304934.9269302943,4084244.936259928,"{""type"":""Polygon"",""coordinates"":[[[30.812860532030616,36.88271196446913],[30.81278340275665,36.88541717030892],[30.809415698886525,36.885355159761325],[30.80949300556115,36.882649918308374],[30.812860532030616,36.88271196446913]]]}"
1_1_2_00000000000000000269,00000000000000000269,0.01611046176927236,0.036132965825235924,0.8889189330635173,0.9122516267466811,0.09670202187603576,1.0,1.0,1.0,55,BB,3.293836370095437,5,B,5,B,1,1,0.004710151248190078,0.008046508382324716,0.0396699405125342,0.028557472567730207,1,36.88630022268448,30.78751200102546,50.68456561101269,53.97840198110818,0.8889189330635173,0.9122516267466811,20260422_thermal_canonical_v01,S1_4SCENE,0.050590513406486036,0.015011426478028007,1.0,1.0,302834.9703815739,4084545.000329112,"{""type"":""Polygon"",""coordinates"":[[[30.789232007655784,36.88498117152962],[30.789154074674826,36.88768186951952],[30.785791951855582,36.88761925922855],[30.785869974617594,36.88491855100874],[30.789232007655784,36.88498117152962]]]}"
1_1_2_00000000000000000270,00000000000000000270,0.01943146739580024,0.013884595457138013,0.9800155869713818,0.9694573731163929,0.03276311722012028,1.0,1.0,1.0,55,BB,2.602279011356921,5,B,5,B,1,1,5.529456328179766E-4,0.0,0.0,0.0,1,36.88673655859807,30.811060970413504,48.03942454832127,50.641703559678184,0.9800155869713818,0.9694573731163929,20260422_thermal_canonical_v01,S1_4SCENE,0.0,0.016658031426469124,1.0,1.0,304934.9279488438,4084545.0014116266,"{""type"":""Polygon"",""coordinates"":[[[30.81278340275665,36.88541717030892],[30.812706273434543,36.88811796902106],[30.809338479812915,36.88805589450722],[30.809415698886525,36.885355159761325],[30.81278340275665,36.88541717030892]]]}"
1_1_2_00000000000000000299,00000000000000000299,0.03752193278445136,0.08086503337266364,0.022239734586096266,0.03331170895031764,0.09003435229167667,1.0,1.0,1.0,11,UU,1.9459186807649944,1,U,1,U,1,1,0.0,0.0,0.0011102451682565673,0.0016893142167982277,1,36.88773067185788,30.720149704212204,44.55077172106921,46.496690401834236,0.9391280874611959,0.8841339434602205,20260422_thermal_canonical_v01,S1_4SCENE,0.9391280874611959,0.8841339434602205,1.0,1.0,296834.91778699553,4084845.0654568034,"{""type"":""Polygon"",""coordinates"":[[[30.721873705235012,36.88641044617653],[30.721793274104765,36.88911554873204],[30.718425645452,36.88905084537382],[30.71850616646602,36.88634580708665],[30.721873705235012,36.88641044617653]]]}"
1_1_2_000000000000000002b4,000000000000000002b4,0.0066571171069187895,0.014433187187335375,0.9927899372602632,0.9627871943016123,0.044422868438124534,1.0,1.0,1.0,55,BB,2.4310480002530395,5,B,5,B,1,1,5.529456328179766E-4,0.007771716177795971,0.0,0.0,1,36.88943954132199,30.81098374445817,49.61500772943395,52.04605572968698,0.9927899372602632,0.9627871943016123,20260422_thermal_canonical_v01,S1_4SCENE,0.0,0.01500790233325642,1.0,1.0,304934.92623703455,4084845.0660146107,"{""type"":""Polygon"",""coordinates"":[[[30.812706273434543,36.88811796902106],[30.812629056417233,36.89082316347386],[30.809261173041623,36.89076109948709],[30.809338479812915,36.88805589450722],[30.812706273434543,36.88811796902106]]]}"
1_1_2_000000000000000002d7,000000000000000002d7,0.00333070650162617,0.009434824822253478,0.01944000592125601,0.06665766867960347,0.08551861059469443,1.0,1.0,1.0,11,UU,2.2385690239145433,1,U,1,U,1,1,0.0,0.002220471001084113,0.00999211950487851,0.005551177502710283,1,36.890044328470005,30.699885512428303,44.7407377626723,46.97930678658685,0.9672371680722394,0.9161358579943487,20260422_thermal_canonical_v01,S1_4SCENE,0.9672371680722394,0.9161358579943487,1.0,1.0,295035.02523789974,4085145.132636897,"{""type"":""Polygon"",""coordinates"":[[[30.701609825819638,36.88872663601988],[30.701528855289077,36.89142716562324],[30.69816111904806,36.89136200751761],[30.69824226721408,36.88866144292003],[30.701609825819638,36.88872663601988]]]}"
1_1_2_000000000000000002d8,000000000000000002d8,0.020563299199274285,0.030014130453744556,0.006672714268269277,0.02663852205920833,0.06665300141304535,1.0,1.0,1.0,11,UU,2.210986064456855,1,U,1,U,1,1,0.005560595223557731,0.012228948240671276,0.009446470003314545,0.01223330949182701,1,36.89010943483204,30.703250376731074,45.286739018156354,47.497725082613215,0.9577569213055842,0.9188850897545487,20260422_thermal_canonical_v01,S1_4SCENE,0.9577569213055842,0.9188850897545487,1.0,1.0,295335.0900936085,4085145.1311944597,"{""type"":""Polygon"",""coordinates"":[[[30.70497185492377,36.88879168956912],[30.70489097429333,36.89149220926811],[30.701528855289077,36.89142716562324],[30.701609825819638,36.88872663601988],[30.70497185492377,36.88879168956912]]]}"
1_1_2_000000000000000002db,000000000000000002db,0.005559892029077142,0.023351546522123998,0.043877359683587615,0.031048181370219006,0.09943267297805253,1.0,1.0,1.0,11,UU,2.191080579160645,1,U,1,U,1,1,0.0,0.0,0.0011119784058154284,0.007783848840707998,1,36.89030417075944,30.71334226915573,45.20920400147102,47.40028458063165,0.9494507698815198,0.9378164232669489,20260422_thermal_canonical_v01,S1_4SCENE,0.9494507698815198,0.9378164232669489,1.0,1.0,296235.0381806832,4085145.131438402,"{""type"":""Polygon"",""coordinates"":[[[30.715063627480735,36.888986249606035],[30.714983016530553,36.891686813856815],[30.711620905872454,36.8916220764201],[30.711701518992577,36.888921527245],[30.715063627480735,36.888986249606035]]]}"
1_1_2_0000000000000000035b,0000000000000000035b,0.007784833312980822,0.04114404340317148,0.007784833312980822,0.023297803673917962,0.0850051462763637,1.0,1.0,1.0,11,UU,2.184395017097916,1,U,1,U,1,1,0.0,0.0,0.016659979414894534,0.0016572754391779904,1,36.895186212087765,30.686265817431185,43.27688435278718,45.4612793698851,0.9677703539591438,0.9339008774837325,20260422_thermal_canonical_v01,S1_4SCENE,0.9677703539591438,0.9339008774837325,1.0,1.0,293835.01679072395,4085745.013109906,"{""type"":""Polygon"",""coordinates"":[[[30.687987792746853,36.89386647151197],[30.687906111523347,36.89657142256311],[30.68454379943009,36.89650593794582],[30.684625570583158,36.89380097695447],[30.687987792746853,36.89386647151197]]]}"
1_1_2_0000000000000000035f,0000000000000000035f,0.0,0.006987952856352945,0.01447224628941881,0.02280118947583824,0.0420017328381538,1.0,1.0,1.0,11,UU,2.395930825973931,1,U,1,U,1,1,0.0,0.0,0.0011102355005420566,0.0,1,36.89544764517904,30.699723306292395,44.896129346186434,47.29206017216037,0.9844175182100392,0.9702108576678089,20260422_thermal_canonical_v01,S1_4SCENE,0.9844175182100392,0.9702108576678089,1.0,1.0,295035.0260554798,4085745.013937802,"{""type"":""Polygon"",""coordinates"":[[[30.701447796980613,36.89412777678403],[30.701366650894098,36.896832786603184],[30.697998734830236,36.896767499711345],[30.69808005855723,36.89406245478718],[30.701447796980613,36.89412777678403]]]}"
1_1_2_0000000000000000037d,0000000000000000037d,0.0,0.0,0.0,0.0,0.03662439100847694,1.0,1.0,1.0,11,UU,1.3491080883309163,1,U,1,U,1,1,0.0,0.0,0.0,0.03662439100847694,1,36.89735976212792,30.800658653528544,50.81158778960631,52.160695877937236,1.0,0.9633756089915231,20260422_thermal_canonical_v01,S1_4SCENE,1.0,0.9633756089915231,1.0,1.0,304034.98242015013,4085745.012350288,"{""type"":""Polygon"",""coordinates"":[[[30.802381553315893,36.896038370192954],[30.80230397923145,36.89874349193925],[30.798935726929404,36.89868117734845],[30.799013390782733,36.89597597071797],[30.802381553315893,36.896038370192954]]]}"
1_1_2_0000000000000000039d,0000000000000000039d,0.007226593165047185,0.007226593165047185,0.01167506934389337,0.028836592641697033,0.06105751618024176,1.0,1.0,1.0,11,UU,1.832189867372264,1,U,1,U,1,1,0.0,0.0,0.00942902499869162,0.004448476178846185,1,36.89775762464985,30.67945388841294,43.765721460504075,45.59791132787637,0.9716693124923678,0.9594883380144095,20260422_thermal_canonical_v01,S1_4SCENE,0.9716693124923678,0.9594883380144095,1.0,1.0,293234.88892913825,4086045.0764943664,"{""type"":""Polygon"",""coordinates"":[[[30.68117595724949,36.896440238558114],[30.681094183845577,36.89914069991992],[30.67773177672884,36.89907499607515],[30.67781364006797,36.89637452489258],[30.68117595724949,36.896440238558114]]]}"
1_1_2_000000000000000003df,000000000000000003df,0.014433187187335378,0.03886293479160048,0.010562567757609541,0.041971621262718875,0.09250736898018548,1.0,1.0,1.0,11,UU,1.7557648705356679,1,U,1,U,1,1,0.0011102451682565675,0.00444098067302627,0.007771716177795973,0.002220490336513135,1,36.90032647311028,30.672644352878635,43.78417157435279,45.53993644488844,0.9661222837090025,0.9125039729361414,20260422_thermal_canonical_v01,S1_4SCENE,0.9661222837090025,0.9125039729361414,1.0,1.0,292635.0078285741,4086344.8944680286,"{""type"":""Polygon"",""coordinates"":[[[30.67436936719195,36.89900921502135],[30.67428732611563,36.90170970309361],[30.670919296197393,36.901643716627625],[30.67100142722289,36.898943218660435],[30.67436936719195,36.89900921502135]]]}"
1_1_2_00000000000000000426,00000000000000000426,0.007532185944853953,0.03725166644171702,0.00999211950487851,0.03417783795786331,0.07308832685333139,1.0,1.0,1.0,11,UU,2.0689353442661678,1,U,1,U,1,1,0.0,0.0,5.660024120410484E-4,0.004440942002168226,1,36.90322658513244,30.682655555901892,43.95194443165035,46.02087977591652,0.9819096921382265,0.9241295535982516,20260422_thermal_canonical_v01,S1_4SCENE,0.9819096921382265,0.9241295535982516,1.0,1.0,293534.95183232264,4086644.9585642987,"{""type"":""Polygon"",""coordinates"":[[[30.684380520176166,36.901906946768115],[30.68429874886318,36.90461192781465],[30.680930549137848,36.904546208892555],[30.681012410388306,36.90184121780496],[30.684380520176166,36.901906946768115]]]}"
1_1_2_0000000000000000044d,0000000000000000044d,0.0032752996179543966,0.02609336566474188,0.9934799295221812,0.900572196151632,0.09942780384836795,1.0,1.0,1.0,55,BB,1.0270763473488858,5,B,5,B,1,1,0.0,0.04225616244788302,0.0,0.0,1,36.905714951461825,30.81388623226914,50.100055160463036,51.12713150781197,0.9934799295221812,0.900572196151632,20260422_thermal_canonical_v01,S1_4SCENE,0.0032447708598642754,0.031078275735743045,1.0,1.0,305234.99220601504,4086644.957576304,"{""type"":""Polygon"",""coordinates"":[[[30.81560630281032,36.904393260318614],[30.815529175250813,36.90709848325394],[30.812166103889403,36.90703659025107],[30.812243321196057,36.904331431217415],[30.81560630281032,36.904393260318614]]]}"
1_1_2_0000000000000000046b,0000000000000000046b,0.0208293355197739,0.03051567433665368,0.015569666625961646,0.0428056800935052,0.08527990509917481,1.0,1.0,1.0,11,UU,1.7894368053322747,1,U,1,U,1,1,0.0,0.0,0.01445318633009437,0.0,1,36.90599496008805,30.68593928221531,44.4283455637699,46.21778236910217,0.94914781152417,0.926678645569841,20260422_thermal_canonical_v01,S1_4SCENE,0.94914781152417,0.926678645569841,1.0,1.0,293835.01566265494,4086945.023721622,"{""type"":""Polygon"",""coordinates"":[[[30.687661418473784,36.90467743221583],[30.687579912507825,36.90737794367152],[30.684217065234375,36.907312474131736],[30.68429874886318,36.90461192781465],[30.687661418473784,36.90467743221583]]]}"
1_1_2_0000000000000000046c,0000000000000000046c,0.002220490336513134,0.0161225014041336,0.027190121865734357,0.0749219562955255,0.09382224757161084,1.0,1.0,1.0,11,UU,1.7640539227079575,1,U,1,U,1,1,0.0,0.0,0.004458396283508724,0.009434906978870512,1,36.906060464879474,30.6893048278051,45.2065641458293,46.970618068537256,0.9661309915142436,0.8995206353214704,20260422_thermal_canonical_v01,S1_4SCENE,0.9661309915142436,0.8995206353214704,1.0,1.0,294135.08171080984,4086945.0199636323,"{""type"":""Polygon"",""coordinates"":[[[30.691029700441735,36.90474297101537],[30.690948284400772,36.90744347249742],[30.687579912507825,36.90737794367152],[30.687661418473784,36.90467743221583],[30.691029700441735,36.90474297101537]]]}"
1_1_2_0000000000000000046d,0000000000000000046d,0.01668614692182893,0.023882211328786,0.016668701917206003,0.044476039286150404,0.07170769150253822,1.0,1.0,1.0,11,UU,2.395054589507519,1,U,1,U,1,1,0.0011121190447115467,0.0022242380894230934,0.011648901836958984,0.0,1,36.9061259224654,30.692670372679487,46.68404352792189,49.0790981174294,0.9538841302792946,0.9294175112956407,20260422_thermal_canonical_v01,S1_4SCENE,0.9538841302792946,0.9294175112956407,1.0,1.0,294435.14685534814,4086945.0215601833,"{""type"":""Polygon"",""coordinates"":[[[30.694392364785017,36.90480832070835],[30.694311126391906,36.9075088617224],[30.690948284400772,36.90744347249742],[30.691029700441735,36.90474297101537],[30.694392364785017,36.90480832070835]]]}"
1_1_2_0000000000000000046e,0000000000000000046e,0.1172853772659285,0.0833765769380039,0.009436554000723872,0.03222993097012483,0.09610545915986758,1.0,1.0,1.0,11,UU,2.729787442432277,1,U,1,U,1,1,0.0,0.0,0.0038853833709080266,0.0033359352174462857,1,36.90619122242038,30.696033141551535,46.03080693591278,48.760594378345054,0.8693926853624395,0.881057556874425,20260422_thermal_canonical_v01,S1_4SCENE,0.8693926853624395,0.881057556874425,1.0,1.0,294734.96350772865,4086945.022233534,"{""type"":""Polygon"",""coordinates"":[[[30.69775511424428,36.904873568139735],[30.697673965762302,36.907574099249395],[30.694311126391906,36.9075088617224],[30.694392364785017,36.90480832070835],[30.69775511424428,36.904873568139735]]]}"
1_1_2_00000000000000000491,00000000000000000491,0.00889695235769237,0.0344713291349022,0.9830478167576714,0.9460687682082236,0.06643493885525877,1.0,1.0,1.0,55,BB,0.6735389574054425,5,B,5,B,1,1,0.0,0.0,0.0,0.0,1,36.908417938760465,30.813809078803104,50.95892031409334,51.632459271498774,0.9830478167576714,0.9460687682082236,20260422_thermal_canonical_v01,S1_4SCENE,0.00805523088463618,0.019459902656874195,1.0,1.0,305234.9928335118,4086945.0230268333,"{""type"":""Polygon"",""coordinates"":[[[30.815529175250813,36.90709848325394],[30.815452135288194,36.9097992751048],[30.812088886534497,36.90973734321119],[30.812166103889403,36.90703659025107],[30.815529175250813,36.90709848325394]]]}"
1_1_2_000000000000000004a4,000000000000000004a4,0.011653263088114714,0.05105716728014933,0.017235664567451105,0.021671056992830093,0.08996825009158625,1.0,1.0,1.0,11,UU,2.4833381632190243,1,U,1,U,1,1,0.0,0.0033363571341346395,0.002760671981578074,0.0011121190447115465,1,36.90797057119783,30.648844577004066,46.057836996889726,48.54117516010875,0.968350400362856,0.9228232995481743,20260422_thermal_canonical_v01,S1_4SCENE,0.968350400362856,0.9228232995481743,1.0,1.0,290535.05060063256,4087245.086313822,"{""type"":""Polygon"",""coordinates"":[[[30.650567397537355,36.90665140820576],[30.650484463301886,36.90935630378511],[30.64712167533882,36.90928972019856],[30.64720478731814,36.90658478983105],[30.650567397537355,36.90665140820576]]]}"
1_1_2_000000000000000004ae,000000000000000004ae,0.023036298170070676,0.04606824247543335,0.012212590505962623,0.03775671474784594,0.09468784966975942,1.0,1.0,1.0,11,UU,1.4261296536691468,1,U,1,U,1,1,0.0,0.0011102355005420566,0.005590362285082356,0.00333070650162617,1,36.90863207926146,30.682491986359587,44.84126821586518,46.26739786953433,0.9591607490388844,0.9117341007745525,20260422_thermal_canonical_v01,S1_4SCENE,0.9591607490388844,0.9117341007745525,1.0,1.0,293534.9524308236,4087245.090239986,"{""type"":""Polygon"",""coordinates"":[[[30.684217065234375,36.907312474131736],[30.68413529381472,36.91001741876382],[30.68076682647655,36.9099516704013],[30.680848775573832,36.9072466907219],[30.684217065234375,36.907312474131736]]]}"
1_1_2_000000000000000004b2,000000000000000004b2,0.0778036028100348,0.041688288469001945,0.0022239568116308567,0.023900994675585735,0.0850161999991278,1.0,1.0,1.0,11,UU,2.4797707927063057,1,U,1,U,1,1,0.02167703786395488,0.05112484246972581,0.00833329699416974,0.0,1,36.9088940011636,30.695951824189443,46.55664375693328,49.03641454963959,0.8899621055202097,0.8832858743856865,20260422_thermal_canonical_v01,S1_4SCENE,0.8899621055202097,0.8832858743856865,1.0,1.0,294734.96372201125,4087245.0888285786,"{""type"":""Polygon"",""coordinates"":[[[30.697673965762302,36.907574099249395],[30.697592554043162,36.91027915270188],[30.694229624754477,36.910213850753856],[30.694311126391906,36.9075088617224],[30.697673965762302,36.907574099249395]]]}"
1_1_2_000000000000000004d1,000000000000000004d1,0.0,0.006962769431743962,0.0033311561071195316,0.004441541476159375,0.05029392553886351,1.0,1.0,1.0,11,UU,0.054328771799927386,1,U,1,U,1,1,0.0,0.0,0.027768343130851313,0.02444154147615939,1,36.91087231950825,30.800270565901442,49.37301389425573,49.42734266605567,0.9689005007620293,0.9641541476159373,20260422_thermal_canonical_v01,S1_4SCENE,0.9689005007620293,0.9641541476159373,1.0,1.0,304034.97965381015,4087245.088334608,"{""type"":""Polygon"",""coordinates"":[[[30.801993770061685,36.90955090348062],[30.80191610807939,36.91225610734249],[30.798547319274522,36.912193721347045],[30.798625071028614,36.90948850696427],[30.801993770061685,36.90955090348062]]]}"
1_1_2_000000000000000004d5,000000000000000004d5,0.0,0.010004710151248182,0.9986174833836331,0.9760959824154354,0.025286534200931545,1.0,1.0,1.0,55,BB,-0.09147787977553705,5,B,5,B,1,1,0.0,0.0,0.0,0.0,1,36.911120927227245,30.813731879499212,50.745013323575456,50.65353544379989,0.9986174833836331,0.9760959824154354,20260422_thermal_canonical_v01,S1_4SCENE,0.0013825166163669025,0.01389930743331646,1.0,1.0,305234.9903003485,4087245.088831734,"{""type"":""Polygon"",""coordinates"":[[[30.815452135288194,36.9097992751048],[30.81537491998732,36.91250448631177],[30.81201158148385,36.912442564894725],[30.812088886534497,36.90973734321119],[30.815452135288194,36.9097992751048]]]}"
1_1_2_000000000000000004d7,000000000000000004d7,0.012765531323879647,0.013897536147961744,0.021255567504495376,0.00672672097387246,0.021207674992707287,1.0,1.0,1.0,22,FF,0.50589898300196,2,F,2,F,1,1,0.9659789011716251,0.9793757428781659,0.0,0.0,1,36.90952670781054,30.59155845744902,42.121279549657224,42.62717853265916,0.9659789011716251,0.9793757428781659,20260422_thermal_canonical_v01,S1_4SCENE,0.0,0.0,1.0,1.0,285434.94415581855,4087545.1498170155,"{""type"":""Polygon"",""coordinates"":[[[30.593285020995513,36.90821068891317],[30.593200117478546,36.91091101607016],[30.589831851563655,36.91084271199394],[30.589916845142746,36.9081423752471],[30.593285020995513,36.90821068891317]]]}"
1_1_2_000000000000000004f3,000000000000000004f3,0.002224238089423092,0.020846780524396827,0.003336357134134638,0.036089353313678595,0.09695933569422388,1.0,1.0,1.0,11,UU,1.2297604629798506,1,U,1,U,1,1,0.0,0.01112119044711546,0.01611482302042809,0.023908378835720376,1,36.91140044800178,30.685775941746787,44.08476330306821,45.31452376604807,0.9783245817560142,0.9080342968790885,20260422_thermal_canonical_v01,S1_4SCENE,0.9783245817560142,0.9080342968790885,1.0,1.0,293835.0174487109,4087545.15356378,"{""type"":""Polygon"",""coordinates"":[[[30.687498231018335,36.910082952768825],[30.68741663721089,36.91278345306596],[30.684053610079363,36.912717928930064],[30.68413529381472,36.91001741876382],[30.687498231018335,36.910082952768825]]]}"
1_1_2_000000000000000004f4,000000000000000004f4,0.0022204903365131345,0.019152817628080937,0.0016893142167982277,0.047801496871721,0.07581886023537203,1.0,1.0,1.0,11,UU,1.2138683338823995,1,U,1,U,1,1,0.0,0.0,0.0027821437745723394,0.005551225841282837,1,36.91146598784001,30.68914171282429,44.99778887817329,46.2116572120557,0.9933080516721163,0.9274944596589153,20260422_thermal_canonical_v01,S1_4SCENE,0.9933080516721163,0.9274944596589153,1.0,1.0,294135.08252434933,4087545.1522995243,"{""type"":""Polygon"",""coordinates"":[[[30.69086669284109,36.91014847151998],[30.69078527669414,36.912849011256654],[30.68741663721089,36.91278345306596],[30.687498231018335,36.910082952768825],[30.69086669284109,36.91014847151998]]]}"
1_1_2_000000000000000004fb,000000000000000004fb,0.05281243322678687,0.04054142446614132,0.030010334858124623,0.03502513943337067,0.09167498833512844,1.0,1.0,1.0,11,UU,1.486718434593867,1,U,1,U,1,1,0.0,0.0022239568116308567,0.0,0.005559892029077142,1,36.91192208351442,30.71269678717454,46.338849144858294,47.82556757945215,0.9171772319150885,0.91664958725978,20260422_thermal_canonical_v01,S1_4SCENE,0.9171772319150885,0.91664958725978,1.0,1.0,296235.0366642379,4087545.153704573,"{""type"":""Polygon"",""coordinates"":[[[30.714418650705884,36.910604201443],[30.714338039339367,36.91330469580701],[30.71097485869461,36.91323998959659],[30.711055647669063,36.910539385819966],[30.714418650705884,36.910604201443]]]}"
1_1_2_00000000000000000515,00000000000000000515,0.0,0.0,0.0,0.0033309965557931057,0.020547676793186493,1.0,1.0,1.0,11,UU,1.8230605320401188,1,U,1,U,1,1,0.0,0.0,0.016119410783720364,0.011107676096507467,1,36.91357529451086,30.800192929422657,49.17862049068645,51.00168102272655,0.9838805892162796,0.9855613273476995,20260422_thermal_canonical_v01,S1_4SCENE,0.9838805892162796,0.9855613273476995,1.0,1.0,304034.9813757702,4087545.1553938673,"{""type"":""Polygon"",""coordinates"":[[[30.80191610807939,36.91225610734249],[30.801838621357707,36.91495685491383],[30.79846965512865,36.914894430070284],[30.798547319274522,36.912193721347045],[30.80191610807939,36.91225610734249]]]}"
1_1_2_00000000000000000524,00000000000000000524,0.037812047520192564,0.03947804546168202,0.0019320342619890782,0.010009071402403915,0.05364338921549811,1.0,1.0,1.0,22,FF,1.5038996352050176,2,F,2,F,1,1,0.9574778012316172,0.9410620518814437,0.0,0.0,1,36.912837532598026,30.62175851606914,41.091806194835634,42.59570583004066,0.9574778012316172,0.9410620518814437,20260422_thermal_canonical_v01,S1_4SCENE,0.0027781169862009995,0.009450831254470276,1.0,1.0,288135.0300287467,4087844.9693724914,"{""type"":""Polygon"",""coordinates"":[[[30.623481857785656,36.91152101766369],[30.62339802791511,36.9142213891366],[30.620035131362542,36.914154032389916],[30.620119051249667,36.911453651298814],[30.623481857785656,36.91152101766369]]]}"
1_1_2_00000000000000000525,00000000000000000525,0.009791926993760863,0.004436626770405655,0.0030564396396710204,0.0016588368984539299,0.011759890978278386,1.0,1.0,1.0,22,FF,1.4444084233841639,2,F,2,F,1,1,0.9843564278841339,0.9927942911628839,0.0,0.0,1,36.91290489473157,30.62512418338877,41.586875874306,43.031284297690156,0.9843564278841339,0.9927942911628839,20260422_thermal_canonical_v01,S1_4SCENE,0.002795205482434181,0.0011102451682565673,1.0,1.0,288435.09400367155,4087844.9688507942,"{""type"":""Polygon"",""coordinates"":[[[30.626850280226684,36.9115883477048],[30.62676654037253,36.91428878390373],[30.62339802791511,36.9142213891366],[30.623481857785656,36.91152101766369],[30.626850280226684,36.9115883477048]]]}"
1_1_2_00000000000000000535,00000000000000000535,0.002756106389195364,0.005830560510054116,0.01665002245877832,0.03946639687059817,0.06025493984100055,1.0,1.0,1.0,11,UU,1.784403697997484,1,U,1,U,1,1,0.0,5.53837834537676E-4,0.003889947625256748,0.006672219581438143,1,36.913969534146055,30.67896259003936,44.22289969008091,46.00730338807838,0.9767039235267695,0.9474769852033719,20260422_thermal_canonical_v01,S1_4SCENE,0.9767039235267695,0.9474769852033719,1.0,1.0,293234.8892948396,4087844.9681357155,"{""type"":""Polygon"",""coordinates"":[[[30.68068505280573,36.91265211609467],[30.680603191341486,36.91535264319056],[30.677240069117165,36.915286899683174],[30.677322020519675,36.91258643716962],[30.68068505280573,36.91265211609467]]]}"
1_1_2_00000000000000000537,00000000000000000537,0.002765033232733805,0.016926015735394158,0.00833871220975873,0.028910733911344466,0.06141077752385601,1.0,1.0,1.0,11,UU,1.291172661018028,1,U,1,U,1,1,0.0,0.0,0.01055858904802609,0.006114474120335637,1,36.91410094459282,30.685694302991887,44.06371471142454,45.35488737244255,0.9783376655094813,0.9480487762329256,20260422_thermal_canonical_v01,S1_4SCENE,0.9783376655094813,0.9480487762329256,1.0,1.0,293835.01655497827,4087844.969251283,"{""type"":""Polygon"",""coordinates"":[[[30.68741663721089,36.91278345306596],[30.687335043350288,36.9154839353301],[30.68397192629076,36.915418421066555],[30.684053610079363,36.912717928930064],[30.68741663721089,36.91278345306596]]]}"
1_1_2_00000000000000000559,00000000000000000559,0.0022205773501110305,0.0,0.01141202595027649,0.0,0.023625201375887164,1.0,1.0,1.0,11,UU,1.0277156531953615,1,U,1,U,1,1,0.0,0.0,0.012213175425610666,0.008882309400444122,1,36.91627599490377,30.800115327253316,50.64829439982554,51.676010053020875,0.9741542212740019,0.9911176905995559,20260422_thermal_canonical_v01,S1_4SCENE,0.9741542212740019,0.9911176905995559,1.0,1.0,304034.981257388,4087844.9701351128,"{""type"":""Polygon"",""coordinates"":[[[30.801838621357707,36.91495685491383],[30.801761046932747,36.9176575349971],[30.79839199093404,36.91759512058337],[30.79846965512865,36.914894430070284],[30.801838621357707,36.91495685491383]]]}"
1_1_2_00000000000000000568,00000000000000000568,0.0,0.0,8.315990212384299E-4,0.0,8.315990212384299E-4,1.0,1.0,1.0,22,FF,1.2325383804655017,2,F,2,F,1,1,0.9991684009787616,1.0,0.0,0.0,1,36.91560751662598,30.62504034651396,40.99527613623326,42.22781451669878,0.9991684009787616,1.0,20260422_thermal_canonical_v01,S1_4SCENE,0.0,0.0,1.0,1.0,288435.0943749071,4088145.033581007,"{""type"":""Polygon"",""coordinates"":[[[30.62676654037253,36.91428878390373],[30.62668271268505,36.9169936196668],[30.6233141102088,36.91692623473289],[30.62339802791511,36.9142213891366],[30.62676654037253,36.91428878390373]]]}"
1_1_2_00000000000000000579,00000000000000000579,0.02390271724696428,0.043307892250556236,0.013875766824421704,0.024455658064881303,0.09335121320440093,1.0,1.0,1.0,11,UU,1.6552459924645222,1,U,1,U,1,1,0.0,0.00666141300325234,0.012787300647419689,0.006678828462084372,1,36.91673803927673,30.682246605469256,44.41711976975914,46.07236576222367,0.9494342152811944,0.9188962082192258,20260422_thermal_canonical_v01,S1_4SCENE,0.9494342152811944,0.9188962082192258,1.0,1.0,293534.9521247628,4088145.035675985,"{""type"":""Polygon"",""coordinates"":[[[30.68397192629076,36.915418421066555],[30.683890066973365,36.91812341042409],[30.680521242083657,36.91805764261076],[30.680603191341486,36.91535264319056],[30.68397192629076,36.915418421066555]]]}"
1_1_2_0000000000000000059a,0000000000000000059a,0.04970954067302825,0.01467997139019241,0.9152696125464473,0.984207909565096,0.09440364251696522,1.0,1.0,1.0,55,BB,2.144194063533164,5,B,5,B,1,1,0.0,0.0,0.0,0.0,1,36.918854042630606,30.793307746172896,53.67730489721594,55.821498960749146,0.9152696125464473,0.984207909565096,20260422_thermal_canonical_v01,S1_4SCENE,0.035020846780524376,0.0011121190447115463,1.0,1.0,303435.100758972,4088145.0326896883,"{""type"":""Polygon"",""coordinates"":[[[30.79502845341139,36.917532683764655],[30.794950524078562,36.920237878414056],[30.791586980701585,36.9201753495165],[30.79166499981349,36.917470218826494],[30.79502845341139,36.917532683764655]]]}"
1_1_2_000000000000000005a3,000000000000000005a3,0.03217394337944144,0.012445708105845202,0.011926773535209049,0.0033011215963997262,0.02916499502869401,1.0,1.0,1.0,22,FF,-0.07355224248664988,2,F,2,F,1,1,0.9558992830853494,0.9842531702977549,0.0,0.0,1,36.917904477583896,30.60476398900055,41.926688124832374,41.85313588234572,0.9558992830853494,0.9842531702977549,20260422_thermal_canonical_v01,S1_4SCENE,0.0,0.0,1.0,1.0,286634.9558575192,4088445.0976309762,"{""type"":""Polygon"",""coordinates"":[[[30.606487746450295,36.91658824614594],[30.606403290754255,36.91928853071092],[30.603040205030922,36.91922073205405],[30.603124750767876,36.91652036347049],[30.606487746450295,36.91658824614594]]]}"
1_1_2_000000000000000005a4,000000000000000005a4,0.09776839171801188,0.06418323136879237,0.012505715094380709,0.008935141843199587,0.05422481548409575,1.0,1.0,1.0,22,FF,0.17863795453001738,2,F,2,F,1,1,0.8869521673815072,0.9263286233698376,0.0,0.0,1,36.91797235054199,30.608129829191835,41.808691624004766,41.98732957853478,0.8869521673815072,0.9263286233698376,20260422_thermal_canonical_v01,S1_4SCENE,0.0027737258061004567,5.530034181707347E-4,1.0,1.0,286935.0191709242,4088445.099506435,"{""type"":""Polygon"",""coordinates"":[[[30.609856271176326,36.9166561182803],[30.609771993310474,36.91935644269158],[30.606403290754255,36.91928853071092],[30.606487746450295,36.91658824614594],[30.609856271176326,36.9166561182803]]]}"
1_1_2_000000000000000005a6,000000000000000005a6,0.013053224709104541,0.006943111839924633,0.0033363571341346386,0.0011121190447115463,0.027789892364321465,1.0,1.0,1.0,22,FF,0.7915117760071477,2,F,2,F,1,1,0.8918715000959475,0.9124347992952219,0.0,0.0,1,36.91810771827922,30.614858800503868,41.393598029307626,42.18510980531475,0.8918715000959475,0.9124347992952219,20260422_thermal_canonical_v01,S1_4SCENE,0.09173891806081325,0.07950996982014197,1.0,1.0,287534.9011727517,4088445.0991187305,"{""type"":""Polygon"",""coordinates"":[[[30.61658234143984,36.916791323049246],[30.616498331416544,36.919491677780776],[30.61313516324849,36.91942406164934],[30.61321935108349,36.91672374682422],[30.61658234143984,36.916791323049246]]]}"
1_1_2_000000000000000005a7,000000000000000005a7,0.007767294639086386,0.0,0.0,0.0,0.007767294639086386,1.0,1.0,1.0,22,FF,1.0948473103036063,2,F,2,F,1,1,0.9922327053609136,1.0,0.0,0.0,1,36.91817528486415,30.61822469357126,40.59780599946514,41.69265330976874,0.9922327053609136,1.0,20260422_thermal_canonical_v01,S1_4SCENE,0.0,0.0,1.0,1.0,287834.96613447217,4088445.098658019,"{""type"":""Polygon"",""coordinates"":[[[30.619951035854832,36.91685883820474],[30.619867028073536,36.91955928262693],[30.616498331416544,36.919491677780776],[30.61658234143984,36.916791323049246],[30.619951035854832,36.91685883820474]]]}"
1_1_2_000000000000000005a8,000000000000000005a8,0.0444802065479539,0.018347703593219144,0.00556057097251115,0.00667268516701338,0.042809854640132906,1.0,1.0,1.0,22,FF,1.3113841099079009,2,F,2,F,1,1,0.9499592224795349,0.9738674970452652,0.0,0.0,1,36.91824274721558,30.621590582816697,40.94810269001512,42.25948679992302,0.9499592224795349,0.9738674970452652,20260422_thermal_canonical_v01,S1_4SCENE,0.0,0.00111211419450223,1.0,1.0,288135.0297317407,4088445.0972354054,"{""type"":""Polygon"",""coordinates"":[[[30.6233141102088,36.91692623473289],[30.62323019244666,36.9196265950787],[30.619867028073536,36.91955928262693],[30.619951035854832,36.91685883820474],[30.6233141102088,36.91692623473289]]]}"
1_1_2_000000000000000005a9,000000000000000005a9,0.02442550004789315,0.027751896132846874,0.01874798631127057,0.02490007749980409,0.05055773735403482,1.0,1.0,1.0,22,FF,1.8014457685290064,2,F,2,F,1,1,0.9088854831546777,0.9111103370806087,0.0,0.0,1,36.918310133227564,30.624956500479797,40.59231988308332,42.39376565161233,0.9088854831546777,0.9111103370806087,20260422_thermal_canonical_v01,S1_4SCENE,0.047941030486158935,0.0362376892867406,1.0,1.0,288435.094915502,4088445.097874347,"{""type"":""Polygon"",""coordinates"":[[[30.62668271268505,36.9169936196668],[30.626598972719616,36.91969401977044],[30.62323019244666,36.9196265950787],[30.6233141102088,36.91692623473289],[30.62668271268505,36.9169936196668]]]}"
1_1_2_000000000000000005ac,000000000000000005ac,0.0067049516503324205,0.012778592918003671,0.01334459533004472,0.03945472198396909,0.06616132810289056,1.0,1.0,1.0,11,UU,3.910215985396511,1,U,1,U,1,1,0.0,0.0,0.006657059138544332,0.00333070650162617,1,36.91851166310618,30.635051478879006,49.32117290367738,53.231388889073926,0.9732933938810786,0.9444359785964012,20260422_thermal_canonical_v01,S1_4SCENE,0.9732933938810786,0.9444359785964012,1.0,1.0,289335.0371440579,4088445.0997957634,"{""type"":""Polygon"",""coordinates"":[[[30.636777535406008,36.917195004333344],[30.636694153230337,36.919895424823],[30.633325379407662,36.91982830729988],[30.633408851585894,36.91712787703014],[30.636777535406008,36.917195004333344]]]}"
1_1_2_000000000000000005ae,000000000000000005ae,0.010264997405406344,0.03360761894794677,0.011093523109326143,0.009968472416635047,0.059409653632649134,1.0,1.0,1.0,11,UU,3.026959503739399,1,U,1,U,1,1,0.0,0.01165604845567169,0.004984236208317523,0.0,1,36.91864548774681,30.641780630117015,47.958399596706144,50.98535910044559,0.9736572432769499,0.9447678601797465,20260422_thermal_canonical_v01,S1_4SCENE,0.9736572432769499,0.9447678601797465,1.0,1.0,289934.9191903508,4088445.097208524,"{""type"":""Polygon"",""coordinates"":[[[30.64350383754309,36.917328673209106],[30.64342063535349,36.92002907430045],[30.64005739532278,36.919962325432465],[30.640140687503454,36.91726184019358],[30.64350383754309,36.917328673209106]]]}"
1_1_2_000000000000000005cc,000000000000000005cc,0.009895549401426106,0.02350683617174381,0.05001853507490348,0.03825639460084169,0.07841426982707858,1.0,1.0,1.0,11,UU,1.7823365831844278,1,U,1,U,1,1,0.003336313482631543,0.0,0.003336313482631543,0.0022242089884210283,1,36.92060788615315,30.742742499155334,50.26397797975671,52.04631456294117,0.9334132885584072,0.9360125602389933,20260422_thermal_canonical_v01,S1_4SCENE,0.9334132885584072,0.9360125602389933,1.0,1.0,298934.87528425996,4088445.098043948,"{""type"":""Polygon"",""coordinates"":[[[30.744464027772967,36.919289558107074],[30.74438448817336,36.921990129686264],[30.741020890012265,36.92192620057593],[30.74110060715607,36.919225593835584],[30.744464027772967,36.919289558107074]]]}"
1_1_2_000000000000000005db,000000000000000005db,0.043564537794602495,0.04018020689775482,0.9096217922997748,0.9240531723740905,0.043813129110479195,1.0,1.0,1.0,55,BB,2.023902525750498,5,B,5,B,1,1,0.0,0.0,0.004448476178846185,0.0,1,36.921556970807224,30.793229827093167,53.2012563125339,55.225158838284386,0.9096217922997748,0.9240531723740905,20260422_thermal_canonical_v01,S1_4SCENE,0.04236519372677633,0.03576662072815449,1.0,1.0,303435.10112399654,4088445.096392568,"{""type"":""Polygon"",""coordinates"":[[[30.794950524078562,36.920237878414056],[30.794872770015917,36.922938542619924],[30.791509049202524,36.92287604912539],[30.791586980701585,36.9201753495165],[30.794950524078562,36.920237878414056]]]}"
1_1_2_000000000000000005e5,000000000000000005e5,0.06249700204515027,0.050867117559076046,0.007221255608900979,0.017220252656733073,0.04442642037649951,1.0,1.0,1.0,22,FF,0.978802668694645,2,F,2,F,1,1,0.9302817423459487,0.9319126297841909,0.0,0.0,1,36.92074044434401,30.61141142463562,41.83862670815349,42.81742937684812,0.9302817423459487,0.9319126297841909,20260422_thermal_canonical_v01,S1_4SCENE,0.0,0.0,1.0,1.0,287235.08342434105,4088744.913325972,"{""type"":""Polygon"",""coordinates"":[[[30.61313516324849,36.91942406164934],[30.613050887570186,36.92212445789555],[30.60968762759887,36.92205677407248],[30.609771993310474,36.91935644269158],[30.61313516324849,36.91942406164934]]]}"
1_1_2_000000000000000005e7,000000000000000005e7,0.05056143085409766,0.011677065146877628,0.03170048893900672,0.02503907593575438,0.07776002368502402,1.0,1.0,1.0,22,FF,1.1978489276424935,2,F,2,F,1,1,0.8893726516342231,0.9360068965216973,0.0,0.0,1,36.920875668629364,30.618140652131622,41.14506898690889,42.342917914551386,0.8893726516342231,0.9360068965216973,20260422_thermal_canonical_v01,S1_4SCENE,0.028365428572672543,0.027276962395670526,1.0,1.0,287834.9652405294,4088744.916696497,"{""type"":""Polygon"",""coordinates"":[[[30.619867028073536,36.91955928262693],[30.619783020236323,36.9222596346063],[30.61641423355249,36.922192039474396],[30.616498331416544,36.919491677780776],[30.619867028073536,36.91955928262693]]]}"
1_1_2_000000000000000005ee,000000000000000005ee,0.05448646668672569,0.041679203568765436,0.006671812247354166,0.013343624494708332,0.05502282806347377,1.0,1.0,1.0,11,UU,3.0360814586736393,1,U,1,U,1,1,0.0,0.018903468034170135,0.002223937415784722,0.004447874831569444,1,36.921345910170785,30.64169744210226,48.03479386002316,51.070875318696764,0.9366177836501354,0.9216258290707866,20260422_thermal_canonical_v01,S1_4SCENE,0.9366177836501354,0.9216258290707866,1.0,1.0,289934.9204357471,4088744.914393939,"{""type"":""Polygon"",""coordinates"":[[[30.64342063535349,36.92002907430045],[30.64333752087499,36.922729506833086],[30.639974190855458,36.92266269323855],[30.64005739532278,36.919962325432465],[30.64342063535349,36.92002907430045]]]}"
1_1_2_0000000000000000060c,0000000000000000060c,0.013275474825007077,0.010902985237357981,0.0372271527944351,0.04159270808347324,0.039464445365140946,1.0,1.0,1.0,11,UU,1.8668007596382998,1,U,1,U,1,1,0.003336313482631543,0.0,0.0011121044942105141,0.0,1,36.923308485802494,30.74266285916528,50.54835521681169,52.415155976449974,0.9450489544037154,0.9475043066791685,20260422_thermal_canonical_v01,S1_4SCENE,0.9450489544037154,0.9475043066791685,1.0,1.0,298934.8759095783,4088744.913670461,"{""type"":""Polygon"",""coordinates"":[[[30.74438448817336,36.921990129686264],[30.74430486082758,36.92469078251479],[30.74094117281742,36.92462678913366],[30.741020890012265,36.92192620057593],[30.74438448817336,36.921990129686264]]]}"
1_1_2_0000000000000000062d,0000000000000000062d,0.016675169956785835,0.043336254976605044,0.0,0.004447874831569444,0.05161715135420344,1.0,1.0,1.0,11,UU,3.220345605863298,1,U,1,U,1,1,0.0,0.003335906123677083,0.003335906123677083,0.003833021546028962,1,36.92404857137959,30.641614169826006,48.80760510242362,52.02795070828694,0.9799889239195371,0.9450469425221195,20260422_thermal_canonical_v01,S1_4SCENE,0.9799889239195371,0.9450469425221195,1.0,1.0,289934.92131234845,4089044.98030659,"{""type"":""Polygon"",""coordinates"":[[[30.64333752087499,36.922729506833086],[30.64325423080928,36.92543443729588],[30.63989072302762,36.92536758404943],[30.639974190855458,36.92266269323855],[30.64333752087499,36.922729506833086]]]}"
1_1_2_0000000000000000065e,0000000000000000065e,0.021583831969715462,0.011888770650524214,2.660363204996248E-4,0.022804982293320297,0.03722327861416881,1.0,1.0,1.0,22,FF,1.5758758188736606,2,F,2,F,1,1,0.9781501317097848,0.959497060516721,0.0,2.7912007396681943E-4,1,36.92721007941982,30.806535306535377,41.43028801684013,43.00616383571381,0.9781501317097848,0.959497060516721,20260422_thermal_canonical_v01,S1_4SCENE,0.0,0.00553006646546761,1.0,1.0,304634.86369359423,4089044.979222061,"{""type"":""Polygon"",""coordinates"":[[[30.808256005314366,36.9258885489019],[30.808178522565633,36.92859376982067],[30.80481454993389,36.92853155785625],[30.80489212244353,36.92582640081301],[30.808256005314366,36.9258885489019]]]}"
1_1_2_00000000000000000662,00000000000000000662,0.015005036564147506,0.006667451585754588,0.046693964408280005,0.02223501349624764,0.057251126140858075,1.0,1.0,1.0,22,FF,0.7117640525920604,2,F,2,F,1,1,0.901074030951976,0.9405380184281559,0.0,0.0,1,36.92614564559376,30.611242706416135,42.98527721223363,43.697041264825714,0.901074030951976,0.9405380184281559,20260422_thermal_canonical_v01,S1_4SCENE,0.03722696807559642,0.03055951648984183,1.0,1.0,287235.0826540046,4089345.0450399946,"{""type"":""Polygon"",""coordinates"":[[[30.61296652404838,36.92482932805344],[30.612882336044866,36.92752966317405],[30.60951880821703,36.92746194914216],[30.60960317404135,36.924761579473774],[30.61296652404838,36.92482932805344]]]}"
1_1_2_00000000000000000663,00000000000000000663,0.022190045880362146,0.021657973239362898,0.03494670551087694,0.025979973134692858,0.04098703836156514,1.0,1.0,1.0,22,FF,1.7577934666135193,2,F,2,F,1,1,0.8989585332240112,0.9201280463339322,0.0,0.0,1,36.92621327081751,30.614606177327676,42.03868497229317,43.796478438906654,0.8989585332240112,0.9201280463339322,20260422_thermal_canonical_v01,S1_4SCENE,0.04390471538474956,0.03223400729201193,1.0,1.0,287534.9010000072,4089345.044494125,"{""type"":""Polygon"",""coordinates"":[[[30.61632996006258,36.924896825476964],[30.616245862086373,36.927597225432],[30.612882336044866,36.92752966317405],[30.61296652404838,36.92482932805344],[30.61632996006258,36.924896825476964]]]}"
1_1_2_0000000000000000066e,0000000000000000066e,0.02652076827800357,0.014928562706069109,0.8730265338520312,0.9084355319854158,0.07590757636550773,1.0,1.0,1.0,55,BB,0.748490907480462,5,B,5,B,1,1,0.09266786455698407,0.07329954817438022,0.0033363571341346386,0.0033363571341346386,1,36.926951339399345,30.651627125237322,50.632906578749996,51.38139748623039,0.8730265338520312,0.9084355319854158,20260422_thermal_canonical_v01,S1_4SCENE,0.004448476178846185,0.0,1.0,1.0,290834.8666661364,4089345.0423014117,"{""type"":""Polygon"",""coordinates"":[[[30.653350357934112,36.925634348460406],[30.653267513293155,36.92833478980735],[30.649903834360877,36.92826827795788],[30.649986768979197,36.92556790128044],[30.653350357934112,36.925634348460406]]]}"
1_1_2_000000000000000006aa,000000000000000006aa,0.019455541405718466,0.024401200216318055,0.011116829195959733,0.0166817856706732,0.03496415051549988,1.0,1.0,1.0,22,FF,0.3984534472807381,2,F,2,F,1,1,0.8688266489890619,0.8699344067826178,0.0011121190447115465,0.002224238089423093,1,36.92958518128599,30.648180554230468,46.026611031885615,46.42506447916634,0.8688266489890619,0.8699344067826178,20260422_thermal_canonical_v01,S1_4SCENE,0.09948886136454824,0.08675836924096784,1.0,1.0,290535.0501325752,4089644.858763176,"{""type"":""Polygon"",""coordinates"":[[[30.649903834360877,36.92826827795788],[30.649820899687867,36.93096871096258],[30.646457216347596,36.930902032104434],[30.646540241001937,36.92820166377557],[30.649903834360877,36.92826827795788]]]}"
1_1_2_000000000000000006ad,000000000000000006ad,0.027746889758114096,0.023612982561714256,0.05938348966305165,0.06715854929509903,0.0836113255103064,1.0,1.0,1.0,22,FF,0.417621606758572,2,F,2,F,1,1,0.9128696205788341,0.9025697378806311,0.0,0.0,1,36.9297847797773,30.658277243456595,45.00944373330682,45.42706534006539,0.9128696205788341,0.9025697378806311,20260422_thermal_canonical_v01,S1_4SCENE,0.0,0.006658730262555432,1.0,1.0,291434.9972657905,4089644.859494724,"{""type"":""Polygon"",""coordinates"":[[[30.660000392975043,36.928467719066425],[30.65991781598083,36.9311681720768],[30.65655405171799,36.93110182495432],[30.656636718679454,36.92840136215038],[30.660000392975043,36.928467719066425]]]}"
1_1_2_000000000000000006bb,000000000000000006bb,0.0022242380894230925,0.008774837325331887,0.0394039041920346,0.06001517715402192,0.07158993772133347,1.0,1.0,1.0,11,UU,1.5002187858121574,1,U,1,U,1,1,0.0,0.0,0.0,0.0,1,36.93070492181413,30.70539819752893,46.10001605636218,47.600234842174345,0.9583718577185423,0.9312099855206462,20260422_thermal_canonical_v01,S1_4SCENE,0.9583718577185423,0.9312099855206462,1.0,1.0,295634.9079022333,4089644.861201425,"{""type"":""Polygon"",""coordinates"":[[[30.707120611294993,36.929387153325166],[30.707039644333328,36.93208766496846],[30.703675740908075,36.932022675681885],[30.703756797772364,36.92932215406001],[30.707120611294993,36.929387153325166]]]}"
1_1_2_000000000000000006e6,000000000000000006e6,0.012761288581019607,0.006657117106918791,0.007771716177795973,0.020554774271918652,0.03221017158730231,1.0,1.0,1.0,11,UU,3.420131918439671,1,U,1,U,1,1,0.0,0.0,0.006661471009539405,0.0,1,36.93222111047677,30.644730924333892,49.210341756295264,52.63047367473495,0.972805524231645,0.9727881086211626,20260422_thermal_canonical_v01,S1_4SCENE,0.972805524231645,0.9727881086211626,1.0,1.0,290234.9882512881,4089944.925195335,"{""type"":""Polygon"",""coordinates"":[[[30.646457216347596,36.930902032104434],[30.646374016110492,36.93360697216369],[30.64300453581418,36.93354013723359],[30.64308791381138,36.93083523668864],[30.646457216347596,36.930902032104434]]]}"
1_1_2_000000000000000006e7,000000000000000006e7,0.03391308898696857,0.03391308898696857,0.003331995882978908,0.018343422361006917,0.04280131884234948,1.0,1.0,1.0,11,UU,2.568519449862201,1,U,1,U,1,1,0.08804929958306437,0.09360553355546639,0.005560595223557733,0.0,1,36.93228784860872,30.648097498116048,49.22620248525555,51.794721935117785,0.8691450203234303,0.8541379550965581,20260422_thermal_canonical_v01,S1_4SCENE,0.8691450203234303,0.8541379550965581,1.0,1.0,290535.05208608165,4089944.9243447552,"{""type"":""Polygon"",""coordinates"":[[[30.649820899687867,36.93096871096258],[30.64973787719854,36.93367361618858],[30.646374016110492,36.93360697216369],[30.646457216347596,36.930902032104434],[30.649820899687867,36.93096871096258]]]}"
1_1_2_000000000000000006f8,000000000000000006f8,0.007784833312980823,0.014457547581250101,0.03166268339061109,0.05363902796434239,0.07863771958899565,1.0,1.0,1.0,11,UU,1.3832089190598107,1,U,1,U,1,1,0.0,0.0,0.0,0.0011121190447115463,1,36.93340769251363,30.705317149240066,46.40380531938617,47.787014238446,0.9605524832964081,0.9307913054096959,20260422_thermal_canonical_v01,S1_4SCENE,0.9605524832964081,0.9307913054096959,1.0,1.0,295634.9090373492,4089944.926146878,"{""type"":""Polygon"",""coordinates"":[[[30.707039644333328,36.93208766496846],[30.7069585895976,36.93479272143223],[30.703594596267273,36.934727667834345],[30.703675740908075,36.932022675681885],[30.707039644333328,36.93208766496846]]]}"
1_2_0000000000000000000a,0000000000000000000a,0.0,5.407267542004436E-4,0.01659246209461845,0.02221776461815532,0.059362204072021287,1.0,1.0,1.0,11,UU,4.077256920391012,1,U,1,U,1,1,0.0,0.0,0.025558060535232265,0.0044479136232617135,1,36.842247367019446,30.60712701799849,46.23414427075043,50.311401191141414,0.9578494773701492,0.9727935950043824,20260422_thermal_canonical_v01,S2_ALLCLEAR_MEAN,0.9578494773701492,0.9727935950043824,1.0,1.0,286634.95566845924,4080045.026200996,"{""type"":""Polygon"",""coordinates"":[[[30.608849059211337,36.84092872276369],[30.60876478067367,36.84363362757272],[30.60540491831214,36.84356595841942],[30.605489286882804,36.840861118604245],[30.608849059211337,36.84092872276369]]]}"
1_2_00000000000000000011,00000000000000000011,0.0022203163297735726,0.0022203163297735726,0.03222941527316423,0.01833720074707115,0.05414524351645867,1.0,1.0,1.0,11,UU,0.9036998678049792,1,U,1,U,1,1,0.0,0.0,0.00805844220864879,0.0,1,36.84501766069178,30.61040542125311,48.005472026505686,48.90917189431067,0.9574918261884134,0.9794424829231553,20260422_thermal_canonical_v01,S2_ALLCLEAR_MEAN,0.9574918261884134,0.9794424829231553,1.0,1.0,286935.02048331196,4080345.090636145,"{""type"":""Polygon"",""coordinates"":[[[30.612130172121624,36.84370128918067],[30.612046159136423,36.84640164522963],[30.608680589870023,36.84633401810016],[30.60876478067367,36.84363362757272],[30.612130172121624,36.84370128918067]]]}"
1_2_0000000000000000001c,0000000000000000001c,0.018316389838256755,0.04052071315061935,0.0022204323312362594,0.0399634281733679,0.09694146330844423,1.0,1.0,1.0,11,UU,1.1557412462182424,1,U,1,U,1,1,0.0,0.0044365108735877415,0.0314517709036289,0.02553497180921698,1,36.847718032638134,30.610321332985325,45.76936387951483,46.92510512573307,0.948011406926878,0.889544375993208,20260422_thermal_canonical_v01,S2_ALLCLEAR_MEAN,0.948011406926878,0.889544375993208,1.0,1.0,286935.01997783885,4080644.905365138,"{""type"":""Polygon"",""coordinates"":[[[30.612046159136423,36.84640164522963],[30.611962058307395,36.84910208332321],[30.608596486800565,36.84903436630176],[30.608680589870023,36.84633401810016],[30.612046159136423,36.84640164522963]]]}"
1_2_0000000000000000001d,0000000000000000001d,0.013898337607061238,0.053360545641669706,0.0022240828928777007,0.005555846285345472,0.08577110262180122,1.0,1.0,1.0,11,UU,1.442939143114986,1,U,1,U,1,1,0.0,0.0022240828928777007,0.018516580319919058,0.012228094963978572,1,36.847785624301096,30.613684123440116,44.89511603117854,46.338055174293515,0.965360999180142,0.9266314302161286,20260422_thermal_canonical_v01,S2_ALLCLEAR_MEAN,0.965360999180142,0.9266314302161286,1.0,1.0,287235.08465506026,4080644.9056242607,"{""type"":""Polygon"",""coordinates"":[[[30.61540610824117,36.84646915100278],[30.61532218522084,36.84916955469289],[30.611962058307395,36.84910208332321],[30.612046159136423,36.84640164522963],[30.61540610824117,36.84646915100278]]]}"
1_2_00000000000000000023,00000000000000000023,0.004447874831569444,0.041692285553564176,0.015005036564147506,0.013339263833108753,0.09060582671602932,1.0,1.0,1.0,11,UU,1.8156742944632345,1,U,1,U,1,1,0.0,0.0,0.015558840587293897,0.025017115596778335,1,36.8507913723897,30.76835093188229,44.65102850045167,46.46670279491492,0.9649882480169891,0.9199513350165487,20260422_thermal_canonical_v01,S2_ALLCLEAR_MEAN,0.9649882480169891,0.9199513350165487,1.0,1.0,301035.07867848367,4080644.9054987333,"{""type"":""Polygon"",""coordinates"":[[[30.77007041559572,36.84947257206701],[30.769991944506884,36.852173266028835],[30.766631406458828,36.852110157960446],[30.766709967351364,36.849409453902986],[30.77007041559572,36.84947257206701]]]}"
1_2_00000000000000000039,00000000000000000039,0.07005477731451595,0.04945658810599582,0.0027606719815780737,0.01830853235176106,0.09136821171257604,1.0,1.0,1.0,11,UU,1.4005137849529847,1,U,1,U,1,1,0.0,0.0011121190447115463,0.022190045880362146,0.01083334787083718,1,36.85336778905008,30.761545519562166,45.14891188384147,46.54942566879446,0.9049945048235437,0.9202894126266943,20260422_thermal_canonical_v01,S2_ALLCLEAR_MEAN,0.9049945048235437,0.9202894126266943,1.0,1.0,300434.94966259797,4080944.974459088,"{""type"":""Polygon"",""coordinates"":[[[30.76326525349429,36.85204686369824],[30.7631864273766,36.85475200253244],[30.75982570517073,36.854688701019946],[30.759904708789414,36.85198352696706],[30.76326525349429,36.85204686369824]]]}"
1_2_0000000000000000003e,0000000000000000003e,0.04392216038937248,0.07112764509882591,0.00887078485075798,0.002224238089423092,0.08136350156132786,1.0,1.0,1.0,11,UU,1.3510139539254145,1,U,1,U,1,1,0.0,0.001112119044711546,0.007479545732079614,0.0166556181637388,1,36.853683341287045,30.778359848886737,43.831434202120896,45.182448156046306,0.9397275090277899,0.9088803796033005,20260422_thermal_canonical_v01,S2_ALLCLEAR_MEAN,0.9397275090277899,0.9088803796033005,1.0,1.0,301935.0265106149,4080944.9696448124,"{""type"":""Polygon"",""coordinates"":[[[30.7800793248973,36.852362186201944],[30.78000103547965,36.855067323171376],[30.77664033014755,36.855004481639966],[30.776718709359358,36.852299334433226],[30.7800793248973,36.852362186201944]]]}"
1_2_0000000000000000006a,0000000000000000006a,0.02497833933446246,0.06774237087413307,0.0038923889428289066,0.01055385995236831,0.07995942162757592,1.0,1.0,1.0,11,UU,1.6956886824111146,1,U,1,U,1,1,0.0,0.0011102451682565673,0.0066745327174012456,0.01055385995236831,1,36.85562030999426,30.599982282757974,43.954637010067266,45.65032569247837,0.9644547390053074,0.9100396640528737,20260422_thermal_canonical_v01,S2_ALLCLEAR_MEAN,0.9644547390053074,0.9100396640528737,1.0,1.0,286035.0733431746,4081544.85041901,"{""type"":""Polygon"",""coordinates"":[[[30.60170739503494,36.85430411778311],[30.601623023940594,36.85700445733629],[30.59825708935563,36.85693648793189],[30.598341638290083,36.85423611392771],[30.60170739503494,36.85430411778311]]]}"
1_2_0000000000000000006e,0000000000000000006e,0.025845641300698136,0.037798214745141126,0.0608355899757111,0.0808292234097757,0.09583425997392322,1.0,1.0,1.0,11,UU,0.7960513663829873,1,U,1,U,1,1,0.0,0.0,0.008895749663138887,0.00889138900153931,1,36.8558912672187,30.613431999948443,44.21528472602938,45.01133609241233,0.9044230190604519,0.8724811728435438,20260422_thermal_canonical_v01,S2_ALLCLEAR_MEAN,0.9044230190604519,0.8724811728435438,1.0,1.0,287235.08267244144,4081544.8511827835,"{""type"":""Polygon"",""coordinates"":[[[30.615154163441378,36.854574830609415],[30.615070240253598,36.85727518178154],[30.61170975548434,36.85720768937322],[30.61179385648135,36.8545073037828],[30.615154163441378,36.854574830609415]]]}"
1_2_0000000000000000008c,0000000000000000008c,0.05006879016387732,0.0711542815346302,0.947157834241828,0.9138555580710891,0.06216802215217431,1.0,1.0,1.0,55,BB,0.5299027854810837,5,B,5,B,1,1,0.0,0.0,0.0,5.529335957228193E-4,1,36.858186830449455,30.593171284358075,44.71378628640869,45.243689071889754,0.947157834241828,0.9138555580710891,20260422_thermal_canonical_v01,S2_ALLCLEAR_MEAN,0.0027733755942947707,0.014437226798558023,1.0,1.0,285434.9421220182,4081844.9161884976,"{""type"":""Polygon"",""coordinates"":[[[30.59489668440021,36.85686851105882],[30.594811869764232,36.85957332363484],[30.591445841788687,36.85950513486081],[30.59153074648223,36.8568003126771],[30.59489668440021,36.85686851105882]]]}"
1_2_00000000000000000169,00000000000000000169,0.8528470247544615,0.8503960016049403,0.11276014863143932,0.12132564590129609,0.08071367513912388,1.0,1.0,1.0,33,AA,1.2540456709594303,3,A,3,A,1,1,0.023271636166983575,0.013271287266891118,0.0,0.0,1,36.87217224841882,30.616288535263315,42.557787212345,43.81183288330442,0.8528470247544615,0.8503960016049403,20260422_thermal_canonical_v01,S2_ALLCLEAR_MEAN,0.011121190447115462,0.015007065226872276,1.0,1.0,287534.9015424263,4083344.990313334,"{""type"":""Polygon"",""coordinates"":[[[30.618011117768685,36.87085355434086],[30.617927020912397,36.87355840951615],[30.614565909880323,36.873490927359946],[30.614650096761537,36.87078606256023],[30.618011117768685,36.87085355434086]]]}"
1_2_0000000000000000019a,0000000000000000019a,0.8927088603178478,0.9077420930516544,0.08184760043961409,0.0789648134256755,0.07658793154580182,1.0,1.0,1.0,33,AA,0.7850020439585851,3,A,3,A,1,1,0.002215515587111629,0.0,0.0,0.0,1,36.87487487620685,30.616204500104896,41.24270274211465,42.02770478607323,0.8927088603178478,0.9077420930516544,20260422_thermal_canonical_v01,S2_ALLCLEAR_MEAN,0.02322802365542626,0.013293093522669776,1.0,1.0,287534.9009590001,4083645.0555894007,"{""type"":""Polygon"",""coordinates"":[[[30.617927020912397,36.87355840951615],[30.617843187351667,36.876258776782095],[30.614481898515375,36.87619132909636],[30.614565909880323,36.873490927359946],[30.617927020912397,36.87355840951615]]]}"
1_2_000000000000000001bf,000000000000000001bf,0.03918478237207257,0.05669167236297299,0.8846617700201583,0.9142985270875691,0.08760846565453821,1.0,1.0,1.0,55,BB,2.960927404923066,5,B,5,B,1,1,0.0,0.0,0.0216517691929241,0.00781954101558248,1,36.87825626595093,30.7911105464974,51.436599952322645,54.3975273572457,0.8846617700201583,0.9142985270875691,20260422_thermal_canonical_v01,S2_ALLCLEAR_MEAN,0.05450167841484496,0.021190259533875242,1.0,1.0,303135.0368744529,4083645.0572302104,"{""type"":""Polygon"",""coordinates"":[[[30.792833089066534,36.87693721091114],[30.792755333674,36.87963792747367],[30.789387961134107,36.87957530661817],[30.789465806304463,36.87687457972405],[30.792833089066534,36.87693721091114]]]}"
1_2_000000000000000001c3,000000000000000001c3,0.034693752943844504,0.022377579680058608,0.9363998743959667,0.9398190953020602,0.06818816181986286,1.0,1.0,1.0,55,BB,0.2980308267552583,5,B,5,B,1,1,0.0,0.0,0.0033363571341346386,0.015569666625961646,1,36.8785056985276,30.804566064153512,52.317372511226445,52.61540333798168,0.9363998743959667,0.9398190953020602,20260422_thermal_canonical_v01,S2_ALLCLEAR_MEAN,0.0255700155260541,0.022233658391919462,1.0,1.0,304335.0486435463,4083645.054870288,"{""type"":""Polygon"",""coordinates"":[[[30.80628561444567,36.87718641906756],[30.806208305765082,36.87988714379025],[30.802846470876997,36.87982496346318],[30.80292386931335,36.87712422845373],[30.80628561444567,36.87718641906756]]]}"
1_2_000000000000000001c9,000000000000000001c9,0.9726030981787732,0.9126194961970552,0.010218233200753605,0.00691246249389435,0.07545705114786123,1.0,1.0,1.0,33,AA,1.5104143086983028,3,A,3,A,1,1,0.017178668620473087,0.08046804130905028,0.0,0.0,1,36.877168554627374,30.595941665959366,40.466678212875586,41.97709252157389,0.9726030981787732,0.9126194961970552,20260422_thermal_canonical_v01,S2_ALLCLEAR_MEAN,0.0,0.0,1.0,1.0,285735.01063556515,4083944.8729753573,"{""type"":""Polygon"",""coordinates"":[[[30.59766463064718,36.87585234992241],[30.597579993462343,36.87855275705123],[30.594218604722226,36.878484707220764],[30.594303419755775,36.8757843402194],[30.59766463064718,36.87585234992241]]]}"
1_2_000000000000000001da,000000000000000001da,0.04352528653420091,0.071873419046456,0.008059592135791912,0.02048479667847111,0.09851630235682007,1.0,1.0,1.0,11,UU,1.8796537726181128,1,U,1,U,1,1,0.0,0.0011121190447115463,0.006672714268269277,0.00889695235769237,1,36.87831205297088,30.653118043992837,44.340067215572994,46.219720988191085,0.9417424070617378,0.8976327128726689,20260422_thermal_canonical_v01,S2_ALLCLEAR_MEAN,0.9417424070617378,0.8976327128726689,1.0,1.0,290834.8680666802,4083944.871863891,"{""type"":""Polygon"",""coordinates"":[[[30.654840060249303,36.8769950079977],[30.654757479864394,36.87969547448938],[30.651395947039827,36.87962908378214],[30.651478705153373,36.87692858263864],[30.654840060249303,36.8769950079977]]]}"
1_2_000000000000000001f6,000000000000000001f6,0.0019723007127276527,0.0022204710010841123,0.9980276992872722,0.9977795289989159,0.0041927717138117646,1.0,1.0,1.0,55,BB,2.3584911801279866,5,B,5,B,1,1,0.0,0.0,0.0,0.0,1,36.8809569909921,30.791032721375,53.65155787424285,56.01004905437083,0.9980276992872722,0.9977795289989159,20260422_thermal_canonical_v01,S2_ALLCLEAR_MEAN,0.0,0.0,1.0,1.0,303135.03659387643,4083944.874760708,"{""type"":""Polygon"",""coordinates"":[[[30.792755333674,36.87963792747367],[30.79267757823262,36.88233862610939],[30.789310028251275,36.882276040665026],[30.789387961134107,36.87957530661817],[30.792755333674,36.87963792747367]]]}"
1_2_000000000000000001ff,000000000000000001ff,0.9715993695521556,0.9191259067041685,0.010575675510932704,0.05971403443081186,0.08699570703332495,1.0,1.0,1.0,33,AA,1.5723848837919434,3,A,3,A,1,1,0.006683269620947591,0.015587039246249103,0.0,0.0,1,36.879803012386205,30.592492739240388,41.157151908688185,42.72953679248015,0.9715993695521556,0.9191259067041685,20260422_thermal_canonical_v01,S2_ALLCLEAR_MEAN,0.011141685315964094,0.005573019618770629,1.0,1.0,285434.94484390237,4084244.9401100934,"{""type"":""Polygon"",""coordinates"":[[[30.594218604722226,36.878484707220764],[30.594133789631826,36.8811895266572],[30.590766777795928,36.8811212656253],[30.590851770747452,36.878416486129794],[30.594218604722226,36.878484707220764]]]}"
1_2_00000000000000000218,00000000000000000218,0.03335935217446285,0.028907077851570488,0.012223041064708414,0.017233484940323816,0.0992146379965201,1.0,1.0,1.0,11,UU,2.512026108818311,1,U,1,U,1,1,0.0,0.0,0.05749582463010361,0.02553189633744836,1,36.88219578157725,30.713584186641903,43.52680835005949,46.03883445887777,0.896921782130725,0.9283275408706573,20260422_thermal_canonical_v01,S2_ALLCLEAR_MEAN,0.896921782130725,0.9283275408706573,1.0,1.0,296235.03785798594,4084244.940030304,"{""type"":""Polygon"",""coordinates"":[[[30.71530537230334,36.880875616056294],[30.71522476150921,36.88358062612891],[30.711862920513088,36.88351593321476],[30.71194370891325,36.880810888097685],[30.71530537230334,36.880875616056294]]]}"
1_2_0000000000000000022f,0000000000000000022f,0.018316708826589922,0.007275307927081473,0.9467478807563533,0.9413708578419633,0.050892324571906254,1.0,1.0,1.0,55,BB,1.1149850052333405,5,B,5,B,1,1,0.0,0.0,0.0,0.0,1,36.88365992495168,30.79095482208236,52.91053834006862,54.025523345301956,0.9467478807563533,0.9413708578419633,20260422_thermal_canonical_v01,S2_ALLCLEAR_MEAN,0.03493541041705672,0.05135383423095514,1.0,1.0,303135.0363046937,4084244.9376640804,"{""type"":""Polygon"",""coordinates"":[[[30.79267757823262,36.88233862610939],[30.792599647419948,36.88504382093869],[30.789232007655784,36.88498117152962],[30.789310028251275,36.882276040665026],[30.79267757823262,36.88233862610939]]]}"
1_2_00000000000000000235,00000000000000000235,0.01943582129842085,0.022204903365131347,0.9755092977590464,0.9619120598748687,0.06257864236608487,1.0,1.0,1.0,55,BB,1.2282409003018422,5,B,5,B,1,1,0.0,0.0,0.002808267190296023,0.0,1,36.884033568995775,30.811138155595007,49.30915550176403,50.5373964020659,0.9755092977590464,0.9619120598748687,20260422_thermal_canonical_v01,S2_ALLCLEAR_MEAN,0.0022466137522368186,0.015883036759999834,1.0,1.0,304934.9269302943,4084244.936259928,"{""type"":""Polygon"",""coordinates"":[[[30.812860532030616,36.88271196446913],[30.81278340275665,36.88541717030892],[30.809415698886525,36.885355159761325],[30.80949300556115,36.882649918308374],[30.812860532030616,36.88271196446913]]]}"
1_2_00000000000000000269,00000000000000000269,0.01611046176927236,0.036132965825235924,0.8889189330635173,0.9122516267466811,0.09670202187603576,1.0,1.0,1.0,55,BB,2.6536521550203247,5,B,5,B,1,1,0.004710151248190078,0.008046508382324716,0.0396699405125342,0.028557472567730207,1,36.88630022268448,30.78751200102546,50.68456561101269,53.33821776603305,0.8889189330635173,0.9122516267466811,20260422_thermal_canonical_v01,S2_ALLCLEAR_MEAN,0.050590513406486036,0.015011426478028007,1.0,1.0,302834.9703815739,4084545.000329112,"{""type"":""Polygon"",""coordinates"":[[[30.789232007655784,36.88498117152962],[30.789154074674826,36.88768186951952],[30.785791951855582,36.88761925922855],[30.785869974617594,36.88491855100874],[30.789232007655784,36.88498117152962]]]}"
1_2_00000000000000000270,00000000000000000270,0.01943146739580024,0.013884595457138013,0.9800155869713818,0.9694573731163929,0.03276311722012028,1.0,1.0,1.0,55,BB,1.742155816840456,5,B,5,B,1,1,5.529456328179766E-4,0.0,0.0,0.0,1,36.88673655859807,30.811060970413504,48.03942454832127,49.7815803651617,0.9800155869713818,0.9694573731163929,20260422_thermal_canonical_v01,S2_ALLCLEAR_MEAN,0.0,0.016658031426469124,1.0,1.0,304934.9279488438,4084545.0014116266,"{""type"":""Polygon"",""coordinates"":[[[30.81278340275665,36.88541717030892],[30.812706273434543,36.88811796902106],[30.809338479812915,36.88805589450722],[30.809415698886525,36.885355159761325],[30.81278340275665,36.88541717030892]]]}"
1_2_00000000000000000299,00000000000000000299,0.03752193278445136,0.08086503337266364,0.022239734586096266,0.03331170895031764,0.09003435229167667,1.0,1.0,1.0,11,UU,2.0512975202948844,1,U,1,U,1,1,0.0,0.0,0.0011102451682565673,0.0016893142167982277,1,36.88773067185788,30.720149704212204,44.55077172106921,46.6020692413641,0.9391280874611959,0.8841339434602205,20260422_thermal_canonical_v01,S2_ALLCLEAR_MEAN,0.9391280874611959,0.8841339434602205,1.0,1.0,296834.91778699553,4084845.0654568034,"{""type"":""Polygon"",""coordinates"":[[[30.721873705235012,36.88641044617653],[30.721793274104765,36.88911554873204],[30.718425645452,36.88905084537382],[30.71850616646602,36.88634580708665],[30.721873705235012,36.88641044617653]]]}"
1_2_000000000000000002b4,000000000000000002b4,0.0066571171069187895,0.014433187187335375,0.9927899372602632,0.9627871943016123,0.044422868438124534,1.0,1.0,1.0,55,BB,1.5126708283086059,5,B,5,B,1,1,5.529456328179766E-4,0.007771716177795971,0.0,0.0,1,36.88943954132199,30.81098374445817,49.61500772943395,51.12767855774255,0.9927899372602632,0.9627871943016123,20260422_thermal_canonical_v01,S2_ALLCLEAR_MEAN,0.0,0.01500790233325642,1.0,1.0,304934.92623703455,4084845.0660146107,"{""type"":""Polygon"",""coordinates"":[[[30.812706273434543,36.88811796902106],[30.812629056417233,36.89082316347386],[30.809261173041623,36.89076109948709],[30.809338479812915,36.88805589450722],[30.812706273434543,36.88811796902106]]]}"
1_2_000000000000000002d7,000000000000000002d7,0.00333070650162617,0.009434824822253478,0.01944000592125601,0.06665766867960347,0.08551861059469443,1.0,1.0,1.0,11,UU,2.245120340570756,1,U,1,U,1,1,0.0,0.002220471001084113,0.00999211950487851,0.005551177502710283,1,36.890044328470005,30.699885512428303,44.7407377626723,46.98585810324308,0.9672371680722394,0.9161358579943487,20260422_thermal_canonical_v01,S2_ALLCLEAR_MEAN,0.9672371680722394,0.9161358579943487,1.0,1.0,295035.02523789974,4085145.132636897,"{""type"":""Polygon"",""coordinates"":[[[30.701609825819638,36.88872663601988],[30.701528855289077,36.89142716562324],[30.69816111904806,36.89136200751761],[30.69824226721408,36.88866144292003],[30.701609825819638,36.88872663601988]]]}"
1_2_000000000000000002d8,000000000000000002d8,0.020563299199274285,0.030014130453744556,0.006672714268269277,0.02663852205920833,0.06665300141304535,1.0,1.0,1.0,11,UU,2.2711908295304912,1,U,1,U,1,1,0.005560595223557731,0.012228948240671276,0.009446470003314545,0.01223330949182701,1,36.89010943483204,30.703250376731074,45.286739018156354,47.557929847686836,0.9577569213055842,0.9188850897545487,20260422_thermal_canonical_v01,S2_ALLCLEAR_MEAN,0.9577569213055842,0.9188850897545487,1.0,1.0,295335.0900936085,4085145.1311944597,"{""type"":""Polygon"",""coordinates"":[[[30.70497185492377,36.88879168956912],[30.70489097429333,36.89149220926811],[30.701528855289077,36.89142716562324],[30.701609825819638,36.88872663601988],[30.70497185492377,36.88879168956912]]]}"
1_2_000000000000000002db,000000000000000002db,0.005559892029077142,0.023351546522123998,0.043877359683587615,0.031048181370219006,0.09943267297805253,1.0,1.0,1.0,11,UU,2.254865794608588,1,U,1,U,1,1,0.0,0.0,0.0011119784058154284,0.007783848840707998,1,36.89030417075944,30.71334226915573,45.20920400147102,47.46406979607961,0.9494507698815198,0.9378164232669489,20260422_thermal_canonical_v01,S2_ALLCLEAR_MEAN,0.9494507698815198,0.9378164232669489,1.0,1.0,296235.0381806832,4085145.131438402,"{""type"":""Polygon"",""coordinates"":[[[30.715063627480735,36.888986249606035],[30.714983016530553,36.891686813856815],[30.711620905872454,36.8916220764201],[30.711701518992577,36.888921527245],[30.715063627480735,36.888986249606035]]]}"
1_2_0000000000000000035b,0000000000000000035b,0.007784833312980822,0.04114404340317148,0.007784833312980822,0.023297803673917962,0.0850051462763637,1.0,1.0,1.0,11,UU,2.188713907074057,1,U,1,U,1,1,0.0,0.0,0.016659979414894534,0.0016572754391779904,1,36.895186212087765,30.686265817431185,43.27688435278718,45.46559825986127,0.9677703539591438,0.9339008774837325,20260422_thermal_canonical_v01,S2_ALLCLEAR_MEAN,0.9677703539591438,0.9339008774837325,1.0,1.0,293835.01679072395,4085745.013109906,"{""type"":""Polygon"",""coordinates"":[[[30.687987792746853,36.89386647151197],[30.687906111523347,36.89657142256311],[30.68454379943009,36.89650593794582],[30.684625570583158,36.89380097695447],[30.687987792746853,36.89386647151197]]]}"
1_2_0000000000000000035f,0000000000000000035f,0.0,0.006987952856352945,0.01447224628941881,0.02280118947583824,0.0420017328381538,1.0,1.0,1.0,11,UU,2.4692369876945315,1,U,1,U,1,1,0.0,0.0,0.0011102355005420566,0.0,1,36.89544764517904,30.699723306292395,44.896129346186434,47.36536633388094,0.9844175182100392,0.9702108576678089,20260422_thermal_canonical_v01,S2_ALLCLEAR_MEAN,0.9844175182100392,0.9702108576678089,1.0,1.0,295035.0260554798,4085745.013937802,"{""type"":""Polygon"",""coordinates"":[[[30.701447796980613,36.89412777678403],[30.701366650894098,36.896832786603184],[30.697998734830236,36.896767499711345],[30.69808005855723,36.89406245478718],[30.701447796980613,36.89412777678403]]]}"
1_2_0000000000000000037d,0000000000000000037d,0.0,0.0,0.0,0.0,0.03662439100847694,1.0,1.0,1.0,11,UU,0.6947618040831107,1,U,1,U,1,1,0.0,0.0,0.0,0.03662439100847694,1,36.89735976212792,30.800658653528544,50.81158778960631,51.50634959368946,1.0,0.9633756089915231,20260422_thermal_canonical_v01,S2_ALLCLEAR_MEAN,1.0,0.9633756089915231,1.0,1.0,304034.98242015013,4085745.012350288,"{""type"":""Polygon"",""coordinates"":[[[30.802381553315893,36.896038370192954],[30.80230397923145,36.89874349193925],[30.798935726929404,36.89868117734845],[30.799013390782733,36.89597597071797],[30.802381553315893,36.896038370192954]]]}"
1_2_0000000000000000039d,0000000000000000039d,0.007226593165047185,0.007226593165047185,0.01167506934389337,0.028836592641697033,0.06105751618024176,1.0,1.0,1.0,11,UU,1.791121141576404,1,U,1,U,1,1,0.0,0.0,0.00942902499869162,0.004448476178846185,1,36.89775762464985,30.67945388841294,43.765721460504075,45.556842602080465,0.9716693124923678,0.9594883380144095,20260422_thermal_canonical_v01,S2_ALLCLEAR_MEAN,0.9716693124923678,0.9594883380144095,1.0,1.0,293234.88892913825,4086045.0764943664,"{""type"":""Polygon"",""coordinates"":[[[30.68117595724949,36.896440238558114],[30.681094183845577,36.89914069991992],[30.67773177672884,36.89907499607515],[30.67781364006797,36.89637452489258],[30.68117595724949,36.896440238558114]]]}"
1_2_000000000000000003df,000000000000000003df,0.014433187187335378,0.03886293479160048,0.010562567757609541,0.041971621262718875,0.09250736898018548,1.0,1.0,1.0,11,UU,1.7085895832719324,1,U,1,U,1,1,0.0011102451682565675,0.00444098067302627,0.007771716177795973,0.002220490336513135,1,36.90032647311028,30.672644352878635,43.78417157435279,45.49276115762471,0.9661222837090025,0.9125039729361414,20260422_thermal_canonical_v01,S2_ALLCLEAR_MEAN,0.9661222837090025,0.9125039729361414,1.0,1.0,292635.0078285741,4086344.8944680286,"{""type"":""Polygon"",""coordinates"":[[[30.67436936719195,36.89900921502135],[30.67428732611563,36.90170970309361],[30.670919296197393,36.901643716627625],[30.67100142722289,36.898943218660435],[30.67436936719195,36.89900921502135]]]}"
1_2_00000000000000000426,00000000000000000426,0.007532185944853953,0.03725166644171702,0.00999211950487851,0.03417783795786331,0.07308832685333139,1.0,1.0,1.0,11,UU,2.0817816763238906,1,U,1,U,1,1,0.0,0.0,5.660024120410484E-4,0.004440942002168226,1,36.90322658513244,30.682655555901892,43.95194443165035,46.03372610797426,0.9819096921382265,0.9241295535982516,20260422_thermal_canonical_v01,S2_ALLCLEAR_MEAN,0.9819096921382265,0.9241295535982516,1.0,1.0,293534.95183232264,4086644.9585642987,"{""type"":""Polygon"",""coordinates"":[[[30.684380520176166,36.901906946768115],[30.68429874886318,36.90461192781465],[30.680930549137848,36.904546208892555],[30.681012410388306,36.90184121780496],[30.684380520176166,36.901906946768115]]]}"
1_2_0000000000000000044d,0000000000000000044d,0.0032752996179543966,0.02609336566474188,0.9934799295221812,0.900572196151632,0.09942780384836795,1.0,1.0,1.0,55,BB,0.2116856164872743,5,B,5,B,1,1,0.0,0.04225616244788302,0.0,0.0,1,36.905714951461825,30.81388623226914,50.100055160463036,50.31174077695034,0.9934799295221812,0.900572196151632,20260422_thermal_canonical_v01,S2_ALLCLEAR_MEAN,0.0032447708598642754,0.031078275735743045,1.0,1.0,305234.99220601504,4086644.957576304,"{""type"":""Polygon"",""coordinates"":[[[30.81560630281032,36.904393260318614],[30.815529175250813,36.90709848325394],[30.812166103889403,36.90703659025107],[30.812243321196057,36.904331431217415],[30.81560630281032,36.904393260318614]]]}"
1_2_0000000000000000046b,0000000000000000046b,0.0208293355197739,0.03051567433665368,0.015569666625961646,0.0428056800935052,0.08527990509917481,1.0,1.0,1.0,11,UU,1.8972141976590684,1,U,1,U,1,1,0.0,0.0,0.01445318633009437,0.0,1,36.90599496008805,30.68593928221531,44.4283455637699,46.32555976142898,0.94914781152417,0.926678645569841,20260422_thermal_canonical_v01,S2_ALLCLEAR_MEAN,0.94914781152417,0.926678645569841,1.0,1.0,293835.01566265494,4086945.023721622,"{""type"":""Polygon"",""coordinates"":[[[30.687661418473784,36.90467743221583],[30.687579912507825,36.90737794367152],[30.684217065234375,36.907312474131736],[30.68429874886318,36.90461192781465],[30.687661418473784,36.90467743221583]]]}"
1_2_0000000000000000046c,0000000000000000046c,0.002220490336513134,0.0161225014041336,0.027190121865734357,0.0749219562955255,0.09382224757161084,1.0,1.0,1.0,11,UU,1.8974025431663075,1,U,1,U,1,1,0.0,0.0,0.004458396283508724,0.009434906978870512,1,36.906060464879474,30.6893048278051,45.2065641458293,47.1039666889956,0.9661309915142436,0.8995206353214704,20260422_thermal_canonical_v01,S2_ALLCLEAR_MEAN,0.9661309915142436,0.8995206353214704,1.0,1.0,294135.08171080984,4086945.0199636323,"{""type"":""Polygon"",""coordinates"":[[[30.691029700441735,36.90474297101537],[30.690948284400772,36.90744347249742],[30.687579912507825,36.90737794367152],[30.687661418473784,36.90467743221583],[30.691029700441735,36.90474297101537]]]}"
1_2_0000000000000000046d,0000000000000000046d,0.01668614692182893,0.023882211328786,0.016668701917206003,0.044476039286150404,0.07170769150253822,1.0,1.0,1.0,11,UU,2.574080904154752,1,U,1,U,1,1,0.0011121190447115467,0.0022242380894230934,0.011648901836958984,0.0,1,36.9061259224654,30.692670372679487,46.68404352792189,49.258124432076656,0.9538841302792946,0.9294175112956407,20260422_thermal_canonical_v01,S2_ALLCLEAR_MEAN,0.9538841302792946,0.9294175112956407,1.0,1.0,294435.14685534814,4086945.0215601833,"{""type"":""Polygon"",""coordinates"":[[[30.694392364785017,36.90480832070835],[30.694311126391906,36.9075088617224],[30.690948284400772,36.90744347249742],[30.691029700441735,36.90474297101537],[30.694392364785017,36.90480832070835]]]}"
1_2_0000000000000000046e,0000000000000000046e,0.1172853772659285,0.0833765769380039,0.009436554000723872,0.03222993097012483,0.09610545915986758,1.0,1.0,1.0,11,UU,2.8713045006318674,1,U,1,U,1,1,0.0,0.0,0.0038853833709080266,0.0033359352174462857,1,36.90619122242038,30.696033141551535,46.03080693591278,48.90211143654465,0.8693926853624395,0.881057556874425,20260422_thermal_canonical_v01,S2_ALLCLEAR_MEAN,0.8693926853624395,0.881057556874425,1.0,1.0,294734.96350772865,4086945.022233534,"{""type"":""Polygon"",""coordinates"":[[[30.69775511424428,36.904873568139735],[30.697673965762302,36.907574099249395],[30.694311126391906,36.9075088617224],[30.694392364785017,36.90480832070835],[30.69775511424428,36.904873568139735]]]}"
1_2_00000000000000000491,00000000000000000491,0.00889695235769237,0.0344713291349022,0.9830478167576714,0.9460687682082236,0.06643493885525877,1.0,1.0,1.0,55,BB,-0.19199580559384993,5,B,5,B,1,1,0.0,0.0,0.0,0.0,1,36.908417938760465,30.813809078803104,50.95892031409334,50.7669245084995,0.9830478167576714,0.9460687682082236,20260422_thermal_canonical_v01,S2_ALLCLEAR_MEAN,0.00805523088463618,0.019459902656874195,1.0,1.0,305234.9928335118,4086945.0230268333,"{""type"":""Polygon"",""coordinates"":[[[30.815529175250813,36.90709848325394],[30.815452135288194,36.9097992751048],[30.812088886534497,36.90973734321119],[30.812166103889403,36.90703659025107],[30.815529175250813,36.90709848325394]]]}"
1_2_000000000000000004a4,000000000000000004a4,0.011653263088114714,0.05105716728014933,0.017235664567451105,0.021671056992830093,0.08996825009158625,1.0,1.0,1.0,11,UU,2.3078694931581736,1,U,1,U,1,1,0.0,0.0033363571341346395,0.002760671981578074,0.0011121190447115465,1,36.90797057119783,30.648844577004066,46.057836996889726,48.365706490047906,0.968350400362856,0.9228232995481743,20260422_thermal_canonical_v01,S2_ALLCLEAR_MEAN,0.968350400362856,0.9228232995481743,1.0,1.0,290535.05060063256,4087245.086313822,"{""type"":""Polygon"",""coordinates"":[[[30.650567397537355,36.90665140820576],[30.650484463301886,36.90935630378511],[30.64712167533882,36.90928972019856],[30.64720478731814,36.90658478983105],[30.650567397537355,36.90665140820576]]]}"
1_2_000000000000000004ae,000000000000000004ae,0.023036298170070676,0.04606824247543335,0.012212590505962623,0.03775671474784594,0.09468784966975942,1.0,1.0,1.0,11,UU,1.334465669634553,1,U,1,U,1,1,0.0,0.0011102355005420566,0.005590362285082356,0.00333070650162617,1,36.90863207926146,30.682491986359587,44.84126821586518,46.17573388549973,0.9591607490388844,0.9117341007745525,20260422_thermal_canonical_v01,S2_ALLCLEAR_MEAN,0.9591607490388844,0.9117341007745525,1.0,1.0,293534.9524308236,4087245.090239986,"{""type"":""Polygon"",""coordinates"":[[[30.684217065234375,36.907312474131736],[30.68413529381472,36.91001741876382],[30.68076682647655,36.9099516704013],[30.680848775573832,36.9072466907219],[30.684217065234375,36.907312474131736]]]}"
1_2_000000000000000004b2,000000000000000004b2,0.0778036028100348,0.041688288469001945,0.0022239568116308567,0.023900994675585735,0.0850161999991278,1.0,1.0,1.0,11,UU,2.5634662564476702,1,U,1,U,1,1,0.02167703786395488,0.05112484246972581,0.00833329699416974,0.0,1,36.9088940011636,30.695951824189443,46.55664375693328,49.120110013380945,0.8899621055202097,0.8832858743856865,20260422_thermal_canonical_v01,S2_ALLCLEAR_MEAN,0.8899621055202097,0.8832858743856865,1.0,1.0,294734.96372201125,4087245.0888285786,"{""type"":""Polygon"",""coordinates"":[[[30.697673965762302,36.907574099249395],[30.697592554043162,36.91027915270188],[30.694229624754477,36.910213850753856],[30.694311126391906,36.9075088617224],[30.697673965762302,36.907574099249395]]]}"
1_2_000000000000000004d1,000000000000000004d1,0.0,0.006962769431743962,0.0033311561071195316,0.004441541476159375,0.05029392553886351,1.0,1.0,1.0,11,UU,-0.6266519169500222,1,U,1,U,1,1,0.0,0.0,0.027768343130851313,0.02444154147615939,1,36.91087231950825,30.800270565901442,49.37301389425573,48.746361977305725,0.9689005007620293,0.9641541476159373,20260422_thermal_canonical_v01,S2_ALLCLEAR_MEAN,0.9689005007620293,0.9641541476159373,1.0,1.0,304034.97965381015,4087245.088334608,"{""type"":""Polygon"",""coordinates"":[[[30.801993770061685,36.90955090348062],[30.80191610807939,36.91225610734249],[30.798547319274522,36.912193721347045],[30.798625071028614,36.90948850696427],[30.801993770061685,36.90955090348062]]]}"
1_2_000000000000000004d5,000000000000000004d5,0.0,0.010004710151248182,0.9986174833836331,0.9760959824154354,0.025286534200931545,1.0,1.0,1.0,55,BB,-0.964921235729938,5,B,5,B,1,1,0.0,0.0,0.0,0.0,1,36.911120927227245,30.813731879499212,50.745013323575456,49.78009208784551,0.9986174833836331,0.9760959824154354,20260422_thermal_canonical_v01,S2_ALLCLEAR_MEAN,0.0013825166163669025,0.01389930743331646,1.0,1.0,305234.9903003485,4087245.088831734,"{""type"":""Polygon"",""coordinates"":[[[30.815452135288194,36.9097992751048],[30.81537491998732,36.91250448631177],[30.81201158148385,36.912442564894725],[30.812088886534497,36.90973734321119],[30.815452135288194,36.9097992751048]]]}"
1_2_000000000000000004d7,000000000000000004d7,0.012765531323879647,0.013897536147961744,0.021255567504495376,0.00672672097387246,0.021207674992707287,1.0,1.0,1.0,22,FF,0.23505745982898835,2,F,2,F,1,1,0.9659789011716251,0.9793757428781659,0.0,0.0,1,36.90952670781054,30.59155845744902,42.121279549657224,42.35633700948622,0.9659789011716251,0.9793757428781659,20260422_thermal_canonical_v01,S2_ALLCLEAR_MEAN,0.0,0.0,1.0,1.0,285434.94415581855,4087545.1498170155,"{""type"":""Polygon"",""coordinates"":[[[30.593285020995513,36.90821068891317],[30.593200117478546,36.91091101607016],[30.589831851563655,36.91084271199394],[30.589916845142746,36.9081423752471],[30.593285020995513,36.90821068891317]]]}"
1_2_000000000000000004f3,000000000000000004f3,0.002224238089423092,0.020846780524396827,0.003336357134134638,0.036089353313678595,0.09695933569422388,1.0,1.0,1.0,11,UU,1.2915502259703073,1,U,1,U,1,1,0.0,0.01112119044711546,0.01611482302042809,0.023908378835720376,1,36.91140044800178,30.685775941746787,44.08476330306821,45.37631352903853,0.9783245817560142,0.9080342968790885,20260422_thermal_canonical_v01,S2_ALLCLEAR_MEAN,0.9783245817560142,0.9080342968790885,1.0,1.0,293835.0174487109,4087545.15356378,"{""type"":""Polygon"",""coordinates"":[[[30.687498231018335,36.910082952768825],[30.68741663721089,36.91278345306596],[30.684053610079363,36.912717928930064],[30.68413529381472,36.91001741876382],[30.687498231018335,36.910082952768825]]]}"
1_2_000000000000000004f4,000000000000000004f4,0.0022204903365131345,0.019152817628080937,0.0016893142167982277,0.047801496871721,0.07581886023537203,1.0,1.0,1.0,11,UU,1.2619707182172684,1,U,1,U,1,1,0.0,0.0,0.0027821437745723394,0.005551225841282837,1,36.91146598784001,30.68914171282429,44.99778887817329,46.25975959639055,0.9933080516721163,0.9274944596589153,20260422_thermal_canonical_v01,S2_ALLCLEAR_MEAN,0.9933080516721163,0.9274944596589153,1.0,1.0,294135.08252434933,4087545.1522995243,"{""type"":""Polygon"",""coordinates"":[[[30.69086669284109,36.91014847151998],[30.69078527669414,36.912849011256654],[30.68741663721089,36.91278345306596],[30.687498231018335,36.910082952768825],[30.69086669284109,36.91014847151998]]]}"
1_2_000000000000000004fb,000000000000000004fb,0.05281243322678687,0.04054142446614132,0.030010334858124623,0.03502513943337067,0.09167498833512844,1.0,1.0,1.0,11,UU,1.5696464976942313,1,U,1,U,1,1,0.0,0.0022239568116308567,0.0,0.005559892029077142,1,36.91192208351442,30.71269678717454,46.338849144858294,47.908495642552516,0.9171772319150885,0.91664958725978,20260422_thermal_canonical_v01,S2_ALLCLEAR_MEAN,0.9171772319150885,0.91664958725978,1.0,1.0,296235.0366642379,4087545.153704573,"{""type"":""Polygon"",""coordinates"":[[[30.714418650705884,36.910604201443],[30.714338039339367,36.91330469580701],[30.71097485869461,36.91323998959659],[30.711055647669063,36.910539385819966],[30.714418650705884,36.910604201443]]]}"
1_2_00000000000000000515,00000000000000000515,0.0,0.0,0.0,0.0033309965557931057,0.020547676793186493,1.0,1.0,1.0,11,UU,1.321927880240973,1,U,1,U,1,1,0.0,0.0,0.016119410783720364,0.011107676096507467,1,36.91357529451086,30.800192929422657,49.17862049068645,50.50054837092742,0.9838805892162796,0.9855613273476995,20260422_thermal_canonical_v01,S2_ALLCLEAR_MEAN,0.9838805892162796,0.9855613273476995,1.0,1.0,304034.9813757702,4087545.1553938673,"{""type"":""Polygon"",""coordinates"":[[[30.80191610807939,36.91225610734249],[30.801838621357707,36.91495685491383],[30.79846965512865,36.914894430070284],[30.798547319274522,36.912193721347045],[30.80191610807939,36.91225610734249]]]}"
1_2_00000000000000000524,00000000000000000524,0.037812047520192564,0.03947804546168202,0.0019320342619890782,0.010009071402403915,0.05364338921549811,1.0,1.0,1.0,22,FF,1.1297474673577215,2,F,2,F,1,1,0.9574778012316172,0.9410620518814437,0.0,0.0,1,36.912837532598026,30.62175851606914,41.091806194835634,42.22155366219335,0.9574778012316172,0.9410620518814437,20260422_thermal_canonical_v01,S2_ALLCLEAR_MEAN,0.0027781169862009995,0.009450831254470276,1.0,1.0,288135.0300287467,4087844.9693724914,"{""type"":""Polygon"",""coordinates"":[[[30.623481857785656,36.91152101766369],[30.62339802791511,36.9142213891366],[30.620035131362542,36.914154032389916],[30.620119051249667,36.911453651298814],[30.623481857785656,36.91152101766369]]]}"
1_2_00000000000000000525,00000000000000000525,0.009791926993760863,0.004436626770405655,0.0030564396396710204,0.0016588368984539299,0.011759890978278386,1.0,1.0,1.0,22,FF,1.1785034502942004,2,F,2,F,1,1,0.9843564278841339,0.9927942911628839,0.0,0.0,1,36.91290489473157,30.62512418338877,41.586875874306,42.76537932460018,0.9843564278841339,0.9927942911628839,20260422_thermal_canonical_v01,S2_ALLCLEAR_MEAN,0.002795205482434181,0.0011102451682565673,1.0,1.0,288435.09400367155,4087844.9688507942,"{""type"":""Polygon"",""coordinates"":[[[30.626850280226684,36.9115883477048],[30.62676654037253,36.91428878390373],[30.62339802791511,36.9142213891366],[30.623481857785656,36.91152101766369],[30.626850280226684,36.9115883477048]]]}"
1_2_00000000000000000535,00000000000000000535,0.002756106389195364,0.005830560510054116,0.01665002245877832,0.03946639687059817,0.06025493984100055,1.0,1.0,1.0,11,UU,1.8271113800216965,1,U,1,U,1,1,0.0,5.53837834537676E-4,0.003889947625256748,0.006672219581438143,1,36.913969534146055,30.67896259003936,44.22289969008091,46.050011070102634,0.9767039235267695,0.9474769852033719,20260422_thermal_canonical_v01,S2_ALLCLEAR_MEAN,0.9767039235267695,0.9474769852033719,1.0,1.0,293234.8892948396,4087844.9681357155,"{""type"":""Polygon"",""coordinates"":[[[30.68068505280573,36.91265211609467],[30.680603191341486,36.91535264319056],[30.677240069117165,36.915286899683174],[30.677322020519675,36.91258643716962],[30.68068505280573,36.91265211609467]]]}"
1_2_00000000000000000537,00000000000000000537,0.002765033232733805,0.016926015735394158,0.00833871220975873,0.028910733911344466,0.06141077752385601,1.0,1.0,1.0,11,UU,1.337721570022093,1,U,1,U,1,1,0.0,0.0,0.01055858904802609,0.006114474120335637,1,36.91410094459282,30.685694302991887,44.06371471142454,45.4014362814466,0.9783376655094813,0.9480487762329256,20260422_thermal_canonical_v01,S2_ALLCLEAR_MEAN,0.9783376655094813,0.9480487762329256,1.0,1.0,293835.01655497827,4087844.969251283,"{""type"":""Polygon"",""coordinates"":[[[30.68741663721089,36.91278345306596],[30.687335043350288,36.9154839353301],[30.68397192629076,36.915418421066555],[30.684053610079363,36.912717928930064],[30.68741663721089,36.91278345306596]]]}"
1_2_00000000000000000559,00000000000000000559,0.0022205773501110305,0.0,0.01141202595027649,0.0,0.023625201375887164,1.0,1.0,1.0,11,UU,0.5172605498825508,1,U,1,U,1,1,0.0,0.0,0.012213175425610666,0.008882309400444122,1,36.91627599490377,30.800115327253316,50.64829439982554,51.16555494970808,0.9741542212740019,0.9911176905995559,20260422_thermal_canonical_v01,S2_ALLCLEAR_MEAN,0.9741542212740019,0.9911176905995559,1.0,1.0,304034.981257388,4087844.9701351128,"{""type"":""Polygon"",""coordinates"":[[[30.801838621357707,36.91495685491383],[30.801761046932747,36.9176575349971],[30.79839199093404,36.91759512058337],[30.79846965512865,36.914894430070284],[30.801838621357707,36.91495685491383]]]}"
1_2_00000000000000000568,00000000000000000568,0.0,0.0,8.315990212384299E-4,0.0,8.315990212384299E-4,1.0,1.0,1.0,22,FF,1.0178256931793388,2,F,2,F,1,1,0.9991684009787616,1.0,0.0,0.0,1,36.91560751662598,30.62504034651396,40.99527613623326,42.013101829412605,0.9991684009787616,1.0,20260422_thermal_canonical_v01,S2_ALLCLEAR_MEAN,0.0,0.0,1.0,1.0,288435.0943749071,4088145.033581007,"{""type"":""Polygon"",""coordinates"":[[[30.62676654037253,36.91428878390373],[30.62668271268505,36.9169936196668],[30.6233141102088,36.91692623473289],[30.62339802791511,36.9142213891366],[30.62676654037253,36.91428878390373]]]}"
1_2_00000000000000000579,00000000000000000579,0.02390271724696428,0.043307892250556236,0.013875766824421704,0.024455658064881303,0.09335121320440093,1.0,1.0,1.0,11,UU,1.7587604802877284,1,U,1,U,1,1,0.0,0.00666141300325234,0.012787300647419689,0.006678828462084372,1,36.91673803927673,30.682246605469256,44.41711976975914,46.17588025004688,0.9494342152811944,0.9188962082192258,20260422_thermal_canonical_v01,S2_ALLCLEAR_MEAN,0.9494342152811944,0.9188962082192258,1.0,1.0,293534.9521247628,4088145.035675985,"{""type"":""Polygon"",""coordinates"":[[[30.68397192629076,36.915418421066555],[30.683890066973365,36.91812341042409],[30.680521242083657,36.91805764261076],[30.680603191341486,36.91535264319056],[30.68397192629076,36.915418421066555]]]}"
1_2_0000000000000000059a,0000000000000000059a,0.04970954067302825,0.01467997139019241,0.9152696125464473,0.984207909565096,0.09440364251696522,1.0,1.0,1.0,55,BB,1.439715281253386,5,B,5,B,1,1,0.0,0.0,0.0,0.0,1,36.918854042630606,30.793307746172896,53.67730489721594,55.11702017846935,0.9152696125464473,0.984207909565096,20260422_thermal_canonical_v01,S2_ALLCLEAR_MEAN,0.035020846780524376,0.0011121190447115463,1.0,1.0,303435.100758972,4088145.0326896883,"{""type"":""Polygon"",""coordinates"":[[[30.79502845341139,36.917532683764655],[30.794950524078562,36.920237878414056],[30.791586980701585,36.9201753495165],[30.79166499981349,36.917470218826494],[30.79502845341139,36.917532683764655]]]}"
1_2_000000000000000005a3,000000000000000005a3,0.03217394337944144,0.012445708105845202,0.011926773535209049,0.0033011215963997262,0.02916499502869401,1.0,1.0,1.0,22,FF,-0.18348636380299763,2,F,2,F,1,1,0.9558992830853494,0.9842531702977549,0.0,0.0,1,36.917904477583896,30.60476398900055,41.926688124832374,41.74320176102937,0.9558992830853494,0.9842531702977549,20260422_thermal_canonical_v01,S2_ALLCLEAR_MEAN,0.0,0.0,1.0,1.0,286634.9558575192,4088445.0976309762,"{""type"":""Polygon"",""coordinates"":[[[30.606487746450295,36.91658824614594],[30.606403290754255,36.91928853071092],[30.603040205030922,36.91922073205405],[30.603124750767876,36.91652036347049],[30.606487746450295,36.91658824614594]]]}"
1_2_000000000000000005a4,000000000000000005a4,0.09776839171801188,0.06418323136879237,0.012505715094380709,0.008935141843199587,0.05422481548409575,1.0,1.0,1.0,22,FF,0.059696528199677426,2,F,2,F,1,1,0.8869521673815072,0.9263286233698376,0.0,0.0,1,36.91797235054199,30.608129829191835,41.808691624004766,41.86838815220441,0.8869521673815072,0.9263286233698376,20260422_thermal_canonical_v01,S2_ALLCLEAR_MEAN,0.0027737258061004567,5.530034181707347E-4,1.0,1.0,286935.0191709242,4088445.099506435,"{""type"":""Polygon"",""coordinates"":[[[30.609856271176326,36.9166561182803],[30.609771993310474,36.91935644269158],[30.606403290754255,36.91928853071092],[30.606487746450295,36.91658824614594],[30.609856271176326,36.9166561182803]]]}"
1_2_000000000000000005a6,000000000000000005a6,0.013053224709104541,0.006943111839924633,0.0033363571341346386,0.0011121190447115463,0.027789892364321465,1.0,1.0,1.0,22,FF,0.7183500331227671,2,F,2,F,1,1,0.8918715000959475,0.9124347992952219,0.0,0.0,1,36.91810771827922,30.614858800503868,41.393598029307626,42.1119480624304,0.8918715000959475,0.9124347992952219,20260422_thermal_canonical_v01,S2_ALLCLEAR_MEAN,0.09173891806081325,0.07950996982014197,1.0,1.0,287534.9011727517,4088445.0991187305,"{""type"":""Polygon"",""coordinates"":[[[30.61658234143984,36.916791323049246],[30.616498331416544,36.919491677780776],[30.61313516324849,36.91942406164934],[30.61321935108349,36.91672374682422],[30.61658234143984,36.916791323049246]]]}"
1_2_000000000000000005a7,000000000000000005a7,0.007767294639086386,0.0,0.0,0.0,0.007767294639086386,1.0,1.0,1.0,22,FF,0.8460798185277351,2,F,2,F,1,1,0.9922327053609136,1.0,0.0,0.0,1,36.91817528486415,30.61822469357126,40.59780599946514,41.44388581799286,0.9922327053609136,1.0,20260422_thermal_canonical_v01,S2_ALLCLEAR_MEAN,0.0,0.0,1.0,1.0,287834.96613447217,4088445.098658019,"{""type"":""Polygon"",""coordinates"":[[[30.619951035854832,36.91685883820474],[30.619867028073536,36.91955928262693],[30.616498331416544,36.919491677780776],[30.61658234143984,36.916791323049246],[30.619951035854832,36.91685883820474]]]}"
1_2_000000000000000005a8,000000000000000005a8,0.0444802065479539,0.018347703593219144,0.00556057097251115,0.00667268516701338,0.042809854640132906,1.0,1.0,1.0,22,FF,1.094092569746877,2,F,2,F,1,1,0.9499592224795349,0.9738674970452652,0.0,0.0,1,36.91824274721558,30.621590582816697,40.94810269001512,42.04219525976199,0.9499592224795349,0.9738674970452652,20260422_thermal_canonical_v01,S2_ALLCLEAR_MEAN,0.0,0.00111211419450223,1.0,1.0,288135.0297317407,4088445.0972354054,"{""type"":""Polygon"",""coordinates"":[[[30.6233141102088,36.91692623473289],[30.62323019244666,36.9196265950787],[30.619867028073536,36.91955928262693],[30.619951035854832,36.91685883820474],[30.6233141102088,36.91692623473289]]]}"
1_2_000000000000000005a9,000000000000000005a9,0.02442550004789315,0.027751896132846874,0.01874798631127057,0.02490007749980409,0.05055773735403482,1.0,1.0,1.0,22,FF,1.5366459407237334,2,F,2,F,1,1,0.9088854831546777,0.9111103370806087,0.0,0.0,1,36.918310133227564,30.624956500479797,40.59231988308332,42.12896582380706,0.9088854831546777,0.9111103370806087,20260422_thermal_canonical_v01,S2_ALLCLEAR_MEAN,0.047941030486158935,0.0362376892867406,1.0,1.0,288435.094915502,4088445.097874347,"{""type"":""Polygon"",""coordinates"":[[[30.62668271268505,36.9169936196668],[30.626598972719616,36.91969401977044],[30.62323019244666,36.9196265950787],[30.6233141102088,36.91692623473289],[30.62668271268505,36.9169936196668]]]}"
1_2_000000000000000005ac,000000000000000005ac,0.0067049516503324205,0.012778592918003671,0.01334459533004472,0.03945472198396909,0.06616132810289056,1.0,1.0,1.0,11,UU,3.539739396953157,1,U,1,U,1,1,0.0,0.0,0.006657059138544332,0.00333070650162617,1,36.91851166310618,30.635051478879006,49.32117290367738,52.86091230063057,0.9732933938810786,0.9444359785964012,20260422_thermal_canonical_v01,S2_ALLCLEAR_MEAN,0.9732933938810786,0.9444359785964012,1.0,1.0,289335.0371440579,4088445.0997957634,"{""type"":""Polygon"",""coordinates"":[[[30.636777535406008,36.917195004333344],[30.636694153230337,36.919895424823],[30.633325379407662,36.91982830729988],[30.633408851585894,36.91712787703014],[30.636777535406008,36.917195004333344]]]}"
1_2_000000000000000005ae,000000000000000005ae,0.010264997405406344,0.03360761894794677,0.011093523109326143,0.009968472416635047,0.059409653632649134,1.0,1.0,1.0,11,UU,2.7041784254173185,1,U,1,U,1,1,0.0,0.01165604845567169,0.004984236208317523,0.0,1,36.91864548774681,30.641780630117015,47.958399596706144,50.66257802212351,0.9736572432769499,0.9447678601797465,20260422_thermal_canonical_v01,S2_ALLCLEAR_MEAN,0.9736572432769499,0.9447678601797465,1.0,1.0,289934.9191903508,4088445.097208524,"{""type"":""Polygon"",""coordinates"":[[[30.64350383754309,36.917328673209106],[30.64342063535349,36.92002907430045],[30.64005739532278,36.919962325432465],[30.640140687503454,36.91726184019358],[30.64350383754309,36.917328673209106]]]}"
1_2_000000000000000005cc,000000000000000005cc,0.009895549401426106,0.02350683617174381,0.05001853507490348,0.03825639460084169,0.07841426982707858,1.0,1.0,1.0,11,UU,1.2665919407058284,1,U,1,U,1,1,0.003336313482631543,0.0,0.003336313482631543,0.0022242089884210283,1,36.92060788615315,30.742742499155334,50.26397797975671,51.53056992046251,0.9334132885584072,0.9360125602389933,20260422_thermal_canonical_v01,S2_ALLCLEAR_MEAN,0.9334132885584072,0.9360125602389933,1.0,1.0,298934.87528425996,4088445.098043948,"{""type"":""Polygon"",""coordinates"":[[[30.744464027772967,36.919289558107074],[30.74438448817336,36.921990129686264],[30.741020890012265,36.92192620057593],[30.74110060715607,36.919225593835584],[30.744464027772967,36.919289558107074]]]}"
1_2_000000000000000005db,000000000000000005db,0.043564537794602495,0.04018020689775482,0.9096217922997748,0.9240531723740905,0.043813129110479195,1.0,1.0,1.0,55,BB,1.12478127695833,5,B,5,B,1,1,0.0,0.0,0.004448476178846185,0.0,1,36.921556970807224,30.793229827093167,53.2012563125339,54.32603758949221,0.9096217922997748,0.9240531723740905,20260422_thermal_canonical_v01,S2_ALLCLEAR_MEAN,0.04236519372677633,0.03576662072815449,1.0,1.0,303435.10112399654,4088445.096392568,"{""type"":""Polygon"",""coordinates"":[[[30.794950524078562,36.920237878414056],[30.794872770015917,36.922938542619924],[30.791509049202524,36.92287604912539],[30.791586980701585,36.9201753495165],[30.794950524078562,36.920237878414056]]]}"
1_2_000000000000000005e5,000000000000000005e5,0.06249700204515027,0.050867117559076046,0.007221255608900979,0.017220252656733073,0.04442642037649951,1.0,1.0,1.0,22,FF,0.9005730412208507,2,F,2,F,1,1,0.9302817423459487,0.9319126297841909,0.0,0.0,1,36.92074044434401,30.61141142463562,41.83862670815349,42.739199749374315,0.9302817423459487,0.9319126297841909,20260422_thermal_canonical_v01,S2_ALLCLEAR_MEAN,0.0,0.0,1.0,1.0,287235.08342434105,4088744.913325972,"{""type"":""Polygon"",""coordinates"":[[[30.61313516324849,36.91942406164934],[30.613050887570186,36.92212445789555],[30.60968762759887,36.92205677407248],[30.609771993310474,36.91935644269158],[30.61313516324849,36.91942406164934]]]}"
1_2_000000000000000005e7,000000000000000005e7,0.05056143085409766,0.011677065146877628,0.03170048893900672,0.02503907593575438,0.07776002368502402,1.0,1.0,1.0,22,FF,0.9892127724625631,2,F,2,F,1,1,0.8893726516342231,0.9360068965216973,0.0,0.0,1,36.920875668629364,30.618140652131622,41.14506898690889,42.134281759371476,0.8893726516342231,0.9360068965216973,20260422_thermal_canonical_v01,S2_ALLCLEAR_MEAN,0.028365428572672543,0.027276962395670526,1.0,1.0,287834.9652405294,4088744.916696497,"{""type"":""Polygon"",""coordinates"":[[[30.619867028073536,36.91955928262693],[30.619783020236323,36.9222596346063],[30.61641423355249,36.922192039474396],[30.616498331416544,36.919491677780776],[30.619867028073536,36.91955928262693]]]}"
1_2_000000000000000005ee,000000000000000005ee,0.05448646668672569,0.041679203568765436,0.006671812247354166,0.013343624494708332,0.05502282806347377,1.0,1.0,1.0,11,UU,2.899787743439461,1,U,1,U,1,1,0.0,0.018903468034170135,0.002223937415784722,0.004447874831569444,1,36.921345910170785,30.64169744210226,48.03479386002316,50.93458160346265,0.9366177836501354,0.9216258290707866,20260422_thermal_canonical_v01,S2_ALLCLEAR_MEAN,0.9366177836501354,0.9216258290707866,1.0,1.0,289934.9204357471,4088744.914393939,"{""type"":""Polygon"",""coordinates"":[[[30.64342063535349,36.92002907430045],[30.64333752087499,36.922729506833086],[30.639974190855458,36.92266269323855],[30.64005739532278,36.919962325432465],[30.64342063535349,36.92002907430045]]]}"
1_2_0000000000000000060c,0000000000000000060c,0.013275474825007077,0.010902985237357981,0.0372271527944351,0.04159270808347324,0.039464445365140946,1.0,1.0,1.0,11,UU,1.4285722179169795,1,U,1,U,1,1,0.003336313482631543,0.0,0.0011121044942105141,0.0,1,36.923308485802494,30.74266285916528,50.54835521681169,51.976927434728644,0.9450489544037154,0.9475043066791685,20260422_thermal_canonical_v01,S2_ALLCLEAR_MEAN,0.9450489544037154,0.9475043066791685,1.0,1.0,298934.8759095783,4088744.913670461,"{""type"":""Polygon"",""coordinates"":[[[30.74438448817336,36.921990129686264],[30.74430486082758,36.92469078251479],[30.74094117281742,36.92462678913366],[30.741020890012265,36.92192620057593],[30.74438448817336,36.921990129686264]]]}"
1_2_0000000000000000062d,0000000000000000062d,0.016675169956785835,0.043336254976605044,0.0,0.004447874831569444,0.05161715135420344,1.0,1.0,1.0,11,UU,2.972816554648044,1,U,1,U,1,1,0.0,0.003335906123677083,0.003335906123677083,0.003833021546028962,1,36.92404857137959,30.641614169826006,48.80760510242362,51.7804216570717,0.9799889239195371,0.9450469425221195,20260422_thermal_canonical_v01,S2_ALLCLEAR_MEAN,0.9799889239195371,0.9450469425221195,1.0,1.0,289934.92131234845,4089044.98030659,"{""type"":""Polygon"",""coordinates"":[[[30.64333752087499,36.922729506833086],[30.64325423080928,36.92543443729588],[30.63989072302762,36.92536758404943],[30.639974190855458,36.92266269323855],[30.64333752087499,36.922729506833086]]]}"
1_2_0000000000000000065e,0000000000000000065e,0.021583831969715462,0.011888770650524214,2.660363204996248E-4,0.022804982293320297,0.03722327861416881,1.0,1.0,1.0,22,FF,1.0287947064816605,2,F,2,F,1,1,0.9781501317097848,0.959497060516721,0.0,2.7912007396681943E-4,1,36.92721007941982,30.806535306535377,41.43028801684013,42.45908272332179,0.9781501317097848,0.959497060516721,20260422_thermal_canonical_v01,S2_ALLCLEAR_MEAN,0.0,0.00553006646546761,1.0,1.0,304634.86369359423,4089044.979222061,"{""type"":""Polygon"",""coordinates"":[[[30.808256005314366,36.9258885489019],[30.808178522565633,36.92859376982067],[30.80481454993389,36.92853155785625],[30.80489212244353,36.92582640081301],[30.808256005314366,36.9258885489019]]]}"
1_2_00000000000000000662,00000000000000000662,0.015005036564147506,0.006667451585754588,0.046693964408280005,0.02223501349624764,0.057251126140858075,1.0,1.0,1.0,22,FF,0.5899210729622715,2,F,2,F,1,1,0.901074030951976,0.9405380184281559,0.0,0.0,1,36.92614564559376,30.611242706416135,42.98527721223363,43.5751982851959,0.901074030951976,0.9405380184281559,20260422_thermal_canonical_v01,S2_ALLCLEAR_MEAN,0.03722696807559642,0.03055951648984183,1.0,1.0,287235.0826540046,4089345.0450399946,"{""type"":""Polygon"",""coordinates"":[[[30.61296652404838,36.92482932805344],[30.612882336044866,36.92752966317405],[30.60951880821703,36.92746194914216],[30.60960317404135,36.924761579473774],[30.61296652404838,36.92482932805344]]]}"
1_2_00000000000000000663,00000000000000000663,0.022190045880362146,0.021657973239362898,0.03494670551087694,0.025979973134692858,0.04098703836156514,1.0,1.0,1.0,22,FF,1.569368335257533,2,F,2,F,1,1,0.8989585332240112,0.9201280463339322,0.0,0.0,1,36.92621327081751,30.614606177327676,42.03868497229317,43.60805330755067,0.8989585332240112,0.9201280463339322,20260422_thermal_canonical_v01,S2_ALLCLEAR_MEAN,0.04390471538474956,0.03223400729201193,1.0,1.0,287534.9010000072,4089345.044494125,"{""type"":""Polygon"",""coordinates"":[[[30.61632996006258,36.924896825476964],[30.616245862086373,36.927597225432],[30.612882336044866,36.92752966317405],[30.61296652404838,36.92482932805344],[30.61632996006258,36.924896825476964]]]}"
1_2_0000000000000000066e,0000000000000000066e,0.02652076827800357,0.014928562706069109,0.8730265338520312,0.9084355319854158,0.07590757636550773,1.0,1.0,1.0,55,BB,0.677285535722224,5,B,5,B,1,1,0.09266786455698407,0.07329954817438022,0.0033363571341346386,0.0033363571341346386,1,36.926951339399345,30.651627125237322,50.632906578749996,51.310192114472166,0.8730265338520312,0.9084355319854158,20260422_thermal_canonical_v01,S2_ALLCLEAR_MEAN,0.004448476178846185,0.0,1.0,1.0,290834.8666661364,4089345.0423014117,"{""type"":""Polygon"",""coordinates"":[[[30.653350357934112,36.925634348460406],[30.653267513293155,36.92833478980735],[30.649903834360877,36.92826827795788],[30.649986768979197,36.92556790128044],[30.653350357934112,36.925634348460406]]]}"
1_2_000000000000000006aa,000000000000000006aa,0.019455541405718466,0.024401200216318055,0.011116829195959733,0.0166817856706732,0.03496415051549988,1.0,1.0,1.0,22,FF,0.33746056979938527,2,F,2,F,1,1,0.8688266489890619,0.8699344067826178,0.0011121190447115465,0.002224238089423093,1,36.92958518128599,30.648180554230468,46.026611031885615,46.36407160168499,0.8688266489890619,0.8699344067826178,20260422_thermal_canonical_v01,S2_ALLCLEAR_MEAN,0.09948886136454824,0.08675836924096784,1.0,1.0,290535.0501325752,4089644.858763176,"{""type"":""Polygon"",""coordinates"":[[[30.649903834360877,36.92826827795788],[30.649820899687867,36.93096871096258],[30.646457216347596,36.930902032104434],[30.646540241001937,36.92820166377557],[30.649903834360877,36.92826827795788]]]}"
1_2_000000000000000006ad,000000000000000006ad,0.027746889758114096,0.023612982561714256,0.05938348966305165,0.06715854929509903,0.0836113255103064,1.0,1.0,1.0,22,FF,0.5051989385250976,2,F,2,F,1,1,0.9128696205788341,0.9025697378806311,0.0,0.0,1,36.9297847797773,30.658277243456595,45.00944373330682,45.51464267183192,0.9128696205788341,0.9025697378806311,20260422_thermal_canonical_v01,S2_ALLCLEAR_MEAN,0.0,0.006658730262555432,1.0,1.0,291434.9972657905,4089644.859494724,"{""type"":""Polygon"",""coordinates"":[[[30.660000392975043,36.928467719066425],[30.65991781598083,36.9311681720768],[30.65655405171799,36.93110182495432],[30.656636718679454,36.92840136215038],[30.660000392975043,36.928467719066425]]]}"
1_2_000000000000000006bb,000000000000000006bb,0.0022242380894230925,0.008774837325331887,0.0394039041920346,0.06001517715402192,0.07158993772133347,1.0,1.0,1.0,11,UU,1.6935831695014312,1,U,1,U,1,1,0.0,0.0,0.0,0.0,1,36.93070492181413,30.70539819752893,46.10001605636218,47.7935992258636,0.9583718577185423,0.9312099855206462,20260422_thermal_canonical_v01,S2_ALLCLEAR_MEAN,0.9583718577185423,0.9312099855206462,1.0,1.0,295634.9079022333,4089644.861201425,"{""type"":""Polygon"",""coordinates"":[[[30.707120611294993,36.929387153325166],[30.707039644333328,36.93208766496846],[30.703675740908075,36.932022675681885],[30.703756797772364,36.92932215406001],[30.707120611294993,36.929387153325166]]]}"
1_2_000000000000000006e6,000000000000000006e6,0.012761288581019607,0.006657117106918791,0.007771716177795973,0.020554774271918652,0.03221017158730231,1.0,1.0,1.0,11,UU,3.218274036220052,1,U,1,U,1,1,0.0,0.0,0.006661471009539405,0.0,1,36.93222111047677,30.644730924333892,49.210341756295264,52.42861579251533,0.972805524231645,0.9727881086211626,20260422_thermal_canonical_v01,S2_ALLCLEAR_MEAN,0.972805524231645,0.9727881086211626,1.0,1.0,290234.9882512881,4089944.925195335,"{""type"":""Polygon"",""coordinates"":[[[30.646457216347596,36.930902032104434],[30.646374016110492,36.93360697216369],[30.64300453581418,36.93354013723359],[30.64308791381138,36.93083523668864],[30.646457216347596,36.930902032104434]]]}"
1_2_000000000000000006e7,000000000000000006e7,0.03391308898696857,0.03391308898696857,0.003331995882978908,0.018343422361006917,0.04280131884234948,1.0,1.0,1.0,11,UU,2.324018436681455,1,U,1,U,1,1,0.08804929958306437,0.09360553355546639,0.005560595223557733,0.0,1,36.93228784860872,30.648097498116048,49.22620248525555,51.550220921937,0.8691450203234303,0.8541379550965581,20260422_thermal_canonical_v01,S2_ALLCLEAR_MEAN,0.8691450203234303,0.8541379550965581,1.0,1.0,290535.05208608165,4089944.9243447552,"{""type"":""Polygon"",""coordinates"":[[[30.649820899687867,36.93096871096258],[30.64973787719854,36.93367361618858],[30.646374016110492,36.93360697216369],[30.646457216347596,36.930902032104434],[30.649820899687867,36.93096871096258]]]}"
1_2_000000000000000006f8,000000000000000006f8,0.007784833312980823,0.014457547581250101,0.03166268339061109,0.05363902796434239,0.07863771958899565,1.0,1.0,1.0,11,UU,1.6260897079971912,1,U,1,U,1,1,0.0,0.0,0.0,0.0011121190447115463,1,36.93340769251363,30.705317149240066,46.40380531938617,48.029895027383354,0.9605524832964081,0.9307913054096959,20260422_thermal_canonical_v01,S2_ALLCLEAR_MEAN,0.9605524832964081,0.9307913054096959,1.0,1.0,295634.9090373492,4089944.926146878,"{""type"":""Polygon"",""coordinates"":[[[30.707039644333328,36.93208766496846],[30.7069585895976,36.93479272143223],[30.703594596267273,36.934727667834345],[30.703675740908075,36.932022675681885],[30.707039644333328,36.93208766496846]]]}"
2_0000000000000000000a,0000000000000000000a,0.0,5.407267542004436E-4,0.01659246209461845,0.02221776461815532,0.059362204072021287,1.0,1.0,1.0,11,UU,4.046633478921361,1,U,1,U,1,1,0.0,0.0,0.025558060535232265,0.0044479136232617135,1,36.842247367019446,30.60712701799849,46.23414427075043,50.28077774967178,0.9578494773701492,0.9727935950043824,20260422_thermal_canonical_v01,SENSOR_2025_L8_ONLY_ALLCLEAR,0.9578494773701492,0.9727935950043824,1.0,1.0,286634.95566845924,4080045.026200996,"{""type"":""Polygon"",""coordinates"":[[[30.608849059211337,36.84092872276369],[30.60876478067367,36.84363362757272],[30.60540491831214,36.84356595841942],[30.605489286882804,36.840861118604245],[30.608849059211337,36.84092872276369]]]}"
2_00000000000000000011,00000000000000000011,0.0022203163297735726,0.0022203163297735726,0.03222941527316423,0.01833720074707115,0.05414524351645867,1.0,1.0,1.0,11,UU,1.0169250853288905,1,U,1,U,1,1,0.0,0.0,0.00805844220864879,0.0,1,36.84501766069178,30.61040542125311,48.005472026505686,49.02239711183459,0.9574918261884134,0.9794424829231553,20260422_thermal_canonical_v01,SENSOR_2025_L8_ONLY_ALLCLEAR,0.9574918261884134,0.9794424829231553,1.0,1.0,286935.02048331196,4080345.090636145,"{""type"":""Polygon"",""coordinates"":[[[30.612130172121624,36.84370128918067],[30.612046159136423,36.84640164522963],[30.608680589870023,36.84633401810016],[30.60876478067367,36.84363362757272],[30.612130172121624,36.84370128918067]]]}"
2_0000000000000000001c,0000000000000000001c,0.018316389838256755,0.04052071315061935,0.0022204323312362594,0.0399634281733679,0.09694146330844423,1.0,1.0,1.0,11,UU,0.9680828166578459,1,U,1,U,1,1,0.0,0.0044365108735877415,0.0314517709036289,0.02553497180921698,1,36.847718032638134,30.610321332985325,45.76936387951483,46.737446696172675,0.948011406926878,0.889544375993208,20260422_thermal_canonical_v01,SENSOR_2025_L8_ONLY_ALLCLEAR,0.948011406926878,0.889544375993208,1.0,1.0,286935.01997783885,4080644.905365138,"{""type"":""Polygon"",""coordinates"":[[[30.612046159136423,36.84640164522963],[30.611962058307395,36.84910208332321],[30.608596486800565,36.84903436630176],[30.608680589870023,36.84633401810016],[30.612046159136423,36.84640164522963]]]}"
2_0000000000000000001d,0000000000000000001d,0.013898337607061238,0.053360545641669706,0.0022240828928777007,0.005555846285345472,0.08577110262180122,1.0,1.0,1.0,11,UU,1.2632193694536278,1,U,1,U,1,1,0.0,0.0022240828928777007,0.018516580319919058,0.012228094963978572,1,36.847785624301096,30.613684123440116,44.89511603117854,46.158335400632176,0.965360999180142,0.9266314302161286,20260422_thermal_canonical_v01,SENSOR_2025_L8_ONLY_ALLCLEAR,0.965360999180142,0.9266314302161286,1.0,1.0,287235.08465506026,4080644.9056242607,"{""type"":""Polygon"",""coordinates"":[[[30.61540610824117,36.84646915100278],[30.61532218522084,36.84916955469289],[30.611962058307395,36.84910208332321],[30.612046159136423,36.84640164522963],[30.61540610824117,36.84646915100278]]]}"
2_00000000000000000023,00000000000000000023,0.004447874831569444,0.041692285553564176,0.015005036564147506,0.013339263833108753,0.09060582671602932,1.0,1.0,1.0,11,UU,2.4895819002871793,1,U,1,U,1,1,0.0,0.0,0.015558840587293897,0.025017115596778335,1,36.8507913723897,30.76835093188229,44.65102850045167,47.140610400738844,0.9649882480169891,0.9199513350165487,20260422_thermal_canonical_v01,SENSOR_2025_L8_ONLY_ALLCLEAR,0.9649882480169891,0.9199513350165487,1.0,1.0,301035.07867848367,4080644.9054987333,"{""type"":""Polygon"",""coordinates"":[[[30.77007041559572,36.84947257206701],[30.769991944506884,36.852173266028835],[30.766631406458828,36.852110157960446],[30.766709967351364,36.849409453902986],[30.77007041559572,36.84947257206701]]]}"
2_00000000000000000039,00000000000000000039,0.07005477731451595,0.04945658810599582,0.0027606719815780737,0.01830853235176106,0.09136821171257604,1.0,1.0,1.0,11,UU,2.045417154427997,1,U,1,U,1,1,0.0,0.0011121190447115463,0.022190045880362146,0.01083334787083718,1,36.85336778905008,30.761545519562166,45.14891188384147,47.19432903826949,0.9049945048235437,0.9202894126266943,20260422_thermal_canonical_v01,SENSOR_2025_L8_ONLY_ALLCLEAR,0.9049945048235437,0.9202894126266943,1.0,1.0,300434.94966259797,4080944.974459088,"{""type"":""Polygon"",""coordinates"":[[[30.76326525349429,36.85204686369824],[30.7631864273766,36.85475200253244],[30.75982570517073,36.854688701019946],[30.759904708789414,36.85198352696706],[30.76326525349429,36.85204686369824]]]}"
2_0000000000000000003e,0000000000000000003e,0.04392216038937248,0.07112764509882591,0.00887078485075798,0.002224238089423092,0.08136350156132786,1.0,1.0,1.0,11,UU,2.115383862926827,1,U,1,U,1,1,0.0,0.001112119044711546,0.007479545732079614,0.0166556181637388,1,36.853683341287045,30.778359848886737,43.831434202120896,45.9468180650477,0.9397275090277899,0.9088803796033005,20260422_thermal_canonical_v01,SENSOR_2025_L8_ONLY_ALLCLEAR,0.9397275090277899,0.9088803796033005,1.0,1.0,301935.0265106149,4080944.9696448124,"{""type"":""Polygon"",""coordinates"":[[[30.7800793248973,36.852362186201944],[30.78000103547965,36.855067323171376],[30.77664033014755,36.855004481639966],[30.776718709359358,36.852299334433226],[30.7800793248973,36.852362186201944]]]}"
2_0000000000000000006a,0000000000000000006a,0.02497833933446246,0.06774237087413307,0.0038923889428289066,0.01055385995236831,0.07995942162757592,1.0,1.0,1.0,11,UU,1.2087283852585275,1,U,1,U,1,1,0.0,0.0011102451682565673,0.0066745327174012456,0.01055385995236831,1,36.85562030999426,30.599982282757974,43.954637010067266,45.16336539532578,0.9644547390053074,0.9100396640528737,20260422_thermal_canonical_v01,SENSOR_2025_L8_ONLY_ALLCLEAR,0.9644547390053074,0.9100396640528737,1.0,1.0,286035.0733431746,4081544.85041901,"{""type"":""Polygon"",""coordinates"":[[[30.60170739503494,36.85430411778311],[30.601623023940594,36.85700445733629],[30.59825708935563,36.85693648793189],[30.598341638290083,36.85423611392771],[30.60170739503494,36.85430411778311]]]}"
2_0000000000000000006e,0000000000000000006e,0.025845641300698136,0.037798214745141126,0.0608355899757111,0.0808292234097757,0.09583425997392322,1.0,1.0,1.0,11,UU,0.17086190675408192,1,U,1,U,1,1,0.0,0.0,0.008895749663138887,0.00889138900153931,1,36.8558912672187,30.613431999948443,44.21528472602938,44.386146632783436,0.9044230190604519,0.8724811728435438,20260422_thermal_canonical_v01,SENSOR_2025_L8_ONLY_ALLCLEAR,0.9044230190604519,0.8724811728435438,1.0,1.0,287235.08267244144,4081544.8511827835,"{""type"":""Polygon"",""coordinates"":[[[30.615154163441378,36.854574830609415],[30.615070240253598,36.85727518178154],[30.61170975548434,36.85720768937322],[30.61179385648135,36.8545073037828],[30.615154163441378,36.854574830609415]]]}"
2_0000000000000000008c,0000000000000000008c,0.05006879016387732,0.0711542815346302,0.947157834241828,0.9138555580710891,0.06216802215217431,1.0,1.0,1.0,55,BB,-0.6921451085356748,5,B,5,B,1,1,0.0,0.0,0.0,5.529335957228193E-4,1,36.858186830449455,30.593171284358075,44.71378628640869,44.02164117787298,0.947157834241828,0.9138555580710891,20260422_thermal_canonical_v01,SENSOR_2025_L8_ONLY_ALLCLEAR,0.0027733755942947707,0.014437226798558023,1.0,1.0,285434.9421220182,4081844.9161884976,"{""type"":""Polygon"",""coordinates"":[[[30.59489668440021,36.85686851105882],[30.594811869764232,36.85957332363484],[30.591445841788687,36.85950513486081],[30.59153074648223,36.8568003126771],[30.59489668440021,36.85686851105882]]]}"
2_00000000000000000169,00000000000000000169,0.8528470247544615,0.8503960016049403,0.11276014863143932,0.12132564590129609,0.08071367513912388,1.0,1.0,1.0,33,AA,1.0573713262616324,3,A,3,A,1,1,0.023271636166983575,0.013271287266891118,0.0,0.0,1,36.87217224841882,30.616288535263315,42.557787212345,43.61515853860664,0.8528470247544615,0.8503960016049403,20260422_thermal_canonical_v01,SENSOR_2025_L8_ONLY_ALLCLEAR,0.011121190447115462,0.015007065226872276,1.0,1.0,287534.9015424263,4083344.990313334,"{""type"":""Polygon"",""coordinates"":[[[30.618011117768685,36.87085355434086],[30.617927020912397,36.87355840951615],[30.614565909880323,36.873490927359946],[30.614650096761537,36.87078606256023],[30.618011117768685,36.87085355434086]]]}"
2_0000000000000000019a,0000000000000000019a,0.8927088603178478,0.9077420930516544,0.08184760043961409,0.0789648134256755,0.07658793154580182,1.0,1.0,1.0,33,AA,0.3519209415157249,3,A,3,A,1,1,0.002215515587111629,0.0,0.0,0.0,1,36.87487487620685,30.616204500104896,41.24270274211465,41.594623683630374,0.8927088603178478,0.9077420930516544,20260422_thermal_canonical_v01,SENSOR_2025_L8_ONLY_ALLCLEAR,0.02322802365542626,0.013293093522669776,1.0,1.0,287534.9009590001,4083645.0555894007,"{""type"":""Polygon"",""coordinates"":[[[30.617927020912397,36.87355840951615],[30.617843187351667,36.876258776782095],[30.614481898515375,36.87619132909636],[30.614565909880323,36.873490927359946],[30.617927020912397,36.87355840951615]]]}"
2_000000000000000001bf,000000000000000001bf,0.03918478237207257,0.05669167236297299,0.8846617700201583,0.9142985270875691,0.08760846565453821,1.0,1.0,1.0,55,BB,4.271905642985101,5,B,5,B,1,1,0.0,0.0,0.0216517691929241,0.00781954101558248,1,36.87825626595093,30.7911105464974,51.436599952322645,55.70850559530775,0.8846617700201583,0.9142985270875691,20260422_thermal_canonical_v01,SENSOR_2025_L8_ONLY_ALLCLEAR,0.05450167841484496,0.021190259533875242,1.0,1.0,303135.0368744529,4083645.0572302104,"{""type"":""Polygon"",""coordinates"":[[[30.792833089066534,36.87693721091114],[30.792755333674,36.87963792747367],[30.789387961134107,36.87957530661817],[30.789465806304463,36.87687457972405],[30.792833089066534,36.87693721091114]]]}"
2_000000000000000001c3,000000000000000001c3,0.034693752943844504,0.022377579680058608,0.9363998743959667,0.9398190953020602,0.06818816181986286,1.0,1.0,1.0,55,BB,1.307093322766958,5,B,5,B,1,1,0.0,0.0,0.0033363571341346386,0.015569666625961646,1,36.8785056985276,30.804566064153512,52.317372511226445,53.62446583399341,0.9363998743959667,0.9398190953020602,20260422_thermal_canonical_v01,SENSOR_2025_L8_ONLY_ALLCLEAR,0.0255700155260541,0.022233658391919462,1.0,1.0,304335.0486435463,4083645.054870288,"{""type"":""Polygon"",""coordinates"":[[[30.80628561444567,36.87718641906756],[30.806208305765082,36.87988714379025],[30.802846470876997,36.87982496346318],[30.80292386931335,36.87712422845373],[30.80628561444567,36.87718641906756]]]}"
2_000000000000000001c9,000000000000000001c9,0.9726030981787732,0.9126194961970552,0.010218233200753605,0.00691246249389435,0.07545705114786123,1.0,1.0,1.0,33,AA,0.8664385248432893,3,A,3,A,1,1,0.017178668620473087,0.08046804130905028,0.0,0.0,1,36.877168554627374,30.595941665959366,40.466678212875586,41.33311673771887,0.9726030981787732,0.9126194961970552,20260422_thermal_canonical_v01,SENSOR_2025_L8_ONLY_ALLCLEAR,0.0,0.0,1.0,1.0,285735.01063556515,4083944.8729753573,"{""type"":""Polygon"",""coordinates"":[[[30.59766463064718,36.87585234992241],[30.597579993462343,36.87855275705123],[30.594218604722226,36.878484707220764],[30.594303419755775,36.8757843402194],[30.59766463064718,36.87585234992241]]]}"
2_000000000000000001da,000000000000000001da,0.04352528653420091,0.071873419046456,0.008059592135791912,0.02048479667847111,0.09851630235682007,1.0,1.0,1.0,11,UU,2.030830292844715,1,U,1,U,1,1,0.0,0.0011121190447115463,0.006672714268269277,0.00889695235769237,1,36.87831205297088,30.653118043992837,44.340067215572994,46.37089750841771,0.9417424070617378,0.8976327128726689,20260422_thermal_canonical_v01,SENSOR_2025_L8_ONLY_ALLCLEAR,0.9417424070617378,0.8976327128726689,1.0,1.0,290834.8680666802,4083944.871863891,"{""type"":""Polygon"",""coordinates"":[[[30.654840060249303,36.8769950079977],[30.654757479864394,36.87969547448938],[30.651395947039827,36.87962908378214],[30.651478705153373,36.87692858263864],[30.654840060249303,36.8769950079977]]]}"
2_000000000000000001f6,000000000000000001f6,0.0019723007127276527,0.0022204710010841123,0.9980276992872722,0.9977795289989159,0.0041927717138117646,1.0,1.0,1.0,55,BB,3.7159075108382993,5,B,5,B,1,1,0.0,0.0,0.0,0.0,1,36.8809569909921,30.791032721375,53.65155787424285,57.36746538508116,0.9980276992872722,0.9977795289989159,20260422_thermal_canonical_v01,SENSOR_2025_L8_ONLY_ALLCLEAR,0.0,0.0,1.0,1.0,303135.03659387643,4083944.874760708,"{""type"":""Polygon"",""coordinates"":[[[30.792755333674,36.87963792747367],[30.79267757823262,36.88233862610939],[30.789310028251275,36.882276040665026],[30.789387961134107,36.87957530661817],[30.792755333674,36.87963792747367]]]}"
2_000000000000000001ff,000000000000000001ff,0.9715993695521556,0.9191259067041685,0.010575675510932704,0.05971403443081186,0.08699570703332495,1.0,1.0,1.0,33,AA,0.9629086565921197,3,A,3,A,1,1,0.006683269620947591,0.015587039246249103,0.0,0.0,1,36.879803012386205,30.592492739240388,41.157151908688185,42.120060565280326,0.9715993695521556,0.9191259067041685,20260422_thermal_canonical_v01,SENSOR_2025_L8_ONLY_ALLCLEAR,0.011141685315964094,0.005573019618770629,1.0,1.0,285434.94484390237,4084244.9401100934,"{""type"":""Polygon"",""coordinates"":[[[30.594218604722226,36.878484707220764],[30.594133789631826,36.8811895266572],[30.590766777795928,36.8811212656253],[30.590851770747452,36.878416486129794],[30.594218604722226,36.878484707220764]]]}"
2_00000000000000000218,00000000000000000218,0.03335935217446285,0.028907077851570488,0.012223041064708414,0.017233484940323816,0.0992146379965201,1.0,1.0,1.0,11,UU,2.6715875514896728,1,U,1,U,1,1,0.0,0.0,0.05749582463010361,0.02553189633744836,1,36.88219578157725,30.713584186641903,43.52680835005949,46.19839590154914,0.896921782130725,0.9283275408706573,20260422_thermal_canonical_v01,SENSOR_2025_L8_ONLY_ALLCLEAR,0.896921782130725,0.9283275408706573,1.0,1.0,296235.03785798594,4084244.940030304,"{""type"":""Polygon"",""coordinates"":[[[30.71530537230334,36.880875616056294],[30.71522476150921,36.88358062612891],[30.711862920513088,36.88351593321476],[30.71194370891325,36.880810888097685],[30.71530537230334,36.880875616056294]]]}"
2_0000000000000000022f,0000000000000000022f,0.018316708826589922,0.007275307927081473,0.9467478807563533,0.9413708578419633,0.050892324571906254,1.0,1.0,1.0,55,BB,2.01104271425833,5,B,5,B,1,1,0.0,0.0,0.0,0.0,1,36.88365992495168,30.79095482208236,52.91053834006862,54.92158105432697,0.9467478807563533,0.9413708578419633,20260422_thermal_canonical_v01,SENSOR_2025_L8_ONLY_ALLCLEAR,0.03493541041705672,0.05135383423095514,1.0,1.0,303135.0363046937,4084244.9376640804,"{""type"":""Polygon"",""coordinates"":[[[30.79267757823262,36.88233862610939],[30.792599647419948,36.88504382093869],[30.789232007655784,36.88498117152962],[30.789310028251275,36.882276040665026],[30.79267757823262,36.88233862610939]]]}"
2_00000000000000000235,00000000000000000235,0.01943582129842085,0.022204903365131347,0.9755092977590464,0.9619120598748687,0.06257864236608487,1.0,1.0,1.0,55,BB,1.962406585310072,5,B,5,B,1,1,0.0,0.0,0.002808267190296023,0.0,1,36.884033568995775,30.811138155595007,49.30915550176403,51.27156208707413,0.9755092977590464,0.9619120598748687,20260422_thermal_canonical_v01,SENSOR_2025_L8_ONLY_ALLCLEAR,0.0022466137522368186,0.015883036759999834,1.0,1.0,304934.9269302943,4084244.936259928,"{""type"":""Polygon"",""coordinates"":[[[30.812860532030616,36.88271196446913],[30.81278340275665,36.88541717030892],[30.809415698886525,36.885355159761325],[30.80949300556115,36.882649918308374],[30.812860532030616,36.88271196446913]]]}"
2_00000000000000000269,00000000000000000269,0.01611046176927236,0.036132965825235924,0.8889189330635173,0.9122516267466811,0.09670202187603576,1.0,1.0,1.0,55,BB,3.806951939513958,5,B,5,B,1,1,0.004710151248190078,0.008046508382324716,0.0396699405125342,0.028557472567730207,1,36.88630022268448,30.78751200102546,50.68456561101269,54.49151755052668,0.8889189330635173,0.9122516267466811,20260422_thermal_canonical_v01,SENSOR_2025_L8_ONLY_ALLCLEAR,0.050590513406486036,0.015011426478028007,1.0,1.0,302834.9703815739,4084545.000329112,"{""type"":""Polygon"",""coordinates"":[[[30.789232007655784,36.88498117152962],[30.789154074674826,36.88768186951952],[30.785791951855582,36.88761925922855],[30.785869974617594,36.88491855100874],[30.789232007655784,36.88498117152962]]]}"
2_00000000000000000270,00000000000000000270,0.01943146739580024,0.013884595457138013,0.9800155869713818,0.9694573731163929,0.03276311722012028,1.0,1.0,1.0,55,BB,2.289808093671699,5,B,5,B,1,1,5.529456328179766E-4,0.0,0.0,0.0,1,36.88673655859807,30.811060970413504,48.03942454832127,50.32923264199298,0.9800155869713818,0.9694573731163929,20260422_thermal_canonical_v01,SENSOR_2025_L8_ONLY_ALLCLEAR,0.0,0.016658031426469124,1.0,1.0,304934.9279488438,4084545.0014116266,"{""type"":""Polygon"",""coordinates"":[[[30.81278340275665,36.88541717030892],[30.812706273434543,36.88811796902106],[30.809338479812915,36.88805589450722],[30.809415698886525,36.885355159761325],[30.81278340275665,36.88541717030892]]]}"
2_00000000000000000299,00000000000000000299,0.03752193278445136,0.08086503337266364,0.022239734586096266,0.03331170895031764,0.09003435229167667,1.0,1.0,1.0,11,UU,2.3553385892781282,1,U,1,U,1,1,0.0,0.0,0.0011102451682565673,0.0016893142167982277,1,36.88773067185788,30.720149704212204,44.55077172106921,46.906110310347316,0.9391280874611959,0.8841339434602205,20260422_thermal_canonical_v01,SENSOR_2025_L8_ONLY_ALLCLEAR,0.9391280874611959,0.8841339434602205,1.0,1.0,296834.91778699553,4084845.0654568034,"{""type"":""Polygon"",""coordinates"":[[[30.721873705235012,36.88641044617653],[30.721793274104765,36.88911554873204],[30.718425645452,36.88905084537382],[30.71850616646602,36.88634580708665],[30.721873705235012,36.88641044617653]]]}"
2_000000000000000002b4,000000000000000002b4,0.0066571171069187895,0.014433187187335375,0.9927899372602632,0.9627871943016123,0.044422868438124534,1.0,1.0,1.0,55,BB,2.192280690162289,5,B,5,B,1,1,5.529456328179766E-4,0.007771716177795971,0.0,0.0,1,36.88943954132199,30.81098374445817,49.61500772943395,51.80728841959623,0.9927899372602632,0.9627871943016123,20260422_thermal_canonical_v01,SENSOR_2025_L8_ONLY_ALLCLEAR,0.0,0.01500790233325642,1.0,1.0,304934.92623703455,4084845.0660146107,"{""type"":""Polygon"",""coordinates"":[[[30.812706273434543,36.88811796902106],[30.812629056417233,36.89082316347386],[30.809261173041623,36.89076109948709],[30.809338479812915,36.88805589450722],[30.812706273434543,36.88811796902106]]]}"
2_000000000000000002d7,000000000000000002d7,0.00333070650162617,0.009434824822253478,0.01944000592125601,0.06665766867960347,0.08551861059469443,1.0,1.0,1.0,11,UU,2.640564464183847,1,U,1,U,1,1,0.0,0.002220471001084113,0.00999211950487851,0.005551177502710283,1,36.890044328470005,30.699885512428303,44.7407377626723,47.38130222685615,0.9672371680722394,0.9161358579943487,20260422_thermal_canonical_v01,SENSOR_2025_L8_ONLY_ALLCLEAR,0.9672371680722394,0.9161358579943487,1.0,1.0,295035.02523789974,4085145.132636897,"{""type"":""Polygon"",""coordinates"":[[[30.701609825819638,36.88872663601988],[30.701528855289077,36.89142716562324],[30.69816111904806,36.89136200751761],[30.69824226721408,36.88866144292003],[30.701609825819638,36.88872663601988]]]}"
2_000000000000000002d8,000000000000000002d8,0.020563299199274285,0.030014130453744556,0.006672714268269277,0.02663852205920833,0.06665300141304535,1.0,1.0,1.0,11,UU,2.479478786371791,1,U,1,U,1,1,0.005560595223557731,0.012228948240671276,0.009446470003314545,0.01223330949182701,1,36.89010943483204,30.703250376731074,45.286739018156354,47.766217804528104,0.9577569213055842,0.9188850897545487,20260422_thermal_canonical_v01,SENSOR_2025_L8_ONLY_ALLCLEAR,0.9577569213055842,0.9188850897545487,1.0,1.0,295335.0900936085,4085145.1311944597,"{""type"":""Polygon"",""coordinates"":[[[30.70497185492377,36.88879168956912],[30.70489097429333,36.89149220926811],[30.701528855289077,36.89142716562324],[30.701609825819638,36.88872663601988],[30.70497185492377,36.88879168956912]]]}"
2_000000000000000002db,000000000000000002db,0.005559892029077142,0.023351546522123998,0.043877359683587615,0.031048181370219006,0.09943267297805253,1.0,1.0,1.0,11,UU,2.452084510893135,1,U,1,U,1,1,0.0,0.0,0.0011119784058154284,0.007783848840707998,1,36.89030417075944,30.71334226915573,45.20920400147102,47.661288512364166,0.9494507698815198,0.9378164232669489,20260422_thermal_canonical_v01,SENSOR_2025_L8_ONLY_ALLCLEAR,0.9494507698815198,0.9378164232669489,1.0,1.0,296235.0381806832,4085145.131438402,"{""type"":""Polygon"",""coordinates"":[[[30.715063627480735,36.888986249606035],[30.714983016530553,36.891686813856815],[30.711620905872454,36.8916220764201],[30.711701518992577,36.888921527245],[30.715063627480735,36.888986249606035]]]}"
2_0000000000000000035b,0000000000000000035b,0.007784833312980822,0.04114404340317148,0.007784833312980822,0.023297803673917962,0.0850051462763637,1.0,1.0,1.0,11,UU,2.4767847729604116,1,U,1,U,1,1,0.0,0.0,0.016659979414894534,0.0016572754391779904,1,36.895186212087765,30.686265817431185,43.27688435278718,45.75366912574763,0.9677703539591438,0.9339008774837325,20260422_thermal_canonical_v01,SENSOR_2025_L8_ONLY_ALLCLEAR,0.9677703539591438,0.9339008774837325,1.0,1.0,293835.01679072395,4085745.013109906,"{""type"":""Polygon"",""coordinates"":[[[30.687987792746853,36.89386647151197],[30.687906111523347,36.89657142256311],[30.68454379943009,36.89650593794582],[30.684625570583158,36.89380097695447],[30.687987792746853,36.89386647151197]]]}"
2_0000000000000000035f,0000000000000000035f,0.0,0.006987952856352945,0.01447224628941881,0.02280118947583824,0.0420017328381538,1.0,1.0,1.0,11,UU,2.559611130319288,1,U,1,U,1,1,0.0,0.0,0.0011102355005420566,0.0,1,36.89544764517904,30.699723306292395,44.896129346186434,47.45574047650573,0.9844175182100392,0.9702108576678089,20260422_thermal_canonical_v01,SENSOR_2025_L8_ONLY_ALLCLEAR,0.9844175182100392,0.9702108576678089,1.0,1.0,295035.0260554798,4085745.013937802,"{""type"":""Polygon"",""coordinates"":[[[30.701447796980613,36.89412777678403],[30.701366650894098,36.896832786603184],[30.697998734830236,36.896767499711345],[30.69808005855723,36.89406245478718],[30.701447796980613,36.89412777678403]]]}"
2_0000000000000000037d,0000000000000000037d,0.0,0.0,0.0,0.0,0.03662439100847694,1.0,1.0,1.0,11,UU,1.6562035880393704,1,U,1,U,1,1,0.0,0.0,0.0,0.03662439100847694,1,36.89735976212792,30.800658653528544,50.81158778960631,52.467791377645725,1.0,0.9633756089915231,20260422_thermal_canonical_v01,SENSOR_2025_L8_ONLY_ALLCLEAR,1.0,0.9633756089915231,1.0,1.0,304034.98242015013,4085745.012350288,"{""type"":""Polygon"",""coordinates"":[[[30.802381553315893,36.896038370192954],[30.80230397923145,36.89874349193925],[30.798935726929404,36.89868117734845],[30.799013390782733,36.89597597071797],[30.802381553315893,36.896038370192954]]]}"
2_0000000000000000039d,0000000000000000039d,0.007226593165047185,0.007226593165047185,0.01167506934389337,0.028836592641697033,0.06105751618024176,1.0,1.0,1.0,11,UU,2.0090332058188354,1,U,1,U,1,1,0.0,0.0,0.00942902499869162,0.004448476178846185,1,36.89775762464985,30.67945388841294,43.765721460504075,45.77475466632289,0.9716693124923678,0.9594883380144095,20260422_thermal_canonical_v01,SENSOR_2025_L8_ONLY_ALLCLEAR,0.9716693124923678,0.9594883380144095,1.0,1.0,293234.88892913825,4086045.0764943664,"{""type"":""Polygon"",""coordinates"":[[[30.68117595724949,36.896440238558114],[30.681094183845577,36.89914069991992],[30.67773177672884,36.89907499607515],[30.67781364006797,36.89637452489258],[30.68117595724949,36.896440238558114]]]}"
2_000000000000000003df,000000000000000003df,0.014433187187335378,0.03886293479160048,0.010562567757609541,0.041971621262718875,0.09250736898018548,1.0,1.0,1.0,11,UU,1.8690769046464861,1,U,1,U,1,1,0.0011102451682565675,0.00444098067302627,0.007771716177795973,0.002220490336513135,1,36.90032647311028,30.672644352878635,43.78417157435279,45.653248478999274,0.9661222837090025,0.9125039729361414,20260422_thermal_canonical_v01,SENSOR_2025_L8_ONLY_ALLCLEAR,0.9661222837090025,0.9125039729361414,1.0,1.0,292635.0078285741,4086344.8944680286,"{""type"":""Polygon"",""coordinates"":[[[30.67436936719195,36.89900921502135],[30.67428732611563,36.90170970309361],[30.670919296197393,36.901643716627625],[30.67100142722289,36.898943218660435],[30.67436936719195,36.89900921502135]]]}"
2_00000000000000000426,00000000000000000426,0.007532185944853953,0.03725166644171702,0.00999211950487851,0.03417783795786331,0.07308832685333139,1.0,1.0,1.0,11,UU,2.3697016537538196,1,U,1,U,1,1,0.0,0.0,5.660024120410484E-4,0.004440942002168226,1,36.90322658513244,30.682655555901892,43.95194443165035,46.32164608540416,0.9819096921382265,0.9241295535982516,20260422_thermal_canonical_v01,SENSOR_2025_L8_ONLY_ALLCLEAR,0.9819096921382265,0.9241295535982516,1.0,1.0,293534.95183232264,4086644.9585642987,"{""type"":""Polygon"",""coordinates"":[[[30.684380520176166,36.901906946768115],[30.68429874886318,36.90461192781465],[30.680930549137848,36.904546208892555],[30.681012410388306,36.90184121780496],[30.684380520176166,36.901906946768115]]]}"
2_0000000000000000044d,0000000000000000044d,0.0032752996179543966,0.02609336566474188,0.9934799295221812,0.900572196151632,0.09942780384836795,1.0,1.0,1.0,55,BB,0.9430537252821964,5,B,5,B,1,1,0.0,0.04225616244788302,0.0,0.0,1,36.905714951461825,30.81388623226914,50.100055160463036,51.043108885745255,0.9934799295221812,0.900572196151632,20260422_thermal_canonical_v01,SENSOR_2025_L8_ONLY_ALLCLEAR,0.0032447708598642754,0.031078275735743045,1.0,1.0,305234.99220601504,4086644.957576304,"{""type"":""Polygon"",""coordinates"":[[[30.81560630281032,36.904393260318614],[30.815529175250813,36.90709848325394],[30.812166103889403,36.90703659025107],[30.812243321196057,36.904331431217415],[30.81560630281032,36.904393260318614]]]}"
2_0000000000000000046b,0000000000000000046b,0.0208293355197739,0.03051567433665368,0.015569666625961646,0.0428056800935052,0.08527990509917481,1.0,1.0,1.0,11,UU,2.1334153470207373,1,U,1,U,1,1,0.0,0.0,0.01445318633009437,0.0,1,36.90599496008805,30.68593928221531,44.4283455637699,46.561760910790646,0.94914781152417,0.926678645569841,20260422_thermal_canonical_v01,SENSOR_2025_L8_ONLY_ALLCLEAR,0.94914781152417,0.926678645569841,1.0,1.0,293835.01566265494,4086945.023721622,"{""type"":""Polygon"",""coordinates"":[[[30.687661418473784,36.90467743221583],[30.687579912507825,36.90737794367152],[30.684217065234375,36.907312474131736],[30.68429874886318,36.90461192781465],[30.687661418473784,36.90467743221583]]]}"
2_0000000000000000046c,0000000000000000046c,0.002220490336513134,0.0161225014041336,0.027190121865734357,0.0749219562955255,0.09382224757161084,1.0,1.0,1.0,11,UU,2.099190013280087,1,U,1,U,1,1,0.0,0.0,0.004458396283508724,0.009434906978870512,1,36.906060464879474,30.6893048278051,45.2065641458293,47.30575415910937,0.9661309915142436,0.8995206353214704,20260422_thermal_canonical_v01,SENSOR_2025_L8_ONLY_ALLCLEAR,0.9661309915142436,0.8995206353214704,1.0,1.0,294135.08171080984,4086945.0199636323,"{""type"":""Polygon"",""coordinates"":[[[30.691029700441735,36.90474297101537],[30.690948284400772,36.90744347249742],[30.687579912507825,36.90737794367152],[30.687661418473784,36.90467743221583],[30.691029700441735,36.90474297101537]]]}"
2_0000000000000000046d,0000000000000000046d,0.01668614692182893,0.023882211328786,0.016668701917206003,0.044476039286150404,0.07170769150253822,1.0,1.0,1.0,11,UU,3.077631794177627,1,U,1,U,1,1,0.0011121190447115467,0.0022242380894230934,0.011648901836958984,0.0,1,36.9061259224654,30.692670372679487,46.68404352792189,49.76167532209952,0.9538841302792946,0.9294175112956407,20260422_thermal_canonical_v01,SENSOR_2025_L8_ONLY_ALLCLEAR,0.9538841302792946,0.9294175112956407,1.0,1.0,294435.14685534814,4086945.0215601833,"{""type"":""Polygon"",""coordinates"":[[[30.694392364785017,36.90480832070835],[30.694311126391906,36.9075088617224],[30.690948284400772,36.90744347249742],[30.691029700441735,36.90474297101537],[30.694392364785017,36.90480832070835]]]}"
2_0000000000000000046e,0000000000000000046e,0.1172853772659285,0.0833765769380039,0.009436554000723872,0.03222993097012483,0.09610545915986758,1.0,1.0,1.0,11,UU,3.167457677443855,1,U,1,U,1,1,0.0,0.0,0.0038853833709080266,0.0033359352174462857,1,36.90619122242038,30.696033141551535,46.03080693591278,49.19826461335663,0.8693926853624395,0.881057556874425,20260422_thermal_canonical_v01,SENSOR_2025_L8_ONLY_ALLCLEAR,0.8693926853624395,0.881057556874425,1.0,1.0,294734.96350772865,4086945.022233534,"{""type"":""Polygon"",""coordinates"":[[[30.69775511424428,36.904873568139735],[30.697673965762302,36.907574099249395],[30.694311126391906,36.9075088617224],[30.694392364785017,36.90480832070835],[30.69775511424428,36.904873568139735]]]}"
2_00000000000000000491,00000000000000000491,0.00889695235769237,0.0344713291349022,0.9830478167576714,0.9460687682082236,0.06643493885525877,1.0,1.0,1.0,55,BB,0.531870523896547,5,B,5,B,1,1,0.0,0.0,0.0,0.0,1,36.908417938760465,30.813809078803104,50.95892031409334,51.49079083798988,0.9830478167576714,0.9460687682082236,20260422_thermal_canonical_v01,SENSOR_2025_L8_ONLY_ALLCLEAR,0.00805523088463618,0.019459902656874195,1.0,1.0,305234.9928335118,4086945.0230268333,"{""type"":""Polygon"",""coordinates"":[[[30.815529175250813,36.90709848325394],[30.815452135288194,36.9097992751048],[30.812088886534497,36.90973734321119],[30.812166103889403,36.90703659025107],[30.815529175250813,36.90709848325394]]]}"
2_000000000000000004a4,000000000000000004a4,0.011653263088114714,0.05105716728014933,0.017235664567451105,0.021671056992830093,0.08996825009158625,1.0,1.0,1.0,11,UU,2.4789589369168112,1,U,1,U,1,1,0.0,0.0033363571341346395,0.002760671981578074,0.0011121190447115465,1,36.90797057119783,30.648844577004066,46.057836996889726,48.53679593380652,0.968350400362856,0.9228232995481743,20260422_thermal_canonical_v01,SENSOR_2025_L8_ONLY_ALLCLEAR,0.968350400362856,0.9228232995481743,1.0,1.0,290535.05060063256,4087245.086313822,"{""type"":""Polygon"",""coordinates"":[[[30.650567397537355,36.90665140820576],[30.650484463301886,36.90935630378511],[30.64712167533882,36.90928972019856],[30.64720478731814,36.90658478983105],[30.650567397537355,36.90665140820576]]]}"
2_000000000000000004ae,000000000000000004ae,0.023036298170070676,0.04606824247543335,0.012212590505962623,0.03775671474784594,0.09468784966975942,1.0,1.0,1.0,11,UU,1.3426134859074832,1,U,1,U,1,1,0.0,0.0011102355005420566,0.005590362285082356,0.00333070650162617,1,36.90863207926146,30.682491986359587,44.84126821586518,46.18388170177268,0.9591607490388844,0.9117341007745525,20260422_thermal_canonical_v01,SENSOR_2025_L8_ONLY_ALLCLEAR,0.9591607490388844,0.9117341007745525,1.0,1.0,293534.9524308236,4087245.090239986,"{""type"":""Polygon"",""coordinates"":[[[30.684217065234375,36.907312474131736],[30.68413529381472,36.91001741876382],[30.68076682647655,36.9099516704013],[30.680848775573832,36.9072466907219],[30.684217065234375,36.907312474131736]]]}"
2_000000000000000004b2,000000000000000004b2,0.0778036028100348,0.041688288469001945,0.0022239568116308567,0.023900994675585735,0.0850161999991278,1.0,1.0,1.0,11,UU,2.646954042911238,1,U,1,U,1,1,0.02167703786395488,0.05112484246972581,0.00833329699416974,0.0,1,36.9088940011636,30.695951824189443,46.55664375693328,49.203597799844516,0.8899621055202097,0.8832858743856865,20260422_thermal_canonical_v01,SENSOR_2025_L8_ONLY_ALLCLEAR,0.8899621055202097,0.8832858743856865,1.0,1.0,294734.96372201125,4087245.0888285786,"{""type"":""Polygon"",""coordinates"":[[[30.697673965762302,36.907574099249395],[30.697592554043162,36.91027915270188],[30.694229624754477,36.910213850753856],[30.694311126391906,36.9075088617224],[30.697673965762302,36.907574099249395]]]}"
2_000000000000000004d1,000000000000000004d1,0.0,0.006962769431743962,0.0033311561071195316,0.004441541476159375,0.05029392553886351,1.0,1.0,1.0,11,UU,-0.17313814039900394,1,U,1,U,1,1,0.0,0.0,0.027768343130851313,0.02444154147615939,1,36.91087231950825,30.800270565901442,49.37301389425573,49.19987575385671,0.9689005007620293,0.9641541476159373,20260422_thermal_canonical_v01,SENSOR_2025_L8_ONLY_ALLCLEAR,0.9689005007620293,0.9641541476159373,1.0,1.0,304034.97965381015,4087245.088334608,"{""type"":""Polygon"",""coordinates"":[[[30.801993770061685,36.90955090348062],[30.80191610807939,36.91225610734249],[30.798547319274522,36.912193721347045],[30.798625071028614,36.90948850696427],[30.801993770061685,36.90955090348062]]]}"
2_000000000000000004d5,000000000000000004d5,0.0,0.010004710151248182,0.9986174833836331,0.9760959824154354,0.025286534200931545,1.0,1.0,1.0,55,BB,-0.33856374566572256,5,B,5,B,1,1,0.0,0.0,0.0,0.0,1,36.911120927227245,30.813731879499212,50.745013323575456,50.40644957790972,0.9986174833836331,0.9760959824154354,20260422_thermal_canonical_v01,SENSOR_2025_L8_ONLY_ALLCLEAR,0.0013825166163669025,0.01389930743331646,1.0,1.0,305234.9903003485,4087245.088831734,"{""type"":""Polygon"",""coordinates"":[[[30.815452135288194,36.9097992751048],[30.81537491998732,36.91250448631177],[30.81201158148385,36.912442564894725],[30.812088886534497,36.90973734321119],[30.815452135288194,36.9097992751048]]]}"
2_000000000000000004d7,000000000000000004d7,0.012765531323879647,0.013897536147961744,0.021255567504495376,0.00672672097387246,0.021207674992707287,1.0,1.0,1.0,22,FF,-0.5560633170441008,2,F,2,F,1,1,0.9659789011716251,0.9793757428781659,0.0,0.0,1,36.90952670781054,30.59155845744902,42.121279549657224,41.565216232613096,0.9659789011716251,0.9793757428781659,20260422_thermal_canonical_v01,SENSOR_2025_L8_ONLY_ALLCLEAR,0.0,0.0,1.0,1.0,285434.94415581855,4087545.1498170155,"{""type"":""Polygon"",""coordinates"":[[[30.593285020995513,36.90821068891317],[30.593200117478546,36.91091101607016],[30.589831851563655,36.91084271199394],[30.589916845142746,36.9081423752471],[30.593285020995513,36.90821068891317]]]}"
2_000000000000000004f3,000000000000000004f3,0.002224238089423092,0.020846780524396827,0.003336357134134638,0.036089353313678595,0.09695933569422388,1.0,1.0,1.0,11,UU,1.1888736578390462,1,U,1,U,1,1,0.0,0.01112119044711546,0.01611482302042809,0.023908378835720376,1,36.91140044800178,30.685775941746787,44.08476330306821,45.27363696090727,0.9783245817560142,0.9080342968790885,20260422_thermal_canonical_v01,SENSOR_2025_L8_ONLY_ALLCLEAR,0.9783245817560142,0.9080342968790885,1.0,1.0,293835.0174487109,4087545.15356378,"{""type"":""Polygon"",""coordinates"":[[[30.687498231018335,36.910082952768825],[30.68741663721089,36.91278345306596],[30.684053610079363,36.912717928930064],[30.68413529381472,36.91001741876382],[30.687498231018335,36.910082952768825]]]}"
2_000000000000000004f4,000000000000000004f4,0.0022204903365131345,0.019152817628080937,0.0016893142167982277,0.047801496871721,0.07581886023537203,1.0,1.0,1.0,11,UU,1.2046711222720494,1,U,1,U,1,1,0.0,0.0,0.0027821437745723394,0.005551225841282837,1,36.91146598784001,30.68914171282429,44.99778887817329,46.20246000044535,0.9933080516721163,0.9274944596589153,20260422_thermal_canonical_v01,SENSOR_2025_L8_ONLY_ALLCLEAR,0.9933080516721163,0.9274944596589153,1.0,1.0,294135.08252434933,4087545.1522995243,"{""type"":""Polygon"",""coordinates"":[[[30.69086669284109,36.91014847151998],[30.69078527669414,36.912849011256654],[30.68741663721089,36.91278345306596],[30.687498231018335,36.910082952768825],[30.69086669284109,36.91014847151998]]]}"
2_000000000000000004fb,000000000000000004fb,0.05281243322678687,0.04054142446614132,0.030010334858124623,0.03502513943337067,0.09167498833512844,1.0,1.0,1.0,11,UU,1.7859410126888349,1,U,1,U,1,1,0.0,0.0022239568116308567,0.0,0.005559892029077142,1,36.91192208351442,30.71269678717454,46.338849144858294,48.12479015754712,0.9171772319150885,0.91664958725978,20260422_thermal_canonical_v01,SENSOR_2025_L8_ONLY_ALLCLEAR,0.9171772319150885,0.91664958725978,1.0,1.0,296235.0366642379,4087545.153704573,"{""type"":""Polygon"",""coordinates"":[[[30.714418650705884,36.910604201443],[30.714338039339367,36.91330469580701],[30.71097485869461,36.91323998959659],[30.711055647669063,36.910539385819966],[30.714418650705884,36.910604201443]]]}"
2_00000000000000000515,00000000000000000515,0.0,0.0,0.0,0.0033309965557931057,0.020547676793186493,1.0,1.0,1.0,11,UU,2.0578003816558197,1,U,1,U,1,1,0.0,0.0,0.016119410783720364,0.011107676096507467,1,36.91357529451086,30.800192929422657,49.17862049068645,51.23642087234225,0.9838805892162796,0.9855613273476995,20260422_thermal_canonical_v01,SENSOR_2025_L8_ONLY_ALLCLEAR,0.9838805892162796,0.9855613273476995,1.0,1.0,304034.9813757702,4087545.1553938673,"{""type"":""Polygon"",""coordinates"":[[[30.80191610807939,36.91225610734249],[30.801838621357707,36.91495685491383],[30.79846965512865,36.914894430070284],[30.798547319274522,36.912193721347045],[30.80191610807939,36.91225610734249]]]}"
2_00000000000000000524,00000000000000000524,0.037812047520192564,0.03947804546168202,0.0019320342619890782,0.010009071402403915,0.05364338921549811,1.0,1.0,1.0,22,FF,0.4265260762189214,2,F,2,F,1,1,0.9574778012316172,0.9410620518814437,0.0,0.0,1,36.912837532598026,30.62175851606914,41.091806194835634,41.518332271054554,0.9574778012316172,0.9410620518814437,20260422_thermal_canonical_v01,SENSOR_2025_L8_ONLY_ALLCLEAR,0.0027781169862009995,0.009450831254470276,1.0,1.0,288135.0300287467,4087844.9693724914,"{""type"":""Polygon"",""coordinates"":[[[30.623481857785656,36.91152101766369],[30.62339802791511,36.9142213891366],[30.620035131362542,36.914154032389916],[30.620119051249667,36.911453651298814],[30.623481857785656,36.91152101766369]]]}"
2_00000000000000000525,00000000000000000525,0.009791926993760863,0.004436626770405655,0.0030564396396710204,0.0016588368984539299,0.011759890978278386,1.0,1.0,1.0,22,FF,0.5996240234941221,2,F,2,F,1,1,0.9843564278841339,0.9927942911628839,0.0,0.0,1,36.91290489473157,30.62512418338877,41.586875874306,42.18649989780012,0.9843564278841339,0.9927942911628839,20260422_thermal_canonical_v01,SENSOR_2025_L8_ONLY_ALLCLEAR,0.002795205482434181,0.0011102451682565673,1.0,1.0,288435.09400367155,4087844.9688507942,"{""type"":""Polygon"",""coordinates"":[[[30.626850280226684,36.9115883477048],[30.62676654037253,36.91428878390373],[30.62339802791511,36.9142213891366],[30.623481857785656,36.91152101766369],[30.626850280226684,36.9115883477048]]]}"
2_00000000000000000535,00000000000000000535,0.002756106389195364,0.005830560510054116,0.01665002245877832,0.03946639687059817,0.06025493984100055,1.0,1.0,1.0,11,UU,1.737469360113495,1,U,1,U,1,1,0.0,5.53837834537676E-4,0.003889947625256748,0.006672219581438143,1,36.913969534146055,30.67896259003936,44.22289969008091,45.960369050194416,0.9767039235267695,0.9474769852033719,20260422_thermal_canonical_v01,SENSOR_2025_L8_ONLY_ALLCLEAR,0.9767039235267695,0.9474769852033719,1.0,1.0,293234.8892948396,4087844.9681357155,"{""type"":""Polygon"",""coordinates"":[[[30.68068505280573,36.91265211609467],[30.680603191341486,36.91535264319056],[30.677240069117165,36.915286899683174],[30.677322020519675,36.91258643716962],[30.68068505280573,36.91265211609467]]]}"
2_00000000000000000537,00000000000000000537,0.002765033232733805,0.016926015735394158,0.00833871220975873,0.028910733911344466,0.06141077752385601,1.0,1.0,1.0,11,UU,1.1669077679486268,1,U,1,U,1,1,0.0,0.0,0.01055858904802609,0.006114474120335637,1,36.91410094459282,30.685694302991887,44.06371471142454,45.23062247937318,0.9783376655094813,0.9480487762329256,20260422_thermal_canonical_v01,SENSOR_2025_L8_ONLY_ALLCLEAR,0.9783376655094813,0.9480487762329256,1.0,1.0,293835.01655497827,4087844.969251283,"{""type"":""Polygon"",""coordinates"":[[[30.68741663721089,36.91278345306596],[30.687335043350288,36.9154839353301],[30.68397192629076,36.915418421066555],[30.684053610079363,36.912717928930064],[30.68741663721089,36.91278345306596]]]}"
2_00000000000000000559,00000000000000000559,0.0022205773501110305,0.0,0.01141202595027649,0.0,0.023625201375887164,1.0,1.0,1.0,11,UU,1.3924806306964426,1,U,1,U,1,1,0.0,0.0,0.012213175425610666,0.008882309400444122,1,36.91627599490377,30.800115327253316,50.64829439982554,52.04077503052198,0.9741542212740019,0.9911176905995559,20260422_thermal_canonical_v01,SENSOR_2025_L8_ONLY_ALLCLEAR,0.9741542212740019,0.9911176905995559,1.0,1.0,304034.981257388,4087844.9701351128,"{""type"":""Polygon"",""coordinates"":[[[30.801838621357707,36.91495685491383],[30.801761046932747,36.9176575349971],[30.79839199093404,36.91759512058337],[30.79846965512865,36.914894430070284],[30.801838621357707,36.91495685491383]]]}"
2_00000000000000000568,00000000000000000568,0.0,0.0,8.315990212384299E-4,0.0,8.315990212384299E-4,1.0,1.0,1.0,22,FF,0.4623059632438222,2,F,2,F,1,1,0.9991684009787616,1.0,0.0,0.0,1,36.91560751662598,30.62504034651396,40.99527613623326,41.45758209947707,0.9991684009787616,1.0,20260422_thermal_canonical_v01,SENSOR_2025_L8_ONLY_ALLCLEAR,0.0,0.0,1.0,1.0,288435.0943749071,4088145.033581007,"{""type"":""Polygon"",""coordinates"":[[[30.62676654037253,36.91428878390373],[30.62668271268505,36.9169936196668],[30.6233141102088,36.91692623473289],[30.62339802791511,36.9142213891366],[30.62676654037253,36.91428878390373]]]}"
2_00000000000000000579,00000000000000000579,0.02390271724696428,0.043307892250556236,0.013875766824421704,0.024455658064881303,0.09335121320440093,1.0,1.0,1.0,11,UU,1.6852964422644032,1,U,1,U,1,1,0.0,0.00666141300325234,0.012787300647419689,0.006678828462084372,1,36.91673803927673,30.682246605469256,44.41711976975914,46.10241621202355,0.9494342152811944,0.9188962082192258,20260422_thermal_canonical_v01,SENSOR_2025_L8_ONLY_ALLCLEAR,0.9494342152811944,0.9188962082192258,1.0,1.0,293534.9521247628,4088145.035675985,"{""type"":""Polygon"",""coordinates"":[[[30.68397192629076,36.915418421066555],[30.683890066973365,36.91812341042409],[30.680521242083657,36.91805764261076],[30.680603191341486,36.91535264319056],[30.68397192629076,36.915418421066555]]]}"
2_0000000000000000059a,0000000000000000059a,0.04970954067302825,0.01467997139019241,0.9152696125464473,0.984207909565096,0.09440364251696522,1.0,1.0,1.0,55,BB,2.6729079942697225,5,B,5,B,1,1,0.0,0.0,0.0,0.0,1,36.918854042630606,30.793307746172896,53.67730489721594,56.35021289148569,0.9152696125464473,0.984207909565096,20260422_thermal_canonical_v01,SENSOR_2025_L8_ONLY_ALLCLEAR,0.035020846780524376,0.0011121190447115463,1.0,1.0,303435.100758972,4088145.0326896883,"{""type"":""Polygon"",""coordinates"":[[[30.79502845341139,36.917532683764655],[30.794950524078562,36.920237878414056],[30.791586980701585,36.9201753495165],[30.79166499981349,36.917470218826494],[30.79502845341139,36.917532683764655]]]}"
2_000000000000000005a3,000000000000000005a3,0.03217394337944144,0.012445708105845202,0.011926773535209049,0.0033011215963997262,0.02916499502869401,1.0,1.0,1.0,22,FF,-0.8734504860266161,2,F,2,F,1,1,0.9558992830853494,0.9842531702977549,0.0,0.0,1,36.917904477583896,30.60476398900055,41.926688124832374,41.053237638805754,0.9558992830853494,0.9842531702977549,20260422_thermal_canonical_v01,SENSOR_2025_L8_ONLY_ALLCLEAR,0.0,0.0,1.0,1.0,286634.9558575192,4088445.0976309762,"{""type"":""Polygon"",""coordinates"":[[[30.606487746450295,36.91658824614594],[30.606403290754255,36.91928853071092],[30.603040205030922,36.91922073205405],[30.603124750767876,36.91652036347049],[30.606487746450295,36.91658824614594]]]}"
2_000000000000000005a4,000000000000000005a4,0.09776839171801188,0.06418323136879237,0.012505715094380709,0.008935141843199587,0.05422481548409575,1.0,1.0,1.0,22,FF,-0.6846058985398639,2,F,2,F,1,1,0.8869521673815072,0.9263286233698376,0.0,0.0,1,36.91797235054199,30.608129829191835,41.808691624004766,41.1240857254649,0.8869521673815072,0.9263286233698376,20260422_thermal_canonical_v01,SENSOR_2025_L8_ONLY_ALLCLEAR,0.0027737258061004567,5.530034181707347E-4,1.0,1.0,286935.0191709242,4088445.099506435,"{""type"":""Polygon"",""coordinates"":[[[30.609856271176326,36.9166561182803],[30.609771993310474,36.91935644269158],[30.606403290754255,36.91928853071092],[30.606487746450295,36.91658824614594],[30.609856271176326,36.9166561182803]]]}"
2_000000000000000005a6,000000000000000005a6,0.013053224709104541,0.006943111839924633,0.0033363571341346386,0.0011121190447115463,0.027789892364321465,1.0,1.0,1.0,22,FF,0.09933628175705979,2,F,2,F,1,1,0.8918715000959475,0.9124347992952219,0.0,0.0,1,36.91810771827922,30.614858800503868,41.393598029307626,41.49293431106469,0.8918715000959475,0.9124347992952219,20260422_thermal_canonical_v01,SENSOR_2025_L8_ONLY_ALLCLEAR,0.09173891806081325,0.07950996982014197,1.0,1.0,287534.9011727517,4088445.0991187305,"{""type"":""Polygon"",""coordinates"":[[[30.61658234143984,36.916791323049246],[30.616498331416544,36.919491677780776],[30.61313516324849,36.91942406164934],[30.61321935108349,36.91672374682422],[30.61658234143984,36.916791323049246]]]}"
2_000000000000000005a7,000000000000000005a7,0.007767294639086386,0.0,0.0,0.0,0.007767294639086386,1.0,1.0,1.0,22,FF,0.056208128546648875,2,F,2,F,1,1,0.9922327053609136,1.0,0.0,0.0,1,36.91817528486415,30.61822469357126,40.59780599946514,40.654014128011774,0.9922327053609136,1.0,20260422_thermal_canonical_v01,SENSOR_2025_L8_ONLY_ALLCLEAR,0.0,0.0,1.0,1.0,287834.96613447217,4088445.098658019,"{""type"":""Polygon"",""coordinates"":[[[30.619951035854832,36.91685883820474],[30.619867028073536,36.91955928262693],[30.616498331416544,36.919491677780776],[30.61658234143984,36.916791323049246],[30.619951035854832,36.91685883820474]]]}"
2_000000000000000005a8,000000000000000005a8,0.0444802065479539,0.018347703593219144,0.00556057097251115,0.00667268516701338,0.042809854640132906,1.0,1.0,1.0,22,FF,0.38939319430111463,2,F,2,F,1,1,0.9499592224795349,0.9738674970452652,0.0,0.0,1,36.91824274721558,30.621590582816697,40.94810269001512,41.33749588431624,0.9499592224795349,0.9738674970452652,20260422_thermal_canonical_v01,SENSOR_2025_L8_ONLY_ALLCLEAR,0.0,0.00111211419450223,1.0,1.0,288135.0297317407,4088445.0972354054,"{""type"":""Polygon"",""coordinates"":[[[30.6233141102088,36.91692623473289],[30.62323019244666,36.9196265950787],[30.619867028073536,36.91955928262693],[30.619951035854832,36.91685883820474],[30.6233141102088,36.91692623473289]]]}"
2_000000000000000005a9,000000000000000005a9,0.02442550004789315,0.027751896132846874,0.01874798631127057,0.02490007749980409,0.05055773735403482,1.0,1.0,1.0,22,FF,0.9592974713431949,2,F,2,F,1,1,0.9088854831546777,0.9111103370806087,0.0,0.0,1,36.918310133227564,30.624956500479797,40.59231988308332,41.55161735442652,0.9088854831546777,0.9111103370806087,20260422_thermal_canonical_v01,SENSOR_2025_L8_ONLY_ALLCLEAR,0.047941030486158935,0.0362376892867406,1.0,1.0,288435.094915502,4088445.097874347,"{""type"":""Polygon"",""coordinates"":[[[30.62668271268505,36.9169936196668],[30.626598972719616,36.91969401977044],[30.62323019244666,36.9196265950787],[30.6233141102088,36.91692623473289],[30.62668271268505,36.9169936196668]]]}"
2_000000000000000005ac,000000000000000005ac,0.0067049516503324205,0.012778592918003671,0.01334459533004472,0.03945472198396909,0.06616132810289056,1.0,1.0,1.0,11,UU,4.280316794854175,1,U,1,U,1,1,0.0,0.0,0.006657059138544332,0.00333070650162617,1,36.91851166310618,30.635051478879006,49.32117290367738,53.60148969853158,0.9732933938810786,0.9444359785964012,20260422_thermal_canonical_v01,SENSOR_2025_L8_ONLY_ALLCLEAR,0.9732933938810786,0.9444359785964012,1.0,1.0,289335.0371440579,4088445.0997957634,"{""type"":""Polygon"",""coordinates"":[[[30.636777535406008,36.917195004333344],[30.636694153230337,36.919895424823],[30.633325379407662,36.91982830729988],[30.633408851585894,36.91712787703014],[30.636777535406008,36.917195004333344]]]}"
2_000000000000000005ae,000000000000000005ae,0.010264997405406344,0.03360761894794677,0.011093523109326143,0.009968472416635047,0.059409653632649134,1.0,1.0,1.0,11,UU,2.926960166005023,1,U,1,U,1,1,0.0,0.01165604845567169,0.004984236208317523,0.0,1,36.91864548774681,30.641780630117015,47.958399596706144,50.885359762711225,0.9736572432769499,0.9447678601797465,20260422_thermal_canonical_v01,SENSOR_2025_L8_ONLY_ALLCLEAR,0.9736572432769499,0.9447678601797465,1.0,1.0,289934.9191903508,4088445.097208524,"{""type"":""Polygon"",""coordinates"":[[[30.64350383754309,36.917328673209106],[30.64342063535349,36.92002907430045],[30.64005739532278,36.919962325432465],[30.640140687503454,36.91726184019358],[30.64350383754309,36.917328673209106]]]}"
2_000000000000000005cc,000000000000000005cc,0.009895549401426106,0.02350683617174381,0.05001853507490348,0.03825639460084169,0.07841426982707858,1.0,1.0,1.0,11,UU,1.4659636828093707,1,U,1,U,1,1,0.003336313482631543,0.0,0.003336313482631543,0.0022242089884210283,1,36.92060788615315,30.742742499155334,50.26397797975671,51.729941662566084,0.9334132885584072,0.9360125602389933,20260422_thermal_canonical_v01,SENSOR_2025_L8_ONLY_ALLCLEAR,0.9334132885584072,0.9360125602389933,1.0,1.0,298934.87528425996,4088445.098043948,"{""type"":""Polygon"",""coordinates"":[[[30.744464027772967,36.919289558107074],[30.74438448817336,36.921990129686264],[30.741020890012265,36.92192620057593],[30.74110060715607,36.919225593835584],[30.744464027772967,36.919289558107074]]]}"
2_000000000000000005db,000000000000000005db,0.043564537794602495,0.04018020689775482,0.9096217922997748,0.9240531723740905,0.043813129110479195,1.0,1.0,1.0,55,BB,2.222934469308017,5,B,5,B,1,1,0.0,0.0,0.004448476178846185,0.0,1,36.921556970807224,30.793229827093167,53.2012563125339,55.4241907818419,0.9096217922997748,0.9240531723740905,20260422_thermal_canonical_v01,SENSOR_2025_L8_ONLY_ALLCLEAR,0.04236519372677633,0.03576662072815449,1.0,1.0,303435.10112399654,4088445.096392568,"{""type"":""Polygon"",""coordinates"":[[[30.794950524078562,36.920237878414056],[30.794872770015917,36.922938542619924],[30.791509049202524,36.92287604912539],[30.791586980701585,36.9201753495165],[30.794950524078562,36.920237878414056]]]}"
2_000000000000000005e5,000000000000000005e5,0.06249700204515027,0.050867117559076046,0.007221255608900979,0.017220252656733073,0.04442642037649951,1.0,1.0,1.0,22,FF,0.24403695980193868,2,F,2,F,1,1,0.9302817423459487,0.9319126297841909,0.0,0.0,1,36.92074044434401,30.61141142463562,41.83862670815349,42.08266366795539,0.9302817423459487,0.9319126297841909,20260422_thermal_canonical_v01,SENSOR_2025_L8_ONLY_ALLCLEAR,0.0,0.0,1.0,1.0,287235.08342434105,4088744.913325972,"{""type"":""Polygon"",""coordinates"":[[[30.61313516324849,36.91942406164934],[30.613050887570186,36.92212445789555],[30.60968762759887,36.92205677407248],[30.609771993310474,36.91935644269158],[30.61313516324849,36.91942406164934]]]}"
2_000000000000000005e7,000000000000000005e7,0.05056143085409766,0.011677065146877628,0.03170048893900672,0.02503907593575438,0.07776002368502402,1.0,1.0,1.0,22,FF,0.2738685398626025,2,F,2,F,1,1,0.8893726516342231,0.9360068965216973,0.0,0.0,1,36.920875668629364,30.618140652131622,41.14506898690889,41.41893752677151,0.8893726516342231,0.9360068965216973,20260422_thermal_canonical_v01,SENSOR_2025_L8_ONLY_ALLCLEAR,0.028365428572672543,0.027276962395670526,1.0,1.0,287834.9652405294,4088744.916696497,"{""type"":""Polygon"",""coordinates"":[[[30.619867028073536,36.91955928262693],[30.619783020236323,36.9222596346063],[30.61641423355249,36.922192039474396],[30.616498331416544,36.919491677780776],[30.619867028073536,36.91955928262693]]]}"
2_000000000000000005ee,000000000000000005ee,0.05448646668672569,0.041679203568765436,0.006671812247354166,0.013343624494708332,0.05502282806347377,1.0,1.0,1.0,11,UU,3.2065371467937336,1,U,1,U,1,1,0.0,0.018903468034170135,0.002223937415784722,0.004447874831569444,1,36.921345910170785,30.64169744210226,48.03479386002316,51.24133100681689,0.9366177836501354,0.9216258290707866,20260422_thermal_canonical_v01,SENSOR_2025_L8_ONLY_ALLCLEAR,0.9366177836501354,0.9216258290707866,1.0,1.0,289934.9204357471,4088744.914393939,"{""type"":""Polygon"",""coordinates"":[[[30.64342063535349,36.92002907430045],[30.64333752087499,36.922729506833086],[30.639974190855458,36.92266269323855],[30.64005739532278,36.919962325432465],[30.64342063535349,36.92002907430045]]]}"
2_0000000000000000060c,0000000000000000060c,0.013275474825007077,0.010902985237357981,0.0372271527944351,0.04159270808347324,0.039464445365140946,1.0,1.0,1.0,11,UU,1.7267574364923628,1,U,1,U,1,1,0.003336313482631543,0.0,0.0011121044942105141,0.0,1,36.923308485802494,30.74266285916528,50.54835521681169,52.275112653304014,0.9450489544037154,0.9475043066791685,20260422_thermal_canonical_v01,SENSOR_2025_L8_ONLY_ALLCLEAR,0.9450489544037154,0.9475043066791685,1.0,1.0,298934.8759095783,4088744.913670461,"{""type"":""Polygon"",""coordinates"":[[[30.74438448817336,36.921990129686264],[30.74430486082758,36.92469078251479],[30.74094117281742,36.92462678913366],[30.741020890012265,36.92192620057593],[30.74438448817336,36.921990129686264]]]}"
2_0000000000000000062d,0000000000000000062d,0.016675169956785835,0.043336254976605044,0.0,0.004447874831569444,0.05161715135420344,1.0,1.0,1.0,11,UU,3.1131693810955157,1,U,1,U,1,1,0.0,0.003335906123677083,0.003335906123677083,0.003833021546028962,1,36.92404857137959,30.641614169826006,48.80760510242362,51.92077448351916,0.9799889239195371,0.9450469425221195,20260422_thermal_canonical_v01,SENSOR_2025_L8_ONLY_ALLCLEAR,0.9799889239195371,0.9450469425221195,1.0,1.0,289934.92131234845,4089044.98030659,"{""type"":""Polygon"",""coordinates"":[[[30.64333752087499,36.922729506833086],[30.64325423080928,36.92543443729588],[30.63989072302762,36.92536758404943],[30.639974190855458,36.92266269323855],[30.64333752087499,36.922729506833086]]]}"
2_0000000000000000065e,0000000000000000065e,0.021583831969715462,0.011888770650524214,2.660363204996248E-4,0.022804982293320297,0.03722327861416881,1.0,1.0,1.0,22,FF,0.685235086714841,2,F,2,F,1,1,0.9781501317097848,0.959497060516721,0.0,2.7912007396681943E-4,1,36.92721007941982,30.806535306535377,41.43028801684013,42.115523103555006,0.9781501317097848,0.959497060516721,20260422_thermal_canonical_v01,SENSOR_2025_L8_ONLY_ALLCLEAR,0.0,0.00553006646546761,1.0,1.0,304634.86369359423,4089044.979222061,"{""type"":""Polygon"",""coordinates"":[[[30.808256005314366,36.9258885489019],[30.808178522565633,36.92859376982067],[30.80481454993389,36.92853155785625],[30.80489212244353,36.92582640081301],[30.808256005314366,36.9258885489019]]]}"
2_00000000000000000662,00000000000000000662,0.015005036564147506,0.006667451585754588,0.046693964408280005,0.02223501349624764,0.057251126140858075,1.0,1.0,1.0,22,FF,-0.0785886624833149,2,F,2,F,1,1,0.901074030951976,0.9405380184281559,0.0,0.0,1,36.92614564559376,30.611242706416135,42.98527721223363,42.90668854975031,0.901074030951976,0.9405380184281559,20260422_thermal_canonical_v01,SENSOR_2025_L8_ONLY_ALLCLEAR,0.03722696807559642,0.03055951648984183,1.0,1.0,287235.0826540046,4089345.0450399946,"{""type"":""Polygon"",""coordinates"":[[[30.61296652404838,36.92482932805344],[30.612882336044866,36.92752966317405],[30.60951880821703,36.92746194914216],[30.60960317404135,36.924761579473774],[30.61296652404838,36.92482932805344]]]}"
2_00000000000000000663,00000000000000000663,0.022190045880362146,0.021657973239362898,0.03494670551087694,0.025979973134692858,0.04098703836156514,1.0,1.0,1.0,22,FF,0.9569981703805522,2,F,2,F,1,1,0.8989585332240112,0.9201280463339322,0.0,0.0,1,36.92621327081751,30.614606177327676,42.03868497229317,42.99568314267367,0.8989585332240112,0.9201280463339322,20260422_thermal_canonical_v01,SENSOR_2025_L8_ONLY_ALLCLEAR,0.04390471538474956,0.03223400729201193,1.0,1.0,287534.9010000072,4089345.044494125,"{""type"":""Polygon"",""coordinates"":[[[30.61632996006258,36.924896825476964],[30.616245862086373,36.927597225432],[30.612882336044866,36.92752966317405],[30.61296652404838,36.92482932805344],[30.61632996006258,36.924896825476964]]]}"
2_0000000000000000066e,0000000000000000066e,0.02652076827800357,0.014928562706069109,0.8730265338520312,0.9084355319854158,0.07590757636550773,1.0,1.0,1.0,55,BB,0.31722851281192255,5,B,5,B,1,1,0.09266786455698407,0.07329954817438022,0.0033363571341346386,0.0033363571341346386,1,36.926951339399345,30.651627125237322,50.632906578749996,50.95013509156187,0.8730265338520312,0.9084355319854158,20260422_thermal_canonical_v01,SENSOR_2025_L8_ONLY_ALLCLEAR,0.004448476178846185,0.0,1.0,1.0,290834.8666661364,4089345.0423014117,"{""type"":""Polygon"",""coordinates"":[[[30.653350357934112,36.925634348460406],[30.653267513293155,36.92833478980735],[30.649903834360877,36.92826827795788],[30.649986768979197,36.92556790128044],[30.653350357934112,36.925634348460406]]]}"
2_000000000000000006aa,000000000000000006aa,0.019455541405718466,0.024401200216318055,0.011116829195959733,0.0166817856706732,0.03496415051549988,1.0,1.0,1.0,22,FF,-0.32923018911864327,2,F,2,F,1,1,0.8688266489890619,0.8699344067826178,0.0011121190447115465,0.002224238089423093,1,36.92958518128599,30.648180554230468,46.026611031885615,45.69738084276696,0.8688266489890619,0.8699344067826178,20260422_thermal_canonical_v01,SENSOR_2025_L8_ONLY_ALLCLEAR,0.09948886136454824,0.08675836924096784,1.0,1.0,290535.0501325752,4089644.858763176,"{""type"":""Polygon"",""coordinates"":[[[30.649903834360877,36.92826827795788],[30.649820899687867,36.93096871096258],[30.646457216347596,36.930902032104434],[30.646540241001937,36.92820166377557],[30.649903834360877,36.92826827795788]]]}"
2_000000000000000006ad,000000000000000006ad,0.027746889758114096,0.023612982561714256,0.05938348966305165,0.06715854929509903,0.0836113255103064,1.0,1.0,1.0,22,FF,-0.15215680752150215,2,F,2,F,1,1,0.9128696205788341,0.9025697378806311,0.0,0.0,1,36.9297847797773,30.658277243456595,45.00944373330682,44.857286925785345,0.9128696205788341,0.9025697378806311,20260422_thermal_canonical_v01,SENSOR_2025_L8_ONLY_ALLCLEAR,0.0,0.006658730262555432,1.0,1.0,291434.9972657905,4089644.859494724,"{""type"":""Polygon"",""coordinates"":[[[30.660000392975043,36.928467719066425],[30.65991781598083,36.9311681720768],[30.65655405171799,36.93110182495432],[30.656636718679454,36.92840136215038],[30.660000392975043,36.928467719066425]]]}"
2_000000000000000006bb,000000000000000006bb,0.0022242380894230925,0.008774837325331887,0.0394039041920346,0.06001517715402192,0.07158993772133347,1.0,1.0,1.0,11,UU,1.5496319141825379,1,U,1,U,1,1,0.0,0.0,0.0,0.0,1,36.93070492181413,30.70539819752893,46.10001605636218,47.6496479705447,0.9583718577185423,0.9312099855206462,20260422_thermal_canonical_v01,SENSOR_2025_L8_ONLY_ALLCLEAR,0.9583718577185423,0.9312099855206462,1.0,1.0,295634.9079022333,4089644.861201425,"{""type"":""Polygon"",""coordinates"":[[[30.707120611294993,36.929387153325166],[30.707039644333328,36.93208766496846],[30.703675740908075,36.932022675681885],[30.703756797772364,36.92932215406001],[30.707120611294993,36.929387153325166]]]}"
2_000000000000000006e6,000000000000000006e6,0.012761288581019607,0.006657117106918791,0.007771716177795973,0.020554774271918652,0.03221017158730231,1.0,1.0,1.0,11,UU,3.1779799586649564,1,U,1,U,1,1,0.0,0.0,0.006661471009539405,0.0,1,36.93222111047677,30.644730924333892,49.210341756295264,52.3883217149602,0.972805524231645,0.9727881086211626,20260422_thermal_canonical_v01,SENSOR_2025_L8_ONLY_ALLCLEAR,0.972805524231645,0.9727881086211626,1.0,1.0,290234.9882512881,4089944.925195335,"{""type"":""Polygon"",""coordinates"":[[[30.646457216347596,36.930902032104434],[30.646374016110492,36.93360697216369],[30.64300453581418,36.93354013723359],[30.64308791381138,36.93083523668864],[30.646457216347596,36.930902032104434]]]}"
2_000000000000000006e7,000000000000000006e7,0.03391308898696857,0.03391308898696857,0.003331995882978908,0.018343422361006917,0.04280131884234948,1.0,1.0,1.0,11,UU,2.098524747527873,1,U,1,U,1,1,0.08804929958306437,0.09360553355546639,0.005560595223557733,0.0,1,36.93228784860872,30.648097498116048,49.22620248525555,51.324727232783424,0.8691450203234303,0.8541379550965581,20260422_thermal_canonical_v01,SENSOR_2025_L8_ONLY_ALLCLEAR,0.8691450203234303,0.8541379550965581,1.0,1.0,290535.05208608165,4089944.9243447552,"{""type"":""Polygon"",""coordinates"":[[[30.649820899687867,36.93096871096258],[30.64973787719854,36.93367361618858],[30.646374016110492,36.93360697216369],[30.646457216347596,36.930902032104434],[30.649820899687867,36.93096871096258]]]}"
2_000000000000000006f8,000000000000000006f8,0.007784833312980823,0.014457547581250101,0.03166268339061109,0.05363902796434239,0.07863771958899565,1.0,1.0,1.0,11,UU,1.6126180461049355,1,U,1,U,1,1,0.0,0.0,0.0,0.0011121190447115463,1,36.93340769251363,30.705317149240066,46.40380531938617,48.01642336549113,0.9605524832964081,0.9307913054096959,20260422_thermal_canonical_v01,SENSOR_2025_L8_ONLY_ALLCLEAR,0.9605524832964081,0.9307913054096959,1.0,1.0,295634.9090373492,4089944.926146878,"{""type"":""Polygon"",""coordinates"":[[[30.707039644333328,36.93208766496846],[30.7069585895976,36.93479272143223],[30.703594596267273,36.934727667834345],[30.703675740908075,36.932022675681885],[30.707039644333328,36.93208766496846]]]}"
